Workbook

Sheet 套利产品
A1: 序号 | B1: 产品ID | C1: 产品名称 | D1: 类型 | E1: 统一策略类型 | F1: 是否套利策略 | G1: 策略判定来源 | H1: 火富牛策略路径 | I1: 当前净值 | J1: 净值日期 | K1: 净值来源 | L1: 成立日期 | M1: 成立以来收益 | N1: 今年以来收益 | O1: 成立以来年化 | P1: 成立以来最大回撤 | Q1: 成立以来夏普 | R1: 备案编号 | S1: 私募管理人 | T1: 历史净值行数 | U1: 历史起始 | V1: 历史截止 | W1: 末条复权净值 | X1: 跟踪来源 | Y1: 上海分公司策略分类 | Z1: 傲创二级策略 | AA1: 上海来源日期 | AB1: 傲创来源日期 | AC1: 指标来源 | AD1: 数据状态 | AE1: 来源URL | AF1: 是否上架
A2: 1 | B2: 8e641c904118560b | C2: 爱凡哲九号 | D2: 私募 | E2: 套利策略—期货套利 | F2: 是 | G2: 火富牛策略分类 | H2: 套利策略 /期货套利 | I2: 1.057 | J2: 46262 | K2: 火富牛产品详情页 | L2: 43710 | M2: 0.9919 | N2: 0.0907 | O2: 0.1419 | P2: 0.0256 | Q2: 3.6496 | R2: SJA112 | S2: 爱凡哲投资 | T2: 364 | U2: 43710 | V2: 46262 | W2: 1.9919444 | X2: 傲创提供名单 | Z2: 期货套利策略 | AB2: 46269 | AC2: 火富牛完整区间指标；历史净值复算 | AD2: 完整 | AE2: https://mp.fof99.com/fund/view/8e641c904118560b | AF2: 未确认
A3: 2 | B3: b03271229e00ba58 | C3: 滨风风云瑞丰1号 | D3: 私募 | E3: 管理期货—量化CTA | F3: 是 | G3: 火富牛策略分类；策略精选跟踪周报 | H3: 期货策略 /量化期货 /混合均衡 | I3: 2.2816 | J3: 46262 | K3: 火富牛产品详情页 | L3: 44897 | M3: 1.2816 | N3: 0.11417131 | O3: 0.3426989 | P3: 0.13061536 | Q3: 1.9499124 | R3: SXL267 | S3: 鹰潭滨风投资 | T3: 682 | U3: 44897 | V3: 46262 | W3: 2.2816 | X3: 策略精选跟踪周报 | Y3: 套利策略｜商品+股指套利 | AA3: 46262 | AC3: 火富牛成立以来指标；历史净值复核/复算 | AD3: 完整 | AE3: https://mp.fof99.com/fund/view/b03271229e00ba58 | AF3: 未确认
A4: 3 | B4: 9b20523c2bad1cdc | C4: 博牛转债策略2号 | D4: 私募 | E4: 套利策略—可转债套利 | F4: 是 | G4: 火富牛策略分类 | H4: 套利策略 /可转债套利 | I4: 1.2143 | J4: 46262 | K4: 火富牛产品详情页 | L4: 44788 | M4: 0.2153 | N4: -0.0099 | O4: 0.0535 | P4: 0.045 | Q4: 1.0017 | R4: SVY871 | S4: 广州博牛 | T4: 205 | U4: 44792 | V4: 46262 | W4: 1.2143 | X4: 傲创提供名单 | Z4: 期权套利策略 | AB4: 46269 | AC4: 火富牛成立以来指标 | AD4: 完整 | AE4: https://mp.fof99.com/fund/view/9b20523c2bad1cdc | AF4: 未确认
A5: 4 | B5: 783b8a029943d82b | C5: 博润小牛3号 | D5: 私募 | E5: 套利策略—基金套利 | F5: 是 | G5: 火富牛策略分类 | H5: 套利策略 /基金套利 /ETF套利 | I5: 1.0813 | J5: 46262 | K5: 火富牛产品详情页 | L5: 44624 | M5: 0.8262 | N5: 0.1377 | O5: 0.1841 | P5: 0.0257 | Q5: 2.3147 | R5: STV728 | S5: 北京博润银泰投资 | T5: 256 | U5: 44624 | V5: 46262 | W5: 1.8261898 | X5: 傲创提供名单 | Z5: 基金套利策略 | AB5: 46269 | AC5: 火富牛完整区间指标；历史净值复算 | AD5: 完整 | AE5: https://mp.fof99.com/fund/view/783b8a029943d82b | AF5: 未确认
A6: 5 | B6: 66f7dd55b7f90b97 | C6: 博润易量稳健1号 | D6: 私募 | E6: 套利策略—期货套利 | F6: 是 | G6: 火富牛策略分类 | H6: 套利策略 /期货套利 | I6: 1.0631 | J6: 46262 | K6: 火富牛产品详情页 | L6: 44895 | M6: 0.1692 | N6: 0.058 | O6: 0.0452 | P6: 0.0366 | Q6: 0.5618 | R6: SXL913 | S6: 北京博润银泰投资 | T6: 212 | U6: 44895 | V6: 46262 | W6: 1.169152 | X6: 上海分公司白名单 | Y6: 期货套利（混合套利）；期货套利（跨期套利）；量化期货（中高频&另类） | AA6: 46262 | AC6: 火富牛完整区间指标；历史净值复算 | AD6: 完整 | AE6: https://mp.fof99.com/fund/view/66f7dd55b7f90b97 | AF6: 未确认
A7: 6 | B7: 068bcb639f441262 | C7: 博弈树金选套利2号 | D7: 私募 | E7: 套利策略—期货套利 | F7: 是 | G7: 火富牛策略分类 | H7: 套利策略 /期货套利 | I7: 1.568 | J7: 46262 | K7: 火富牛产品详情页 | L7: 44867 | M7: 0.568 | N7: 0.166 | O7: 0.1486 | P7: 0.041 | Q7: 2.0619 | R7: SXR086 | S7: 广东丰煜 | T7: 349 | U7: 44867 | V7: 46262 | W7: 1.568 | X7: 傲创提供名单 | Z7: 期货套利策略 | AB7: 46269 | AC7: 火富牛完整区间指标；历史净值复算 | AD7: 完整 | AE7: https://mp.fof99.com/fund/view/068bcb639f441262 | AF7: 未确认
A8: 7 | B8: 11dff1146ece63b4 | C8: 常行7号 | D8: 私募 | E8: 套利策略—期货套利 | F8: 是 | G8: 火富牛策略分类；策略精选跟踪周报 | H8: 套利策略 /期货套利 /跨期套利；套利策略 /期货套利 /股指套利 | I8: 1.2709 | J8: 46262 | K8: 火富牛产品详情页 | L8: 44288 | M8: 0.396483 | N8: 0.046956091 | O8: 0.073311193 | P8: 0.011492093 | Q8: 3.1944242 | R8: SQH214 | S8: 江苏常行投资 | T8: 277 | U8: 44288 | V8: 46262 | W8: 1.396483 | X8: 策略精选跟踪周报 | Y8: 高频策略｜股指高频-跨期 | AA8: 46262 | AC8: 火富牛成立以来指标；历史净值复核/复算 | AD8: 完整 | AE8: https://mp.fof99.com/fund/view/11dff1146ece63b4 | AF8: 未确认
A9: 8 | B9: dfc323b7729ef01d | C9: 辰元稳健2号 | D9: 私募 | E9: 套利策略—混合套利 | F9: 是 | G9: 火富牛策略分类 | H9: 套利策略 /混合套利 | I9: 1.2726 | J9: 46262 | K9: 火富牛产品详情页 | L9: 44967 | M9: 0.2726 | N9: 0.0218 | O9: 0.0768 | P9: 0.0062 | Q9: 3.8037 | R9: SZJ724 | S9: 广东辰元 | T9: 183 | U9: 44967 | V9: 46262 | W9: 1.2726 | X9: 上海分公司白名单；傲创提供名单 | Y9: 主观期货（农产） | AA9: 46262 | AB9: 46274 | AC9: 火富牛完整区间指标；历史净值复算 | AD9: 完整 | AE9: https://mp.fof99.com/fund/view/dfc323b7729ef01d | AF9: 未确认
A10: 9 | B10: 3712ae883b81c7b6 | C10: 辰元优选稳健 | D10: 私募 | E10: 套利策略—混合套利 | F10: 是 | G10: 火富牛策略分类；策略精选跟踪周报 | H10: 套利策略 /混合套利 | I10: 1.2807 | J10: 46262 | K10: 火富牛产品详情页 | L10: 44966 | M10: 0.2807 | N10: 0.024068447 | O10: 0.07905517 | P10: 0.0042157858 | Q10: 3.951309 | R10: SZH690 | S10: 广东辰元 | T10: 185 | U10: 44966 | V10: 46262 | W10: 1.2807 | X10: 策略精选跟踪周报；傲创提供名单 | Y10: 套利策略｜ETF套利 | AA10: 46262 | AB10: 46274 | AC10: 火富牛成立以来指标；历史净值复核/复算 | AD10: 完整 | AE10: https://mp.fof99.com/fund/view/3712ae883b81c7b6 | AF10: 未确认
A11: 10 | B11: f56d280c5131a6c9 | C11: 晨翰11号 | D11: 私募 | E11: 套利策略—期货套利 | F11: 是 | G11: 火富牛策略分类 | H11: 套利策略 /期货套利 /跨品种套利 | I11: 1.1796 | J11: 46268 | K11: 火富牛产品详情页 | L11: 44722 | M11: 0.2902 | N11: 0.0355 | O11: 0.0685 | P11: 0.0356 | Q11: 1.2612 | R11: SVT598 | S11: 晋江晨翰 | T11: 1030 | U11: 44722 | V11: 46268 | W11: 1.2902465 | X11: 上海分公司白名单 | Y11: 主观期货（交易型） | AA11: 46262 | AC11: 火富牛完整区间指标；历史净值复算 | AD11: 完整 | AE11: https://mp.fof99.com/fund/view/f56d280c5131a6c9 | AF11: 未确认
A12: 11 | B12: 99bf55b582e27685 | C12: 晨翰6号 | D12: 私募 | E12: 套利策略—期货套利 | F12: 是 | G12: 火富牛策略分类 | H12: 套利策略 /期货套利 | I12: 1.1633 | J12: 46265 | K12: 火富牛产品详情页 | L12: 44575 | M12: 0.5046 | N12: 0.0734 | O12: 0.109 | P12: 0.0503 | Q12: 1.6952 | R12: STS460 | S12: 晋江晨翰 | T12: 263 | U12: 44575 | V12: 46265 | W12: 1.5045599 | X12: 上海分公司白名单 | Y12: 主观期货（交易型） | AA12: 46262 | AC12: 火富牛完整区间指标；历史净值复算 | AD12: 完整 | AE12: https://mp.fof99.com/fund/view/99bf55b582e27685 | AF12: 未确认
A13: 12 | B13: fbf1de225e3e65af | C13: 刀锋期权套利 | D13: 私募 | E13: 期权策略 | F13: 是 | G13: 火富牛策略分类 | H13: 期权策略 /场内期权 /定价卖波 | I13: 1.059 | J13: 46262 | K13: 火富牛产品详情页 | L13: 43627 | M13: 0.3238 | N13: 0.059 | O13: 0.1126 | P13: 0.1121 | Q13: 0.8646 | R13: SGR366 | S13: 深圳刀锋 | T13: 150 | U13: 45212 | V13: 46262 | W13: 1.2075471 | X13: 上海分公司白名单 | Y13: 商品卖波 | AA13: 46262 | AC13: 火富牛成立以来指标 | AD13: 完整 | AE13: https://mp.fof99.com/fund/view/fbf1de225e3e65af | AF13: 未确认
A14: 13 | B14: d7eeaf632af20fa7 | C14: 东方富银命运1号 | D14: 私募 | E14: 套利策略—可转债套利 | F14: 是 | G14: 火富牛策略分类 | H14: 套利策略 /可转债套利 | I14: 1.2518 | J14: 46262 | K14: 火富牛产品详情页 | L14: 43334 | M14: 0.7366 | N14: 0.0248 | O14: 0.0918 | P14: 0.0922 | Q14: 1.2442 | R14: SEG244 | S14: 深圳东方富银投资 | T14: 443 | U14: 43334 | V14: 46262 | W14: 1.736588 | X14: 傲创提供名单 | Z14: 可转债套利策略 | AB14: 46269 | AC14: 火富牛完整区间指标；历史净值复算 | AD14: 完整 | AE14: https://mp.fof99.com/fund/view/d7eeaf632af20fa7 | AF14: 未确认
A15: 14 | B15: baa4ff727568ddb3 | C15: 东源投资丰源5号 | D15: 私募 | E15: 套利策略—期权套利 | F15: 是 | G15: 火富牛策略分类 | H15: 套利策略 /期权套利 | I15: 1.0824 | J15: 46267 | K15: 产品详情页 | L15: 46017 | M15: 0.0839 | O15: 0.1326 | P15: 0.0043 | Q15: 4.2438 | R15: SBMG09 | S15: 天津东源投资 | T15: 151 | U15: 46036 | V15: 46267 | W15: 1.0824 | X15: 火富牛组合 | AC15: 火富牛产品详情页 | AD15: 完整 | AE15: https://mp.fof99.com/fund/view/baa4ff727568ddb3 | AF15: 未确认
A16: 15 | B16: dc199b33f4fce442 | C16: 东源投资乐源1号 | D16: 私募 | E16: 套利策略—期权套利 | F16: 是 | G16: 火富牛策略分类 | H16: 套利策略 /期权套利 | I16: 1.0855 | J16: 46267 | K16: 产品详情页 | L16: 46066 | M16: 0.0855 | N16: 0.0855 | O16: 0.1553 | P16: 0.0072 | Q16: 4.4259 | R16: SBRX68 | S16: 天津东源投资 | T16: 133 | U16: 46066 | V16: 46267 | W16: 1.0855 | X16: 火富牛组合；策略精选跟踪周报 | Y16: 期权策略｜金融期权套利为主 | AA16: 46262 | AC16: 火富牛产品详情页 | AD16: 完整 | AE16: https://mp.fof99.com/fund/view/dc199b33f4fce442 | AF16: 未确认
A17: 16 | B17: 572bc921ce9d2893 | C17: 放牛人5号 | D17: 私募 | E17: 套利策略—期货套利 | F17: 是 | G17: 火富牛策略分类 | H17: 套利策略 /期货套利 | I17: 1.0971 | J17: 46262 | K17: 火富牛产品详情页 | L17: 44729 | M17: 0.3343 | N17: 0.0682 | O17: 0.0796 | P17: 0.0033 | Q17: 3.4068 | R17: SVH487 | S17: 上海放牛人 | T17: 231 | U17: 44729 | V17: 46262 | W17: 1.3343076 | X17: 傲创提供名单 | Z17: 期货套利策略 | AB17: 46269 | AC17: 火富牛完整区间指标；历史净值复算 | AD17: 完整 | AE17: https://mp.fof99.com/fund/view/572bc921ce9d2893 | AF17: 未确认
A18: 17 | B18: bf37a6579525f8b3 | C18: 广联宏丰利1号 | D18: 私募 | E18: 套利策略—期货套利 | F18: 是 | G18: 火富牛策略分类 | H18: 套利策略 /期货套利 /商品套利 | I18: 2.004 | J18: 46268 | K18: 火富牛产品详情页 | L18: 45322 | M18: 1.004 | N18: 0.3317 | O18: 0.3874 | P18: 0.145 | Q18: 2.611 | R18: SAGN89 | S18: 海南广联宏 | T18: 627 | U18: 45322 | V18: 46268 | W18: 2.004 | X18: 傲创提供名单 | Z18: 期货套利策略 | AB18: 46269 | AC18: 火富牛完整区间指标；历史净值复算 | AD18: 完整 | AE18: https://mp.fof99.com/fund/view/bf37a6579525f8b3 | AF18: 未确认
A19: 18 | B19: c5b9a0c28942bf05 | C19: 广联宏稳健2号 | D19: 私募 | E19: 套利策略—期货套利 | F19: 是 | G19: 火富牛策略分类 | H19: 套利策略 /期货套利 /商品套利 | I19: 1.1011 | J19: 46268 | K19: 火富牛产品详情页 | L19: 45705 | M19: 0.3087 | N19: 0.1732 | O19: 0.2001 | P19: 0.0351 | Q19: 2.833 | R19: SATV20 | S19: 海南广联宏 | T19: 380 | U19: 45705 | V19: 46268 | W19: 1.3086574 | X19: 傲创提供名单 | Z19: 期货套利策略 | AB19: 46269 | AC19: 火富牛完整区间指标；历史净值复算 | AD19: 完整 | AE19: https://mp.fof99.com/fund/view/c5b9a0c28942bf05 | AF19: 未确认
A20: 19 | B20: e556f77ef201098a | C20: 杭州探融-锦鲤智能量化3号 | D20: 私募 | E20: 套利策略—可转债套利 | F20: 是 | G20: 火富牛策略分类 | H20: 套利策略 /可转债套利 | I20: 1.2817 | J20: 46262 | K20: 火富牛产品详情页 | L20: 44305 | M20: 0.2817 | N20: 0.0102 | O20: 0.0525 | P20: 0.0184 | Q20: 1.3007 | R20: SQC001 | S20: 杭州探融投资 | T20: 499 | U20: 44305 | V20: 46262 | W20: 1.2817 | X20: 傲创提供名单 | Z20: 期权套利策略 | AB20: 46269 | AC20: 火富牛完整区间指标；历史净值复算 | AD20: 完整 | AE20: https://mp.fof99.com/fund/view/e556f77ef201098a | AF20: 未确认
A21: 20 | B21: 5a95543cf10b3b66 | C21: 汇艾稳健3号 | D21: 私募 | E21: 套利策略—期货套利 | F21: 是 | G21: 火富牛策略分类 | H21: 套利策略 /期货套利 | I21: 2.018 | J21: 46262 | K21: 火富牛产品详情页 | L21: 42772 | M21: 1.696 | N21: 0.0621 | O21: 0.1774 | P21: 0.0516 | Q21: 2.4407 | R21: SR8584 | S21: 上海汇艾资管 | T21: 714 | U21: 42772 | V21: 46262 | W21: 2.6959568 | X21: 傲创提供名单 | Z21: 期货套利策略 | AB21: 46269 | AC21: 火富牛完整区间指标；历史净值复算 | AD21: 完整 | AE21: https://mp.fof99.com/fund/view/5a95543cf10b3b66 | AF21: 未确认
A22: 21 | B22: 3f5108a89aafc6d8 | C22: 惠隆金选套利1号 | D22: 私募 | E22: 套利策略—期货套利 | F22: 是 | G22: 火富牛策略分类 | H22: 套利策略 /期货套利 | I22: 1.133 | J22: 46262 | K22: 火富牛产品详情页 | L22: 44462 | M22: 0.9561 | N22: 0.0873 | O22: 0.1939 | P22: 0.0046 | Q22: 7.1254 | R22: SQG026 | S22: 北京惠隆资管 | T22: 285 | U22: 44462 | V22: 46262 | W22: 1.9560591 | X22: 傲创提供名单 | Z22: 期货套利策略 | AB22: 46269 | AC22: 火富牛完整区间指标；历史净值复算 | AD22: 完整 | AE22: https://mp.fof99.com/fund/view/3f5108a89aafc6d8 | AF22: 未确认
A23: 23 | B23: 441eaddd701f4a97 | C23: 佳泽信享5号A类 | D23: 私募 | E23: 套利策略—期货套利 | F23: 是 | G23: 火富牛策略分类 | H23: 套利策略 /期货套利 /股指套利 | I23: 1.1991 | J23: 46265 | K23: 火富牛产品详情页 | L23: 44936 | M23: 0.1991 | N23: 0.0612 | O23: 0.0547 | P23: 0.0244 | Q23: 1.2051 | R23: ZC395A | S23: 海南佳泽 | T23: 175 | U23: 44936 | V23: 46265 | W23: 1.1991 | X23: 傲创提供名单 | Z23: 期货套利策略 | AB23: 46269 | AC23: 火富牛完整区间指标；历史净值复算 | AD23: 完整 | AE23: https://mp.fof99.com/fund/view/441eaddd701f4a97 | AF23: 未确认
A24: 24 | B24: d8c5ba292c0e7653 | C24: 嘉和传承精研二期 | D24: 私募 | E24: 套利策略—期货套利 | F24: 是 | G24: 火富牛策略分类 | H24: 套利策略 /期货套利 /跨期套利；套利策略 /期货套利 /商品套利 | I24: 1.2185 | J24: 46265 | K24: 火富牛产品详情页 | L24: 44537 | M24: 0.5397 | N24: 0.0485 | O24: 0.114 | P24: 0.0894 | Q24: 1.3249 | R24: STD929 | S24: 上海嘉和传承 | T24: 268 | U24: 44537 | V24: 46265 | W24: 1.5396599 | X24: 上海分公司白名单 | Y24: 期货套利（混合套利）；期货套利（跨期套利） | AA24: 46262 | AC24: 火富牛完整区间指标；历史净值复算 | AD24: 完整 | AE24: https://mp.fof99.com/fund/view/d8c5ba292c0e7653 | AF24: 未确认
A25: 25 | B25: 735dc9bdc1713fc1 | C25: 阶石稳健1号 | D25: 私募 | E25: 套利策略—基金套利 | F25: 是 | G25: 火富牛策略分类 | H25: 套利策略 /基金套利 /ETF套利 | I25: 1.2007 | J25: 46206 | K25: 火富牛产品详情页 | L25: 45694 | M25: 0.2007 | N25: 0.1145 | O25: 0.1434 | P25: 0.0026 | Q25: 3.749 | R25: SATE65 | S25: 深圳阶石 | T25: 88 | U25: 45694 | V25: 46265 | W25: 1.3824 | X25: 傲创提供名单 | Z25: 基金套利策略 | AB25: 46269 | AC25: 火富牛成立以来指标 | AD25: 完整 | AE25: https://mp.fof99.com/fund/view/735dc9bdc1713fc1 | AF25: 未确认
A26: 26 | B26: a1580a40d8b17419 | C26: 阶石稳健7号 | D26: 私募 | E26: 套利策略—基金套利 | F26: 是 | G26: 火富牛策略分类；策略精选跟踪周报 | H26: 套利策略 /基金套利 /ETF套利 | I26: 1.1367 | J26: 46262 | K26: 火富牛产品详情页 | L26: 45749 | M26: 0.13658634 | N26: 0.091511427 | O26: 0.097371122 | P26: 0.0057289609 | Q26: 2.6204774 | R26: SAWS84 | S26: 深圳阶石 | T26: 76 | U26: 45750 | V26: 46262 | W26: 1.1367 | X26: 策略精选跟踪周报 | Y26: 套利策略｜ETF套利 | AA26: 46262 | AC26: 火富牛成立以来指标；历史净值复核/复算 | AD26: 完整 | AE26: https://mp.fof99.com/fund/view/a1580a40d8b17419 | AF26: 未确认
A27: 27 | B27: 4bda29597d3247b9 | C27: 阶石稳健9号 | D27: 私募 | E27: 套利策略—基金套利 | F27: 是 | G27: 火富牛策略分类 | H27: 套利策略 /基金套利 /ETF套利 | I27: 1.0252 | J27: 46265 | K27: 火富牛产品详情页 | L27: 45818 | M27: 0.1099 | N27: 0.0764 | O27: 0.0899 | P27: 0.0042 | Q27: 2.5823 | R27: SAZW60 | S27: 深圳阶石 | T27: 74 | U27: 45819 | V27: 46265 | W27: 1.1098815 | X27: 傲创提供名单 | Z27: 基金套利策略 | AB27: 46269 | AC27: 火富牛完整区间指标；历史净值复算 | AD27: 完整 | AE27: https://mp.fof99.com/fund/view/4bda29597d3247b9 | AF27: 未确认
A28: 28 | B28: a0e2d40b33d92ad4 | C28: 金锝牵星1号C类 | D28: 私募 | E28: 套利策略—期权套利 | F28: 是 | G28: 火富牛策略分类 | H28: 套利策略 /期权套利 | I28: 1.1126 | J28: 46265 | K28: 产品详情页 | L28: 45652 | M28: 0.1126 | N28: 0.0413 | O28: 0.067 | P28: 0.0678 | Q28: 0.5408 | R28: ASB89C | S28: 上海金锝资管 | T28: 95 | U28: 45652 | V28: 46265 | W28: 1.1126 | X28: 火富牛组合 | AC28: 火富牛产品详情页 | AD28: 完整 | AE28: https://mp.fof99.com/fund/view/a0e2d40b33d92ad4 | AF28: 未确认
A29: 29 | B29: 54b1f815aaee62da | C29: 九木套利9号A类 | D29: 私募 | E29: 套利策略—期货套利 | F29: 是 | G29: 火富牛策略分类 | H29: 套利策略 /期货套利 | I29: 1.0026 | J29: 46267 | K29: 组合持仓页回退 | L29: 46094 | M29: 0.0026 | N29: 0.0026 | O29: 0.0055 | P29: 0.0282 | Q29: -0.5116 | R29: BSA32A | S29: 深圳九木 | T29: 119 | U29: 46094 | V29: 46267 | W29: 1.0026 | X29: 火富牛组合 | AC29: 火富牛产品详情页 | AD29: 完整 | AE29: https://mp.fof99.com/fund/view/54b1f815aaee62da | AF29: 未确认
A30: 30 | B30: 206ccc429e7e2414 | C30: 九招真格量化套利一号 | D30: 私募 | E30: 套利策略—期货套利 | F30: 是 | G30: 火富牛策略分类 | H30: 套利策略 /期货套利 | I30: 1.0746 | J30: 46262 | K30: 火富牛产品详情页 | L30: 44271 | M30: 0.1336 | N30: 0.0844 | O30: 0.1366 | P30: 0.0035 | Q30: 5.4094 | R30: SQD546 | S30: 武汉九招 | T30: 311 | U30: 44271 | V30: 46265 | W30: 1.7993252 | X30: 上海分公司白名单；傲创提供名单；策略精选跟踪周报 | Y30: 量化期货（中高频&另类）；套利策略｜复合套利 | Z30: 期货套利策略 | AA30: 46262 | AB30: 46269 | AC30: 火富牛成立以来指标 | AD30: 完整 | AE30: https://mp.fof99.com/fund/view/206ccc429e7e2414 | AF30: 未确认
A31: 32 | B31: 62a3dc6ac3c3204d | C31: 聚亿具臻B类 | D31: 私募 | E31: 套利策略—期货套利 | F31: 是 | G31: 火富牛策略分类 | H31: 套利策略 /期货套利 | I31: 2.797 | J31: 46262 | K31: 火富牛产品详情页 | L31: 44061 | M31: 0.5591 | N31: 0.2531 | O31: 0.312 | P31: 0.0783 | Q31: 2.5084 | R31: LM995B | S31: 珠海聚亿基金 | T31: 102 | U31: 45608 | V31: 46262 | W31: 2.797 | X31: 傲创提供名单 | Z31: 期货套利策略 | AB31: 46269 | AC31: 火富牛完整区间指标；历史净值复算 | AD31: 完整 | AE31: https://mp.fof99.com/fund/view/62a3dc6ac3c3204d | AF31: 未确认
A32: 33 | B32: 8e3ad7d155f41bc3 | C32: 钧誉厚德量化对冲11号 | D32: 私募 | E32: 套利策略—期货套利 | F32: 是 | G32: 火富牛策略分类 | H32: 套利策略 /期货套利 /跨期套利；套利策略 /期货套利 /商品套利；套利策略 /期货套利 /高频 | I32: 1.5806 | J32: 46265 | K32: 火富牛产品详情页 | L32: 44323 | M32: 0.5806 | N32: 0.0986 | O32: 0.1091 | P32: 0.0083 | Q32: 5.8185 | R32: SQN453 | S32: 珠海钧誉资管 | T32: 933 | U32: 44323 | V32: 46265 | W32: 1.5806 | X32: 傲创提供名单 | Z32: 期货套利策略 | AB32: 46269 | AC32: 火富牛完整区间指标；历史净值复算 | AD32: 完整 | AE32: https://mp.fof99.com/fund/view/8e3ad7d155f41bc3 | AF32: 未确认
A33: 34 | B33: fd609fddab73af1e | C33: 澜胜稳赋套利1号 | D33: 私募 | E33: 套利策略—其他 | F33: 是 | G33: 火富牛策略分类；策略精选跟踪周报 | H33: 套利策略 | I33: 1.0782 | J33: 46268 | K33: 火富牛产品详情页 | L33: 46049 | M33: 0.0782 | N33: 0.0782 | O33: 0.13033333 | P33: 0.0078318628 | Q33: 3.2917686 | R33: SBPY84 | S33: 上海澜胜 | T33: 147 | U33: 46049 | V33: 46268 | W33: 1.0782 | X33: 策略精选跟踪周报 | Y33: 套利策略｜ETF套利（申赎） | AA33: 46262 | AC33: 火富牛成立以来指标；历史净值复核/复算 | AD33: 完整 | AE33: https://mp.fof99.com/fund/view/fd609fddab73af1e | AF33: 未确认
A34: 35 | B34: 672dc1ead9cd9d03 | C34: 量金灵瑞1号 | D34: 私募 | E34: 套利策略—期货套利 | F34: 是 | G34: 火富牛策略分类 | H34: 套利策略 /期货套利 | I34: 1.0205 | J34: 46267 | K34: 产品详情页 | L34: 45594 | M34: 0.0205 | N34: 0.0368 | O34: 0.0112 | P34: 0.1221 | Q34: -0.0842 | R34: SAPV10 | S34: 上海坤灵 | T34: 200 | U34: 45597 | V34: 46267 | W34: 1.0205 | X34: 火富牛组合 | AC34: 火富牛产品详情页 | AD34: 完整 | AE34: https://mp.fof99.com/fund/view/672dc1ead9cd9d03 | AF34: 未确认
A35: 36 | B35: 509478ab548cc2b3 | C35: 量客投资金选套利1号 | D35: 私募 | E35: 套利策略—期权套利 | F35: 是 | G35: 火富牛策略分类；策略精选跟踪周报 | H35: 套利策略 /期权套利 | I35: 1.0334 | J35: 46262 | K35: 火富牛产品详情页 | L35: 44196 | M35: 0.98226001 | N35: 0.044595443 | O35: 0.17353577 | P35: 0.0052485641 | Q35: 6.726678 | R35: SNH457 | S35: 上海量客 | T35: 290 | U35: 44196 | V35: 46262 | W35: 1.9824582 | X35: 策略精选跟踪周报；傲创提供名单 | Y35: 期权策略｜期权套利 | AA35: 46262 | AB35: 46274 | AC35: 火富牛成立以来指标；历史净值复核/复算 | AD35: 完整 | AE35: https://mp.fof99.com/fund/view/509478ab548cc2b3 | AF35: 未确认
A36: 37 | B36: 3ccbf07c4d4ac642 | C36: 龙帆恒盛稳固9号 | D36: 私募 | E36: 套利策略—期货套利 | F36: 是 | G36: 火富牛策略分类 | H36: 套利策略 /期货套利 /跨期套利；套利策略 /期货套利 /商品套利 | I36: 1.194 | J36: 46262 | K36: 火富牛产品详情页 | L36: 44489 | M36: 0.3902 | N36: 0.0658 | O36: 0.0804 | P36: 0.013 | Q36: 2.6102 | R36: SSX605 | S36: 厦门龙帆资管 | T36: 248 | U36: 44491 | V36: 46262 | W36: 1.3902334 | X36: 上海分公司白名单；傲创提供名单 | Y36: 期货套利（混合套利）；期货套利（跨期套利） | Z36: 期货套利策略 | AA36: 46262 | AB36: 46269 | AC36: 火富牛成立以来指标 | AD36: 完整 | AE36: https://mp.fof99.com/fund/view/3ccbf07c4d4ac642 | AF36: 未确认
A37: 38 | B37: beb13b86d2a4cfb2 | C37: 龙壹盛善时1号 | D37: 私募 | E37: 套利策略—期货套利 | F37: 是 | G37: 火富牛策略分类 | H37: 套利策略 /期货套利 | I37: 1.1373 | J37: 46267 | K37: 产品详情页 | L37: 45096 | M37: 0.0465 | O37: 0.1501 | P37: 0.0007 | Q37: 12.398 | R37: SB1261 | S37: 杭州龙壹盛 | T37: 80 | U37: 46154 | V37: 46267 | W37: 1.1373 | X37: 火富牛组合 | AC37: 火富牛产品详情页 | AD37: 完整 | AE37: https://mp.fof99.com/fund/view/beb13b86d2a4cfb2 | AF37: 未确认
A38: 39 | B38: 28d3372af2406528 | C38: 鸣熙资产-招享套利1号 | D38: 私募 | E38: 套利策略—期货套利 | F38: 是 | G38: 火富牛策略分类 | H38: 套利策略 /期货套利 | I38: 1.0568 | J38: 46262 | K38: 火富牛产品详情页 | L38: 43937 | M38: 0.8388 | N38: 0.0365 | O38: 0.1317 | P38: 0.0047 | Q38: 5.4991 | R38: SJZ381 | S38: 鸣熙资本 | T38: 337 | U38: 43937 | V38: 46262 | W38: 1.8387879 | X38: 傲创提供名单 | Z38: 期货套利策略 | AB38: 46269 | AC38: 火富牛完整区间指标；历史净值复算 | AD38: 完整 | AE38: https://mp.fof99.com/fund/view/28d3372af2406528 | AF38: 未确认
A39: 40 | B39: 9289c50ffc89f5de | C39: 铭杉量化稳健5号 | D39: 私募 | E39: 套利策略—期货套利 | F39: 是 | G39: 火富牛策略分类；策略精选跟踪周报 | H39: 套利策略 /期货套利 /跨期套利；套利策略 /期货套利 /股指套利；套利策略 /期货套利 /高频 | I39: 1.4103 | J39: 46262 | K39: 火富牛产品详情页 | L39: 44088 | M39: 0.410018 | N39: 0.021660388 | O39: 0.068966161 | P39: 0.025101273 | Q39: 2.6478431 | R39: SLT573 | S39: 上海铭杉投资 | T39: 305 | U39: 44092 | V39: 46262 | W39: 1.4103 | X39: 策略精选跟踪周报 | Y39: 高频策略｜股指高频-跨期 | AA39: 46262 | AC39: 火富牛成立以来指标；历史净值复核/复算 | AD39: 完整 | AE39: https://mp.fof99.com/fund/view/9289c50ffc89f5de | AF39: 未确认
A40: 41 | B40: f263e8836aad5b82 | C40: 摩旗ETF套利1号 | D40: 私募 | E40: 套利策略—基金套利 | F40: 是 | G40: 火富牛策略分类 | H40: 套利策略 /基金套利 /ETF套利 | I40: 1.5108 | J40: 45975 | K40: 火富牛产品详情页 | L40: 44571 | M40: 0.511 | N40: 0.0649 | O40: 0.1332 | P40: 0.0054 | Q40: 1.6446 | R40: STR466 | S40: 上海摩旗投资 | T40: 424 | U40: 44571 | V40: 46262 | W40: 1.6495 | X40: 傲创提供名单 | Z40: 基金套利策略 | AB40: 46269 | AC40: 火富牛成立以来指标；历史净值复算 | AD40: 完整 | AE40: https://mp.fof99.com/fund/view/f263e8836aad5b82 | AF40: 未确认
A41: 42 | B41: 437e3feded28d12d | C41: 慕途基本面量化1号 | D41: 私募 | E41: 套利策略—期货套利 | F41: 是 | G41: 火富牛策略分类 | H41: 套利策略 /期货套利 /跨市场套利；套利策略 /期货套利 /商品套利 | I41: 1.0278 | J41: 46262 | K41: 火富牛产品详情页 | L41: 44750 | M41: 0.5752 | N41: 0.0928 | O41: 0.1402 | P41: 0.0402 | Q41: 2.1662 | R41: SVW787 | S41: 慕途基金 | T41: 210 | U41: 44764 | V41: 46262 | W41: 1.5756843 | X41: 上海分公司白名单；傲创提供名单；策略精选跟踪周报 | Y41: 期货套利（混合套利）；套利策略｜基本面跨市场套利 | Z41: 期货套利策略 | AA41: 46262 | AB41: 46269 | AC41: 火富牛成立以来指标 | AD41: 完整 | AE41: https://mp.fof99.com/fund/view/437e3feded28d12d | AF41: 未确认
A42: 43 | B42: 2b81990a6051e6e6 | C42: 慕途基本面量化2号 | D42: 私募 | E42: 套利策略—期货套利 | F42: 是 | G42: 火富牛策略分类 | H42: 套利策略 /期货套利 /跨市场套利；套利策略 /期货套利 /商品套利 | I42: 1.1022 | J42: 46262 | K42: 火富牛产品详情页 | L42: 45166 | M42: 0.3188 | N42: 0.1024 | O42: 0.1062 | P42: 0.0375 | Q42: 1.4402 | R42: SB9576 | S42: 慕途基金 | T42: 160 | U42: 45166 | V42: 46262 | W42: 1.3187823 | X42: 傲创提供名单 | Z42: 期货套利策略 | AB42: 46269 | AC42: 火富牛完整区间指标；历史净值复算 | AD42: 完整 | AE42: https://mp.fof99.com/fund/view/2b81990a6051e6e6 | AF42: 未确认
A43: 44 | B43: 6170fbc34ea41205 | C43: 慕途商品套利1号 | D43: 私募 | E43: 套利策略—期货套利 | F43: 是 | G43: 火富牛策略分类 | H43: 套利策略 /期货套利 | I43: 1.0578 | J43: 46262 | K43: 火富牛产品详情页 | L43: 45376 | M43: 0.2359 | N43: 0.0682 | O43: 0.1 | P43: 0.0339 | Q43: 1.7852 | R43: SAHX36 | S43: 慕途基金 | T43: 122 | U43: 45401 | V43: 46262 | W43: 1.2363841 | X43: 傲创提供名单 | Z43: 期货套利策略 | AB43: 46269 | AC43: 火富牛成立以来指标 | AD43: 完整 | AE43: https://mp.fof99.com/fund/view/6170fbc34ea41205 | AF43: 未确认
A44: 45 | B44: 1a1f9e733b6e6ee0 | C44: 慕途稳健1号 | D44: 私募 | E44: 期权策略 | F44: 是 | G44: 火富牛策略分类 | H44: 期权策略 /场内期权 | I44: 1.0642 | J44: 46262 | K44: 火富牛产品详情页 | L44: 44691 | M44: 0.3758 | N44: 0.0487 | O44: 0.0873 | P44: 0.0084 | Q44: 3.6119 | R44: SVM029 | S44: 慕途基金 | T44: 270 | U44: 44691 | V44: 46262 | W44: 1.3757632 | X44: 上海分公司白名单 | Y44: 曲面套利 | AA44: 46262 | AC44: 火富牛完整区间指标；历史净值复算 | AD44: 完整 | AE44: https://mp.fof99.com/fund/view/1a1f9e733b6e6ee0 | AF44: 未确认
A45: 46 | B45: 26b4ccb26333ca6a | C45: 慕途盈川1号 | D45: 私募 | E45: 套利策略—期货套利 | F45: 是 | G45: 火富牛策略分类 | H45: 套利策略 /期货套利 /跨市场套利；套利策略 /期货套利 /商品套利 | I45: 1.1264 | J45: 46262 | K45: 火富牛产品详情页 | L45: 45621 | M45: 0.2114 | N45: 0.1224 | O45: 0.1211 | P45: 0.0226 | Q45: 2.2101 | R45: SAQQ67 | S45: 慕途基金 | T45: 91 | U45: 45625 | V45: 46262 | W45: 1.2115422 | X45: 傲创提供名单 | Z45: 期货套利策略 | AB45: 46269 | AC45: 火富牛成立以来指标 | AD45: 完整 | AE45: https://mp.fof99.com/fund/view/26b4ccb26333ca6a | AF45: 未确认
A46: 47 | B46: 3a6601028e5010ab | C46: 奶酪鑫鑫宝二号 | D46: 私募 | E46: 套利策略—期货套利 | F46: 是 | G46: 火富牛策略分类 | H46: 套利策略 /期货套利 /锁仓 | I46: 1.1595 | J46: 46267 | K46: 火富牛产品详情页 | L46: 45092 | M46: 0.1595 | N46: 0.0549 | O46: 0.0495 | P46: 0.0001 | Q46: 2.4489 | R46: SB2838 | S46: 广东奶酪 | T46: 439 | U46: 45092 | V46: 46267 | W46: 1.1595 | X46: 傲创提供名单 | Z46: 期货套利策略 | AB46: 46269 | AC46: 火富牛完整区间指标；历史净值复算 | AD46: 完整 | AE46: https://mp.fof99.com/fund/view/3a6601028e5010ab | AF46: 未确认
A47: 48 | B47: 1cfd48f3c3164c34 | C47: 平凡凡响二号 | D47: 私募 | E47: 套利策略—基金套利 | F47: 是 | G47: 火富牛策略分类 | H47: 套利策略 /基金套利 /ETF套利 | I47: 1.1609 | J47: 46262 | K47: 火富牛产品详情页 | L47: 45023 | M47: 0.1609 | N47: 0.061 | O47: 0.0474 | P47: 0.0068 | Q47: 1.7376 | R47: SZU727 | S47: 北京平凡 | T47: 175 | U47: 45023 | V47: 46262 | W47: 1.1609 | X47: 傲创提供名单 | Z47: 基金套利策略 | AB47: 46269 | AC47: 火富牛完整区间指标；历史净值复算 | AD47: 完整 | AE47: https://mp.fof99.com/fund/view/1cfd48f3c3164c34 | AF47: 未确认
A48: 49 | B48: cede2959c01b91f6 | C48: 平凡浩睿 | D48: 私募 | E48: 套利策略—基金套利 | F48: 是 | G48: 火富牛策略分类 | H48: 套利策略 /基金套利 /ETF套利 | I48: 2.4194 | J48: 46262 | K48: 火富牛产品详情页 | L48: 43894 | M48: 1.4194 | N48: 0.145 | O48: 0.2188 | P48: 0.0456 | Q48: 3.7327 | R48: SJS890 | S48: 北京平凡 | T48: 334 | U48: 43894 | V48: 46262 | W48: 2.4194 | X48: 傲创提供名单 | Z48: 基金套利策略 | AB48: 46269 | AC48: 火富牛完整区间指标；历史净值复算 | AD48: 完整 | AE48: https://mp.fof99.com/fund/view/cede2959c01b91f6 | AF48: 未确认
A49: 50 | B49: 8b4dbf527867d6d0 | C49: 平凡悟鑫 | D49: 私募 | E49: 套利策略—基金套利 | F49: 是 | G49: 火富牛策略分类 | H49: 套利策略 /基金套利 /ETF套利 | I49: 1.8688 | J49: 46262 | K49: 火富牛产品详情页 | L49: 42479 | M49: 1.1924 | N49: 0.0537 | O49: 0.1151 | P49: 0.0507 | Q49: 1.7326 | R49: SJ2870 | S49: 北京平凡 | T49: 620 | U49: 42482 | V49: 46262 | W49: 2.1926308 | X49: 上海分公司白名单；傲创提供名单 | Y49: ETF套利 | AA49: 46262 | AB49: 46274 | AC49: 火富牛完整区间指标；历史净值复算 | AD49: 完整 | AE49: https://mp.fof99.com/fund/view/8b4dbf527867d6d0 | AF49: 未确认
A50: 51 | B50: 47e9165a9812665a | C50: 祁腾蜂赢1号 | D50: 私募 | E50: 套利策略—期货套利 | F50: 是 | G50: 火富牛策略分类 | H50: 套利策略 /期货套利 | I50: 1.0047 | J50: 46268 | K50: 火富牛产品详情页 | L50: 43490 | M50: 1.447 | N50: 0.1188 | O50: 0.1901 | P50: 0.0197 | Q50: 6.1855 | R50: SEV580 | S50: 宁波祁腾投资 | T50: 1845 | U50: 43490 | V50: 46268 | W50: 2.4472781 | X50: 傲创提供名单；策略精选跟踪周报 | Y50: 高频策略｜股指高频 | Z50: 期货套利策略 | AA50: 46262 | AB50: 46269 | AC50: 火富牛成立以来指标 | AD50: 完整 | AE50: https://mp.fof99.com/fund/view/47e9165a9812665a | AF50: 未确认
A51: 52 | B51: a88265fe21033296 | C51: 融昊青松CTA套利一号 | D51: 私募 | E51: 管理期货—主观CTA | F51: 是 | G51: 火富牛策略分类 | H51: 期货策略 /主观期货 /交易型 | I51: 1.3384 | J51: 46262 | K51: 火富牛产品详情页 | L51: 45064 | M51: 0.3384 | N51: 0.0505 | O51: 0.1032 | P51: 0.0362 | Q51: 2.0364 | R51: S09735 | S51: 上海融昊投资 | T51: 169 | U51: 45065 | V51: 46262 | W51: 1.3384 | X51: 上海分公司白名单；策略精选跟踪周报 | Y51: 期货套利（跨期套利）；主观期货（交易型）；套利策略｜主观+量化；商品跨期 | AA51: 46262 | AC51: 火富牛成立以来指标 | AD51: 完整 | AE51: https://mp.fof99.com/fund/view/a88265fe21033296 | AF51: 未确认
A52: 53 | B52: 31ef590a8e08938a | C52: 锐耐复利倍增2号C类 | D52: 私募 | E52: 套利策略—期货套利 | F52: 是 | G52: 火富牛策略分类 | H52: 套利策略 /期货套利 | I52: 1.338 | J52: 46267 | K52: 产品详情页 | L52: 44893 | M52: 0.0453 | N52: 0.0453 | O52: 0.0675 | P52: 0.024 | Q52: 0.7554 | R52: XV513C | S52: 上海锐耐 | T52: 163 | U52: 46022 | V52: 46267 | W52: 1.338 | X52: 火富牛组合 | AC52: 火富牛产品详情页 | AD52: 完整 | AE52: https://mp.fof99.com/fund/view/31ef590a8e08938a | AF52: 未确认
A53: 54 | B53: a9c8655ec835e06f | C53: 睿启鑫享1号 | D53: 私募 | E53: 套利策略—期货套利 | F53: 是 | G53: 火富牛策略分类；策略精选跟踪周报 | H53: 套利策略 /期货套利 | I53: 1.1926 | J53: 46262 | K53: 火富牛产品详情页 | L53: 45595 | M53: 0.1926 | N53: 0.067872493 | O53: 0.1053958 | P53: 0.010459904 | Q53: 2.5058553 | R53: SAQD46 | S53: 无锡睿启 | T53: 230 | U53: 45595 | V53: 46262 | W53: 1.1926 | X53: 策略精选跟踪周报 | Y53: 套利策略｜贵金属套利 | AA53: 46262 | AC53: 火富牛成立以来指标；历史净值复核/复算 | AD53: 完整 | AE53: https://mp.fof99.com/fund/view/a9c8655ec835e06f | AF53: 未确认
A54: 55 | B54: da0c65e7ce600ec9 | C54: 杉阳云杉混合1号A类 | D54: 私募 | E54: 套利策略—期货套利 | F54: 是 | G54: 火富牛策略分类 | H54: 套利策略 /期货套利 | I54: 1.026 | J54: 46265 | K54: 火富牛产品详情页 | L54: 43980 | M54: 0.5238 | N54: 0.0358 | O54: 0.0837 | P54: 0.031 | Q54: 2.4931 | R54: LA063A | S54: 上海杉阳 | T54: 356 | U54: 43980 | V54: 46265 | W54: 1.5237651 | X54: 上海分公司白名单 | Y54: 期货套利（混合套利） | AA54: 46262 | AC54: 火富牛完整区间指标；历史净值复算 | AD54: 完整 | AE54: https://mp.fof99.com/fund/view/da0c65e7ce600ec9 | AF54: 未确认
A55: 56 | B55: 6522b5ad5dcbdcbd | C55: 尚湖期权套利安享1号 | D55: 私募 | E55: 期权策略 | F55: 是 | G55: 火富牛策略分类 | H55: 期权策略 /场内期权 | I55: 1.0084 | J55: 46267 | K55: 火富牛产品详情页 | L55: 44915 | M55: 0.2004 | N55: 0.0077 | O55: 0.0541 | P55: 0.0693 | Q55: 1.0964 | R55: SXZ850 | S55: 上海尚湖 | T55: 898 | U55: 44915 | V55: 46267 | W55: 1.20039 | X55: 上海分公司白名单 | Y55: 股指卖波 | AA55: 46262 | AC55: 火富牛完整区间指标；历史净值复算 | AD55: 完整 | AE55: https://mp.fof99.com/fund/view/6522b5ad5dcbdcbd | AF55: 未确认
A56: 57 | B56: d84950ffb7571587 | C56: 深度梦扬量化1号 | D56: 私募 | E56: 期权策略 | F56: 是 | G56: 火富牛策略分类 | H56: 期权策略 /场内期权 | I56: 1.2083 | J56: 46265 | K56: 火富牛产品详情页 | L56: 44985 | M56: 0.2083 | N56: 0.0487 | O56: 0.0594 | P56: 0.0365 | Q56: 1.1246 | R56: SZM348 | S56: 杭州深度资管 | T56: 272 | U56: 44985 | V56: 46265 | W56: 1.2083 | X56: 上海分公司白名单 | Y56: 曲面套利 | AA56: 46262 | AC56: 火富牛完整区间指标；历史净值复算 | AD56: 完整 | AE56: https://mp.fof99.com/fund/view/d84950ffb7571587 | AF56: 未确认
A57: 58 | B57: 56199c339d1a20c7 | C57: 深度梦扬量化套利0号 | D57: 私募 | E57: 期权策略 | F57: 是 | G57: 火富牛策略分类 | H57: 期权策略 /场内期权 | I57: 1.126 | J57: 46266 | K57: 火富牛产品详情页 | L57: 44305 | M57: 0.4899 | N57: 0.0553 | O57: 0.0969 | P57: 0.0402 | Q57: 2.2624 | R57: SQD620 | S57: 杭州深度资管 | T57: 286 | U57: 44421 | V57: 46266 | W57: 1.4943691 | X57: 上海分公司白名单 | Y57: 曲面套利；股指卖波 | AA57: 46262 | AC57: 火富牛成立以来指标 | AD57: 完整 | AE57: https://mp.fof99.com/fund/view/56199c339d1a20c7 | AF57: 未确认
A58: 59 | B58: 592f730fcd5623e4 | C58: 盛冠达试金石3号 | D58: 私募 | E58: 套利策略—期货套利 | F58: 是 | G58: 火富牛策略分类 | H58: 套利策略 /期货套利 /股指套利 | I58: 1.901 | J58: 46262 | K58: 火富牛产品详情页 | L58: 43041 | M58: 0.901 | N58: 0.0304 | O58: 0.1021 | P58: 0.0797 | Q58: 1.9595 | R58: SW1709 | S58: 海南盛冠达 | T58: 1568 | U58: 43041 | V58: 46262 | W58: 1.901 | X58: 上海分公司白名单 | Y58: 期货套利（混合套利）；ETF套利 | AA58: 46262 | AC58: 火富牛完整区间指标；历史净值复算 | AD58: 完整 | AE58: https://mp.fof99.com/fund/view/592f730fcd5623e4 | AF58: 未确认
A59: 60 | B59: 317110f339421a93 | C59: 世宽若水尘心2号B类 | D59: 私募 | E59: 套利策略—期货套利 | F59: 是 | G59: 火富牛策略分类 | H59: 套利策略 /期货套利 /股指套利；套利策略 /期货套利 /高频 | I59: 1.1009 | J59: 46262 | K59: 火富牛产品详情页 | L59: 44904 | M59: 0.4067 | N59: 0.1365 | O59: 0.1982 | P59: 0.0145 | Q59: 4.2468 | R59: XX769B | S59: 厦门世宽 | T59: 113 | U59: 45513 | V59: 46262 | W59: 1.4597255 | X59: 傲创提供名单 | Z59: 期货套利策略 | AB59: 46269 | AC59: 火富牛完整区间指标；历史净值复算 | AD59: 完整 | AE59: https://mp.fof99.com/fund/view/317110f339421a93 | AF59: 未确认
A60: 61 | B60: de992f1098047fe1 | C60: 世宽若水尘心3号 | D60: 私募 | E60: 套利策略—期货套利 | F60: 是 | G60: 火富牛策略分类 | H60: 套利策略 /期货套利 /股指套利；套利策略 /期货套利 /高频 | I60: 1.0506 | J60: 46265 | K60: 火富牛产品详情页 | L60: 44883 | M60: 0.5343 | N60: 0.1082 | O60: 0.1411 | P60: 0.0136 | Q60: 3.2834 | R60: SXT730 | S60: 厦门世宽 | T60: 240 | U60: 44883 | V60: 46265 | W60: 1.5342633 | X60: 傲创提供名单 | Z60: 期货套利策略 | AB60: 46269 | AC60: 火富牛完整区间指标；历史净值复算 | AD60: 完整 | AE60: https://mp.fof99.com/fund/view/de992f1098047fe1 | AF60: 未确认
A61: 62 | B61: 7d1044d0dd00c1bd | C61: 殊馥馥源套利1号 | D61: 私募 | E61: 套利策略—基金套利 | F61: 是 | G61: 火富牛策略分类 | H61: 套利策略 /基金套利 /ETF套利 | I61: 1.0689 | J61: 45702 | K61: 火富牛产品详情页 | L61: 43585 | M61: 0.4986 | N61: 0.06 | O61: 0.086 | P61: 0.0502 | Q61: 1.7848 | R61: SGM512 | S61: 上海殊馥投资 | T61: 398 | U61: 43585 | V61: 46265 | W61: 1.7022985 | X61: 上海分公司白名单；傲创提供名单 | Y61: ETF套利 | AA61: 46262 | AC61: 火富牛成立以来指标；历史净值复算 | AD61: 完整 | AE61: https://mp.fof99.com/fund/view/7d1044d0dd00c1bd | AF61: 未确认
A62: 64 | B62: 7c4ebba3db529d5e | C62: 殊馥兴义6号 | D62: 私募 | E62: 套利策略—期货套利 | F62: 是 | G62: 火富牛策略分类 | H62: 套利策略 /期货套利 /商品套利 | I62: 1.0025 | J62: 45702 | K62: 火富牛产品详情页 | L62: 44867 | M62: 0.2796 | N62: 0.0394 | O62: 0.1222 | P62: 0.024 | Q62: 2.2392 | R62: SXQ267 | S62: 上海殊馥投资 | T62: 208 | U62: 44867 | V62: 46262 | W62: 1.4523987 | X62: 傲创提供名单 | Z62: 期货套利策略 | AB62: 46269 | AC62: 火富牛成立以来指标；历史净值复算 | AD62: 完整 | AE62: https://mp.fof99.com/fund/view/7c4ebba3db529d5e | AF62: 未确认
A63: 65 | B63: f26adec295039db6 | C63: 殊馥兴义7号 | D63: 私募 | E63: 套利策略—期货套利 | F63: 是 | G63: 火富牛策略分类 | H63: 套利策略 /期货套利 | I63: 1.164 | J63: 46262 | K63: 火富牛产品详情页 | L63: 44894 | M63: 0.3746 | N63: 0.0345 | O63: 0.1 | P63: 0.0211 | Q63: 2.8094 | R63: SXT610 | S63: 上海殊馥投资 | T63: 205 | U63: 44894 | V63: 46262 | W63: 1.3746264 | X63: 傲创提供名单 | Z63: 期货套利策略 | AB63: 46269 | AC63: 火富牛完整区间指标；历史净值复算 | AD63: 完整 | AE63: https://mp.fof99.com/fund/view/f26adec295039db6 | AF63: 未确认
A64: 66 | B64: 2a7eea7355174458 | C64: 数为道策套利一号 | D64: 私募 | E64: 套利策略—基金套利 | F64: 是 | G64: 火富牛策略分类 | H64: 套利策略 /基金套利 /ETF套利 | I64: 0.6619 | J64: 46262 | K64: 火富牛产品详情页 | L64: 44123 | M64: -0.1835 | N64: -0.3227 | O64: -0.0313 | P64: 0.3561 | Q64: -0.5439 | R64: SNA956 | S64: 福州数为 | T64: 297 | U64: 44123 | V64: 46262 | W64: 0.81653228 | X64: 上海分公司白名单 | Y64: ETF套利 | AA64: 46262 | AC64: 火富牛完整区间指标；历史净值复算 | AD64: 完整 | AE64: https://mp.fof99.com/fund/view/2a7eea7355174458 | AF64: 未确认
A65: 67 | B65: 440208e7421f6896 | C65: 唐德幽兰量化套利一号 | D65: 私募 | E65: 套利策略—期货套利 | F65: 是 | G65: 火富牛策略分类 | H65: 套利策略 /期货套利 /跨期套利；套利策略 /期货套利 /商品套利 | I65: 1.0731 | J65: 46262 | K65: 火富牛产品详情页 | L65: 45408 | M65: 0.195 | N65: 0.0673 | O65: 0.0833 | P65: 0.0248 | Q65: 1.3129 | R65: SAHM04 | S65: 深圳唐德 | T65: 570 | U65: 45405 | V65: 46268 | W65: 1.1883202 | X65: 上海分公司白名单 | Y65: 期货套利（跨期套利） | AA65: 46262 | AC65: 火富牛成立以来指标 | AD65: 完整 | AE65: https://mp.fof99.com/fund/view/440208e7421f6896 | AF65: 未确认
A66: 68 | B66: 55e83c08d572e2a7 | C66: 唐龙量化对冲99号 | D66: 私募 | E66: 套利策略—可转债套利 | F66: 是 | G66: 火富牛策略分类 | H66: 套利策略 /可转债套利 /融券对冲 | I66: 1.0358 | J66: 46262 | K66: 火富牛产品详情页 | L66: 43885 | M66: 1.9812 | N66: 0.0118 | O66: 0.3042 | P66: 0.1671 | Q66: 1.7604 | R66: SJQ683 | S66: 福建平潭唐龙资管 | T66: 342 | U66: 43885 | V66: 46262 | W66: 2.9812081 | X66: 傲创提供名单 | Z66: 可转债套利策略 | AB66: 46269 | AC66: 火富牛完整区间指标；历史净值复算 | AD66: 完整 | AE66: https://mp.fof99.com/fund/view/55e83c08d572e2a7 | AF66: 未确认
A67: 69 | B67: 6c49b0993fc714bc | C67: 系数CTA套利五号 | D67: 私募 | E67: 套利策略—期货套利 | F67: 是 | G67: 火富牛策略分类；策略精选跟踪周报 | H67: 套利策略 /期货套利 | I67: 1.3197 | J67: 46262 | K67: 火富牛产品详情页 | L67: 44881 | M67: 0.31983198 | N67: 0.029166342 | O67: 0.084654586 | P67: 0.043114924 | Q67: 1.124537 | R67: SXT086 | S67: 上海系数投资 | T67: 194 | U67: 44883 | V67: 46262 | W67: 1.3197 | X67: 策略精选跟踪周报 | Y67: 套利策略｜商品+股指跨期 | AA67: 46262 | AC67: 火富牛成立以来指标；历史净值复核/复算 | AD67: 完整 | AE67: https://mp.fof99.com/fund/view/6c49b0993fc714bc | AF67: 未确认
A68: 70 | B68: 858f6f879edbd061 | C68: 悬铃C号 | D68: 私募 | E68: 套利策略—可转债套利 | F68: 是 | G68: 火富牛策略分类；策略精选跟踪周报 | H68: 套利策略 /可转债套利 /股指对冲 | I68: 1.525 | J68: 46268 | K68: 火富牛产品详情页 | L68: 43423 | M68: 1.5231537 | N68: 0.015583377 | O68: 0.19568853 | P68: 0.068356891 | Q68: 2.320704 | R68: SEK201 | S68: 上海悬铃 | T68: 434 | U68: 43427 | V68: 46268 | W68: 2.5231537 | X68: 策略精选跟踪周报 | Y68: 套利策略｜可转债套利+对冲 | AA68: 46262 | AC68: 火富牛成立以来指标；历史净值复核/复算 | AD68: 完整 | AE68: https://mp.fof99.com/fund/view/858f6f879edbd061 | AF68: 未确认
A69: 72 | B69: 8177b794c749fb2a | C69: 英旷专享2号A类 | D69: 私募 | E69: 套利策略—可转债套利 | F69: 是 | G69: 火富牛策略分类 | H69: 套利策略 /可转债套利 | I69: 1.0547 | J69: 46262 | K69: 火富牛产品详情页 | L69: 45441 | M69: 0.1741 | N69: 0.0672 | O69: 0.0774 | P69: 0.0172 | Q69: 2.2042 | R69: AKV28A | S69: 上海英旷资管 | T69: 124 | U69: 45441 | V69: 46262 | W69: 1.1738713 | X69: 傲创提供名单 | Z69: 期权套利策略；可转债套利策略 | AB69: 46269 | AC69: 火富牛完整区间指标；历史净值复算 | AD69: 完整 | AE69: https://mp.fof99.com/fund/view/8177b794c749fb2a | AF69: 未确认
A70: 73 | B70: 12b6e6dc40e0626c | C70: 永泉奇点17号混合投资 | D70: 私募 | E70: 套利策略—期货套利 | F70: 是 | G70: 火富牛策略分类 | H70: 套利策略 /期货套利 | I70: 1.689 | J70: 46262 | K70: 火富牛产品详情页 | L70: 44155 | M70: 0.689 | N70: 0.0349 | O70: 0.1194 | P70: 0.0176 | Q70: 3.0428 | R70: SNG016 | S70: 宁波永泉 | T70: 324 | U70: 44155 | V70: 46262 | W70: 1.689 | X70: 傲创提供名单 | Z70: 期货套利策略 | AB70: 46269 | AC70: 火富牛完整区间指标；历史净值复算 | AD70: 完整 | AE70: https://mp.fof99.com/fund/view/12b6e6dc40e0626c | AF70: 未确认
A71: 74 | B71: c8b8443b50a70919 | C71: 永泉奇点1号混合投资 | D71: 私募 | E71: 套利策略—期货套利 | F71: 是 | G71: 火富牛策略分类 | H71: 套利策略 /期货套利 | I71: 1.763 | J71: 46262 | K71: 火富牛产品详情页 | L71: 43585 | M71: 1.4966 | N71: 0.0407 | O71: 0.2041 | P71: 0.0144 | Q71: 6.2418 | R71: SGM299 | S71: 宁波永泉 | T71: 411 | U71: 43585 | V71: 46262 | W71: 2.4966055 | X71: 傲创提供名单 | Z71: 期货套利策略 | AB71: 46269 | AC71: 火富牛完整区间指标；历史净值复算 | AD71: 完整 | AE71: https://mp.fof99.com/fund/view/c8b8443b50a70919 | AF71: 未确认
A72: 75 | B72: 82e5c285d80c294f | C72: 永泉奇点2号混合投资 | D72: 私募 | E72: 套利策略—期货套利 | F72: 是 | G72: 火富牛策略分类 | H72: 套利策略 /期货套利 | I72: 1.911 | J72: 46262 | K72: 火富牛产品详情页 | L72: 43728 | M72: 1.6773 | N72: 0.0358 | O72: 0.2416 | P72: 0.0227 | Q72: 5.011 | R72: SJB356 | S72: 宁波永泉 | T72: 440 | U72: 43728 | V72: 46262 | W72: 2.6773226 | X72: 上海分公司白名单；傲创提供名单 | Y72: 期货套利（混合套利） | Z72: 期货套利策略 | AA72: 46262 | AB72: 46269 | AC72: 火富牛完整区间指标；历史净值复算 | AD72: 完整 | AE72: https://mp.fof99.com/fund/view/82e5c285d80c294f | AF72: 未确认
A73: 76 | B73: fbdc1fb41bf9e1b4 | C73: 涌涵农本一号 | D73: 私募 | E73: 套利策略—其他 | F73: 是 | G73: 火富牛策略分类；策略精选跟踪周报 | H73: 套利策略 | I73: 0.871 | J73: 46234 | K73: 火富牛产品详情页 | L73: 45803 | M73: 0.139268 | N73: 0.098619094 | O73: 0.11904642 | P73: 0.19649446 | Q73: 0.51343393 | R73: SAWA30 | S73: 上海涌涵 | T73: 61 | U73: 45807 | V73: 46234 | W73: 1.139268 | X73: 策略精选跟踪周报 | Y73: CTA策略｜主观CTA-农产品 | AA73: 46262 | AC73: 火富牛成立以来指标；历史净值复核/复算 | AD73: 完整 | AE73: https://mp.fof99.com/fund/view/fbdc1fb41bf9e1b4 | AF73: 未确认
A74: 77 | B74: 5fbd2c74a9d29c0f | C74: 裕锦量化专享1号 | D74: 私募 | E74: 套利策略—期货套利 | F74: 是 | G74: 火富牛策略分类 | H74: 套利策略 /期货套利 | I74: 1.073 | J74: 46262 | K74: 火富牛产品详情页 | L74: 44166 | M74: 1.7536 | N74: 0.1329 | O74: 0.3054 | P74: 0.0105 | Q74: 11.3709 | R74: SNE165 | S74: 深圳裕锦 | T74: 354 | U74: 44166 | V74: 46262 | W74: 2.753625 | X74: 傲创提供名单 | Z74: 期货套利策略 | AB74: 46269 | AC74: 火富牛完整区间指标；历史净值复算 | AD74: 完整 | AE74: https://mp.fof99.com/fund/view/5fbd2c74a9d29c0f | AF74: 未确认
A75: 78 | B75: 2f189375b75b47fd | C75: 在赢套利一号 | D75: 私募 | E75: 管理期货—主观CTA | F75: 是 | G75: 火富牛策略分类；策略精选跟踪周报 | H75: 期货策略 /主观期货 | I75: 1.0306 | J75: 46262 | K75: 火富牛产品详情页 | L75: 43710 | M75: 0.09187685 | O75: 0.18425852 | P75: 0.014497014 | Q75: 2.4006508 | R75: SGW281 | S75: 浙江在赢 | T75: 27 | U75: 46080 | V75: 46262 | W75: 2.3714473 | X75: 策略精选跟踪周报 | Y75: 套利策略｜商品跨期（主观） | AA75: 46262 | AC75: 火富牛成立以来指标；历史净值复核/复算 | AD75: 完整 | AE75: https://mp.fof99.com/fund/view/2f189375b75b47fd | AF75: 未确认
A76: 79 | B76: 3c9e7c114b369c69 | C76: 哲石君顺易安贰号 | D76: 私募 | E76: 套利策略—期货套利 | F76: 是 | G76: 火富牛策略分类 | H76: 套利策略 /期货套利 | I76: 1.0192 | J76: 46266 | K76: 产品详情页 | L76: 45848 | M76: 0.0973 | N76: 0.0578 | O76: 0.0849 | P76: 0.0034 | Q76: 2.3153 | R76: SBBC37 | S76: 杭州哲石 | T76: 280 | U76: 45848 | V76: 46266 | W76: 1.0958 | X76: 火富牛组合 | AC76: 火富牛产品详情页 | AD76: 完整 | AE76: https://mp.fof99.com/fund/view/3c9e7c114b369c69 | AF76: 未确认
A77: 80 | B77: e71e4de667b3a0df | C77: 哲石君顺易安壹号 | D77: 私募 | E77: 套利策略—期货套利 | F77: 是 | G77: 火富牛策略分类 | H77: 套利策略 /期货套利 | I77: 1.02 | J77: 46267 | K77: 产品详情页 | L77: 45749 | M77: 0.0862 | N77: 0.0737 | O77: 0.0999 | P77: 0.0047 | Q77: 5.0287 | R77: SAVN21 | S77: 杭州哲石 | T77: 213 | U77: 45952 | V77: 46267 | W77: 1.1138 | X77: 火富牛组合 | AC77: 火富牛产品详情页 | AD77: 完整 | AE77: https://mp.fof99.com/fund/view/e71e4de667b3a0df | AF77: 未确认
A78: 81 | B78: 6a8da1db45b76b2f | C78: 臻选期权套利一号 | D78: 私募 | E78: 期权策略 | F78: 是 | G78: 火富牛策略分类；策略精选跟踪周报 | H78: 期权策略 | I78: 1.025 | J78: 46262 | K78: 火富牛产品详情页 | L78: 45929 | M78: 0.12141089 | N78: 0.086638459 | O78: 0.13347884 | P78: 0.026264591 | Q78: 1.5856547 | R78: SBEM86 | S78: 海南臻选 | T78: 47 | U78: 45930 | V78: 46262 | W78: 1.1214109 | X78: 策略精选跟踪周报 | Y78: 期权策略｜金融+商品波动率套利 | AA78: 46262 | AC78: 火富牛成立以来指标；历史净值复核/复算 | AD78: 完整 | AE78: https://mp.fof99.com/fund/view/6a8da1db45b76b2f | AF78: 未确认
A79: 82 | B79: 691a98bba5e4cde6 | C79: 致同稳盈对冲 | D79: 私募 | E79: 套利策略—期货套利 | F79: 是 | G79: 火富牛策略分类 | H79: 套利策略 /期货套利 /跨期套利；套利策略 /期货套利 /跨品种套利；套利策略 /期货套利 /商品套利 | I79: 2.1253 | J79: 45965 | K79: 火富牛产品详情页 | L79: 42857 | M79: 1.1253 | N79: 0.0257 | O79: 0.1323 | P79: 0.0602 | Q79: 2.3541 | R79: SS8645 | S79: 上海致同投资 | T79: 522 | U79: 42857 | V79: 46262 | W79: 2.2068 | X79: 上海分公司白名单；策略精选跟踪周报 | Y79: 期货套利（混合套利）；期货套利（跨期套利）；套利策略｜商品套利+卖权 | AA79: 46262 | AC79: 火富牛成立以来指标；历史净值复算 | AD79: 完整 | AE79: https://mp.fof99.com/fund/view/691a98bba5e4cde6 | AF79: 未确认
A80: 83 | B80: 134f91eefa4596c1 | C80: 致远投资昆仑1号 | D80: 私募 | E80: 期权策略 | F80: 是 | G80: 火富牛策略分类 | H80: 期权策略 /场内期权 /金融期权；期权策略 /场内期权 /定价卖波 | I80: 1.089 | J80: 46265 | K80: 火富牛产品详情页 | L80: 44550 | M80: 0.2923 | N80: 0.0093 | O80: 0.0622 | P80: 0.041 | Q80: 1.1555 | R80: SSD863 | S80: 广州致远 | T80: 405 | U80: 44550 | V80: 46265 | W80: 1.2922515 | X80: 上海分公司白名单 | Y80: 曲面套利 | AA80: 46262 | AC80: 火富牛完整区间指标；历史净值复算 | AD80: 完整 | AE80: https://mp.fof99.com/fund/view/134f91eefa4596c1 | AF80: 未确认
A81: 84 | B81: e4ab70da8204cae4 | C81: 智领泽临套利六号 | D81: 私募 | E81: 套利策略—未细分 | F81: 是 | G81: 产品名称关键词 | I81: 1.023 | J81: 46267 | K81: 产品详情页 | L81: 45800 | M81: 0.1579 | N81: 0.0779 | O81: 0.1307 | P81: 0.0525 | Q81: 1.5157 | R81: SAYU23 | S81: 福州智领三联 | T81: 297 | U81: 45826 | V81: 46267 | W81: 1.1529 | X81: 火富牛组合；策略精选跟踪周报；傲创提供名单 | Y81: 套利策略｜ETF套利 | AA81: 46262 | AB81: 46274 | AC81: 火富牛产品详情页 | AD81: 完整 | AE81: https://mp.fof99.com/fund/view/e4ab70da8204cae4 | AF81: 未确认
A82: 85 | B82: bd503e768e8f0dca | C82: 中益仁梅香千寒 | D82: 私募 | E82: 套利策略—期货套利 | F82: 是 | G82: 火富牛策略分类 | H82: 套利策略 /期货套利 | I82: 1.2015 | J82: 46262 | K82: 火富牛产品详情页 | L82: 45826 | M82: 0.3277 | N82: 0.2818 | O82: 0.2743 | P82: 0.0668 | Q82: 2.7017 | R82: SBAF26 | S82: 日照中益仁 | T82: 84 | U82: 45826 | V82: 46262 | W82: 1.3276641 | X82: 傲创提供名单 | Z82: 期货套利策略 | AB82: 46269 | AC82: 火富牛完整区间指标；历史净值复算 | AD82: 完整 | AE82: https://mp.fof99.com/fund/view/bd503e768e8f0dca | AF82: 未确认
A83: 87 | B83: a96d179026030f2d | C83: 庄贤对冲3号 | D83: 私募 | E83: 期权策略 | F83: 是 | G83: 火富牛策略分类 | H83: 期权策略 /场内期权 | I83: 1.068 | J83: 46265 | K83: 火富牛产品详情页 | L83: 43665 | M83: 0.4887 | N83: 0.0309 | O83: 0.0686 | P83: 0.0349 | Q83: 1.8589 | R83: SGW091 | S83: 杭州庄贤投资 | T83: 404 | U83: 43665 | V83: 46265 | W83: 1.4886533 | X83: 上海分公司白名单；策略精选跟踪周报 | Y83: 曲面套利；期权策略｜90%金融+10%商品 | AA83: 46262 | AC83: 火富牛完整区间指标；历史净值复算 | AD83: 完整 | AE83: https://mp.fof99.com/fund/view/a96d179026030f2d | AF83: 未确认
A84: 89 | B84: citic:SAHP82 | C84: 合绎塑造者10号 | D84: 代销产品 | E84: 管理期货—量化期权—期权复合套利-R4 | F84: 是 | G84: ZXQH全国代销 | I84: 1.5106 | J84: 46262 | K84: ZXQH全国代销 | N84: 0.15215431 | T84: 0 | X84: ZXQH全国代销 | AC84: ZXQH全国代销 | AD84: 仅代销名单净值快照；历史序列、管理人、备案号及基金成立日期待补全 | AF84: 已上架

Sheet Sheet1-指标体系
A1: 私募基金指标体系
A2: 评价日 2026-09-10，指标截止 2026-09-04；沿用参考工作簿的权重和计算口径。
A3: 大类指标 | B3: 大类权重 | C3: 二级指标 | D3: 二级权重 | E3: 数据来源与方法 | F3: 时间口径 | G3: 综合权重 | I3: 计算参数 | J3: 值 | P3: 管理人规模区间 | Q3: 分值
A4: 管理人及产品 | B4: 0.15 | C4: 管理人规模 | D4: 0.4 | E4: 管理人公示规模区间分档：0-5亿60、5-10亿70、10-20亿80、20-100亿90、100亿以上100。 | F4: 最新公示 | G4: =B4*D4 -> 0.06 | I4: 产品规模标识阈值（万元） | J4: 1000 | P4: 0-5亿元 | Q4: 60
A5: 管理人及产品 | B5: =B4 -> 0.15 | C5: 产品规模 | D5: 0.3 | E5: 已精确匹配完整协会产品公示：低于1000万元提示得0；确认无该提示得100；未核实留空。 | F5: 最新公示 | G5: =B5*D5 -> 0.045 | I5: 近一年胜率观察数 | J5: 13 | P5: 5-10亿元 | Q5: 70
A6: 管理人及产品 | B6: =B4 -> 0.15 | C6: 成立年限 | D6: 0.3 | E6: 不足1年不入池；1年至不足3年70分；满3年100分。 | F6: 固定评价日 | G6: =B6*D6 -> 0.045 | I6: 近三年胜率观察数 | J6: 37 | P6: 10-20亿元 | Q6: 80
A7: 收益能力 | B7: 0.2 | C7: 年化收益 | D7: 0.7 | E7: 近1年及剔除近1年的早期年化收益分别横截面赋分，以60%/40%合成。 | F7: 近1年/早期 | G7: =B7*D7 -> 0.14 | I7: 早期胜率观察数 | J7: =J6-J5 -> 24 | P7: 20-50亿元 | Q7: 90
A8: 收益能力 | B8: =B7 -> 0.2 | C8: 月度胜率 | D8: 0.3 | E8: 近期胜率与按13/37期推算的早期胜率各乘100；早期不足6个月且缺值按模板得100。 | F8: 近1年/早期 | G8: =B8*D8 -> 0.06 | I8: 短期时间权重 | J8: 0.6 | P8: 50-100亿元 | Q8: 90
A9: 风险控制 | B9: 0.25 | C9: 最大回撤 | D9: 1 | E9: 取可用近1年与近3年最大回撤的较大值，低值优先横截面赋分。 | F9: 可用1/3年 | G9: =B9*D9 -> 0.25 | I9: 长期时间权重 | J9: 0.4 | P9: 20-100亿元 | Q9: 90
A10: 风险调整收益 | B10: 0.3 | C10: 卡玛比率 | D10: 1 | E10: 近1年卡玛与早期收益/可识别早期回撤分别横截面赋分，以60%/40%合成。 | F10: 近1年/早期 | G10: =B10*D10 -> 0.3 | I10: 趋势差距阈值 | J10: 0.2 | P10: 100亿元以上 | Q10: 100
A11: 业绩一致性/趋势 | B11: 0.1 | C11: 收益趋势 | D11: 1 | E11: 近期收益不低于比较基准得100；落后严格小于20个百分点得80；其余60。 | F11: 近1年对比 | G11: =B11*D11 -> 0.1 | I11: DD识别容差 | J11: 0.0001
I12: 评价日 | J12: 46275
I13: 指标截止日 | J13: 46269
A14: 计算与来源说明 | I14: 年限换算天数 | J14: 365.25
A15: 评价范围 | E15: 83条原跟踪记录全部保留。成立不足1年不入池；缺成立日期或备案号未匹配的记录不计算入池总分。 | I15: 入池最低年限 | J15: 1
A16: 横截面范围 | E16: 沿用模板：所有入池且该项有数值的产品一起排名，不按策略另分样本。平台一级、二级策略仅作汇总和筛选。 | I16: 长期评价年限 | J16: 3
A17: 排名算法 | E17: 高值优先：100×(低于本值数量＋同值数量÷2－0.5)÷(有效样本数－1)；回撤反向。仅1个样本得100。 | I17: 短存续年限分 | J17: 70
A18: 早期收益 | E18: 满3年：((1+近3年年化)^3/(1+近1年年化))^(1/2)-1；不足3年以成立以来年化与存续年限剔除近1年。 | I18: 满分 | J18: 100
A19: 月胜率假设 | E19: 按模板13期近期、37期三年观察数，早期24期。没有逐月胜负数据核实该观察数；超出0至100%的早期胜率不赋分。 | I19: 早期胜率免评月数 | J19: 6
A20: 早期胜率免评 | E20: 早期历史少于6个月且早期胜率缺失或不在0至100%时，模板给予100分。此项是假设，不是观测月胜率。 | I20: 一年月数 | J20: 12
A21: 回撤推算假设 | E21: 近1年回撤=ABS(近1年年化/近1年卡玛)。只有近3年回撤大于该值加容差0.0001时才视为可识别早期回撤。 | I21: 产品低规模分 | J21: 0
A22: 风险口径限制 | E22: 早期回撤识别依赖模板假设，未经净值路径验证；平台近3年卡玛原值保留，但模板长期卡玛采用早期收益/推断回撤。 | I22: 趋势中档分 | J22: 80
A23: 缺失处理 | E23: 缺值留空。各大类与总分均以可用叶子指标的有效权重归一；汇总直接链接明细，避免二次归一差异。 | I23: 趋势低档分 | J23: 60
A24: 总分解释 | E24: 有效权重不足100%为暂定分，可能因缺失项而偏高。严格总分仅有效权重100%时显示；总分不是投资建议。
A25: 管理人规模来源 | E25: 本次以2026-09-11协会管理人公示核验规模并更新查询核对表，历史平台来源仍在原文件可追溯。 | I25: 综合权重合计 | J25: =SUM(G4:G11) -> 1
A26: 产品规模标识 | E26: 协会完整产品公示精确匹配后才赋分。无低规模提示不证明实际规模达到1000万元，只表示未见该公示提示。 | I26: 时间权重合计 | J26: =SUM(J8:J9) -> 1
A27: 日期口径 | E27: 评价日固定为本表参数；指标按同一截止日期导出。成立日期、近1年与近3年窗口均取平台导出字段。
A28: 原始模板 | E28: 私募基金_指标赋分(1)(1).xlsx：sheet1-指标体系、sheet2-计算明细、sheet3-分类汇总、sheet4-原始数据。
A29: 数据来源 | E29: 火富牛 https://mp.fof99.com/fund/all；各产品详情和协会公示URL见Sheet5-查询核对。
A30: 原表保留 | E30: 套利产品原表保留原83条记录与32列。未匹配产品在原始数据页仅保留原表名称，其他平台字段留空并标记匹配状态。 | I30: 补数年化天数 | J30: 365
I31: 边界净值最大滞后天数 | J31: 14
I32: 重点排查差异（分） | J32: 5
I33: 协会核验日 | J33: 46276
I34: 规模分档边界（亿元） | J34: 5
A46: 本次补数与分组口径
A47: 补数来源 | E47: 傲创缺失数据.zip内26份净值表，文件名称与主表产品名称精确关联，备案号沿用已核验主表。净值文件自身不含备案号。
A48: 本版评价体系 | E48: 按照本次上传主表统一沿用现有权重及计算明细，不切换先前短历史参考模型。评价日仍为2026-09-10，绩效截止2026-09-04。
A49: 补数边界 | E49: 以83只基金表为基准，不补正两表差异值。压缩包逐项核算列示208项核算结果，独立复算差异不回写现有指标。
A50: 收益及回撤 | E50: 使用复权净值。年化收益=(末值/初值)^(365/实际间隔天数)-1，最大回撤由窗口内逐条净值及运行峰值计算，卡玛=年化收益/回撤。
A51: 时间对齐 | E51: 1年、3年目标起点为2025-09-04、2023-09-04，取不晚于边界的最近净值并记录实际日期，不插值。边界滞后超过14天不补算。
A52: 月度胜率 | E52: 沿用原体系13期/37期。按自然月末及本期9月4日计算，包含首尾不完整自然月。逐期列示净值、收益和有效性，缺任何一期不补胜率。
A53: 成立以来年化 | E53: 仅当首条净值日期与原表成立日完全一致时补算。首条净值晚于成立日时不将可见历史当作成立以来业绩。
A54: 零回撤及短历史 | E54: 回撤为0时卡玛留空。不满完整一年/三年不填对应窗口指标。原体系保留其缺失权重处理及早期回撤识别限制。
A55: 规模分组 | E55: 用户确认：0–5亿元区间归小规模，5–10亿元及以上归大规模。无法从区间识别恰为5亿元，属于公示区间分档。分组不改变83条横截面评分样本。
A56: 协会记录 | E56: 管理人诚信、提示及产品特别提示分别保存。监管警示函、历史责令改正、已整改报送异常和一般提示分列，未见记录不等于从未发生。
A57: 核查范围 | E57: 读取75个精确备案号产品页和全部83条对应管理人公示。8个无独立产品公示的份额代码保留未核实。另核验已发现的监管决定。
A58: 对照口径 | E58: 对照文件私募基金_指标赋分(1).xlsx按收到时缓存保留，314条明细，缓存评价日由成立年限反算一致为2026-09-07。不改动该对照文件。
... A64: 本版采用口径 | E64: 用户确认两表差异以83只基金表为准。对照表不作修改，大小规模沿用全83条样本分数。

Sheet Sheet2-计算明细
A1: 私募基金指标计算明细
A2: 绿色为来源数据链接，黑色为计算。按模板逐项计算，缺失项从分子和有效权重中同时剔除。
A4: 大类指标 | B4: 大类权重 | C4: 二级指标 | D4: 综合权重 | F4: 评价日 | G4: ='Sheet1-指标体系'!$J$12 -> 46275
A5: ='Sheet1-指标体系'!A4 -> 管理人及产品 | B5: ='Sheet1-指标体系'!B4 -> 0.15 | C5: ='Sheet1-指标体系'!C4 -> 管理人规模 | D5: ='Sheet1-指标体系'!G4 -> 0.06 | F5: 指标截止 | G5: ='Sheet1-指标体系'!$J$13 -> 46269
A6: ='Sheet1-指标体系'!A5 -> 管理人及产品 | B6: ='Sheet1-指标体系'!B5 -> 0.15 | C6: ='Sheet1-指标体系'!C5 -> 产品规模 | D6: ='Sheet1-指标体系'!G5 -> 0.045
A7: ='Sheet1-指标体系'!A6 -> 管理人及产品 | B7: ='Sheet1-指标体系'!B6 -> 0.15 | C7: ='Sheet1-指标体系'!C6 -> 成立年限 | D7: ='Sheet1-指标体系'!G6 -> 0.045 | F7: 排名样本 | G7: 全体入池产品
A8: ='Sheet1-指标体系'!A7 -> 收益能力 | B8: ='Sheet1-指标体系'!B7 -> 0.2 | C8: ='Sheet1-指标体系'!C7 -> 年化收益 | D8: ='Sheet1-指标体系'!G7 -> 0.14 | F8: 缺失数据 | G8: 保留，显示暂定分
A9: ='Sheet1-指标体系'!A8 -> 收益能力 | B9: ='Sheet1-指标体系'!B8 -> 0.2 | C9: ='Sheet1-指标体系'!C8 -> 月度胜率 | D9: ='Sheet1-指标体系'!G8 -> 0.06 | F9: 全部记录 | G9: 83
A10: ='Sheet1-指标体系'!A9 -> 风险控制 | B10: ='Sheet1-指标体系'!B9 -> 0.25 | C10: ='Sheet1-指标体系'!C9 -> 最大回撤 | D10: ='Sheet1-指标体系'!G9 -> 0.25
A11: ='Sheet1-指标体系'!A10 -> 风险调整收益 | B11: ='Sheet1-指标体系'!B10 -> 0.3 | C11: ='Sheet1-指标体系'!C10 -> 卡玛比率 | D11: ='Sheet1-指标体系'!G10 -> 0.3
A12: ='Sheet1-指标体系'!A11 -> 业绩一致性/趋势 | B12: ='Sheet1-指标体系'!B11 -> 0.1 | C12: ='Sheet1-指标体系'!C11 -> 收益趋势 | D12: ='Sheet1-指标体系'!G11 -> 0.1
A16: 序号 | B16: 产品名称 | C16: 备案号 | D16: 管理人 | E16: 产品成立日期 | F16: 产品成立年限（年） | G16: 入池状态 | H16: 管理规模区间（亿元） | I16: 管理人规模分 | J16: 产品规模公示标识 | K16: 产品规模分 | L16: 成立年限分 | M16: R_1y | N16: R_3y | O16: R_incep（补录） | P16: R_early | Q16: R_1y排名分 | R16: R_early排名分 | S16: 年化收益分（可用折算） | T16: 近1年月胜率 | U16: 近3年月胜率 | V16: 早期月胜率 | W16: 近1年月胜率分 | X16: 早期月胜率分 | Y16: 月度胜率分（可用折算） | Z16: DD_1y | AA16: DD_3y | AB16: 统一最大回撤 | AC16: 最大回撤分 | AD16: 短期卡玛 | AE16: 可识别DD_long | AF16: 长期卡玛 | AG16: 短期卡玛分 | AH16: 长期卡玛分 | AI16: 卡玛比率分（可用折算） | AJ16: 趋势比较基准 | AK16: 收益趋势分 | AL16: 管理人及产品大类分 | AM16: 收益能力大类分 | AN16: 风险控制大类分 | AO16: 风险调整收益大类分 | AP16: 趋势大类分 | AQ16: 有效二级权重 | AR16: 加权总分（不补缺） | AS16: 可比总分（归一） | AT16: 唯一排名 | AU16: 数据缺口 | AV16: 严格总分 | AW16: 数据完整性 | AX16: 平台一级策略 | AY16: 平台二级策略 | AZ16: 原表策略参考 | BA16: 原表行号 | BB16: 匹配状态 | BC16: 来源URL | BD16: 指标截止日 | BE16: 管理人规模来源 | BF16: 规模日期 | BG16: 产品标识来源 | BH16: 标识日期 | BI16: 查询备案号线索 | BJ16: 汇总展示次序 | BK16: 近1年收益有效 | BL16: 早期收益有效 | BM16: 回撤有效 | BN16: 近期卡玛有效 | BO16: 早期卡玛有效 | BP16: 管理人规模贡献 | BQ16: 产品规模贡献 | BR16: 成立年限贡献 | BS16: 近1年收益排名贡献 | BT16: 早期收益排名贡献 | BU16: 近1年月胜率贡献 | BV16: 早期月胜率贡献 | BW16: 最大回撤排名贡献 | BX16: 近期卡玛排名贡献 | BY16: 早期卡玛排名贡献 | BZ16: 收益趋势贡献 | CA16: 管理人规模有效权重 | CB16: 产品规模有效权重 | CC16: 成立年限有效权重 | CD16: 近1年收益排名有效权重 | CE16: 早期收益排名有效权重 | CF16: 近1年月胜率有效权重 | CG16: 早期月胜率有效权重 | CH16: 最大回撤排名有效权重 | CI16: 近期卡玛排名有效权重 | CJ16: 早期卡玛排名有效权重 | CK16: 收益趋势有效权重
A17: ='Sheet5-查询核对'!A2-1 -> 1 | B17: =IF('Sheet4-原始数据'!A2="",'Sheet5-查询核对'!B2,'Sheet4-原始数据'!A2) -> 爱凡哲九号 | C17: =IF('Sheet4-原始数据'!B2="","",'Sheet4-原始数据'!B2) -> SJA112 | D17: =IF('Sheet4-原始数据'!E2="","",'Sheet4-原始数据'!E2) -> 爱凡哲投资 | E17: =IF('Sheet4-原始数据'!F2="","",'Sheet4-原始数据'!F2) -> 43710 | F17: =IF(ISNUMBER(E17),ROUND(('Sheet1-指标体系'!$J$12-E17)/'Sheet1-指标体系'!$J$14,4),"") -> 7.0226 | G17: =IF(C17="","未匹配",IF(NOT(ISNUMBER(F17)),"缺成立日期",IF(F17<'Sheet1-指标体系'!$J$15,"不入池","入池"))) -> 入池 | H17: =IF('Sheet5-查询核对'!K2="","",'Sheet5-查询核对'!K2) -> 20-50亿元 | I17: =IF(H17="","",IF(COUNTIF('Sheet1-指标体系'!$P$4:$P$10,H17)=0,"",INDEX('Sheet1-指标体系'!$Q$4:$Q$10,MATCH(H17,'Sheet1-指标体系'!$P$4:$P$10,0)))) -> 90 | J17: =IF(NOT(ISNUMBER('Sheet5-查询核对'!N2)),"",IF('Sheet5-查询核对'!N2=1,"低于"&'Sheet1-指标体系'!$J$4&"万元",IF('Sheet5-查询核对'!N2=0,"无低于"&'Sheet1-指标体系'!$J$4&"万元标识",""))) -> 无低于1000万元标识 | K17: =IF(NOT(ISNUMBER('Sheet5-查询核对'!N2)),"",IF('Sheet5-查询核对'!N2=1,'Sheet1-指标体系'!$J$21,IF('Sheet5-查询核对'!N2=0,'Sheet1-指标体系'!$J$18,""))) -> 100 | L17: =IF(NOT(ISNUMBER(F17)),"",IF(F17<'Sheet1-指标体系'!$J$15,"",IF(F17<'Sheet1-指标体系'!$J$16,'Sheet1-指标体系'!$J$17,'Sheet1-指标体系'!$J$18))) -> 100 | M17: =IF(ISNUMBER('Sheet4-原始数据'!G2),'Sheet4-原始数据'!G2,"") -> 0.1239 | N17: =IF(ISNUMBER('Sheet4-原始数据'!H2),'Sheet4-原始数据'!H2,"") -> 0.1185 | O17: =IF(ISNUMBER('Sheet5-查询核对'!Q2),'Sheet5-查询核对'!Q2,"") -> 0.103 | P17: =IF(G17<>"入池","",IF(F17>='Sheet1-指标体系'!$J$16,IF(AND(ISNUMBER(M17),ISNUMBER(N17)),IF(AND(1+M17>0,1+N17>=0),((1+N17)^'Sheet1-指标体系'!$J$16/(1+M17))^(1/('Sheet1-指标体系'!$J$16-1))-1,""),""),IF(AND(ISNUMBER(M17),ISNUMBER(O17)),IF(AND(F17>1,1+M17>0,1+O17>=0),((1+O17)^F17/(1+M17))^(1/(F17-1))-1,""),""))) -> 0.11580974 | Q17: =IF(BK17=1,IF(SUM($BK$17:$BK$99)<=1,100,ROUND(100*(COUNTIFS($BK$17:$BK$99,1,$M$17:$M$99,"<"&M17)+(COUNTIFS($BK$17:$BK$99,1,$M$17:$M$99,M17)-1)/2)/(SUM($BK$17:$BK$99)-1),2)),"") -> 72.22 | R17: =IF(BL17=1,IF(SUM($BL$17:$BL$99)<=1,100,ROUND(100*(COUNTIFS($BL$17:$BL$99,1,$P$17:$P$99,"<"&P17)+(COUNTIFS($BL$17:$BL$99,1,$P$17:$P$99,P17)-1)/2)/(SUM($BL$17:$BL$99)-1),2)),"") -> 77.27 | S17: =IF(ISNUMBER(Q17),IF(ISNUMBER(R17),ROUND(Q17*'Sheet1-指标体系'!$J$8+R17*'Sheet1-指标体系'!$J$9,2),Q17),"") -> 74.24 | T17: =IF(ISNUMBER('Sheet4-原始数据'!J2),'Sheet4-原始数据'!J2,"") -> 0.8462 | U17: =IF(ISNUMBER('Sheet4-原始数据'!I2),'Sheet4-原始数据'!I2,"") -> 0.8919 | V17: =IF(AND(ISNUMBER(T17),ISNUMBER(U17)),(U17*'Sheet1-指标体系'!$J$6-T17*'Sheet1-指标体系'!$J$5)/'Sheet1-指标体系'!$J$7,"") -> 0.91665417 | W17: =IF(ISNUMBER(T17),100*T17,"") -> 84.62 | X17: =IF(G17<>"入池","",IF(ISNUMBER(V17),IF(AND(V17>=0,V17<=1),V17*'Sheet1-指标体系'!$J$18,IF(MAX(0,(F17-'Sheet1-指标体系'!$J$15)*'Sheet1-指标体系'!$J$20)<'Sheet1-指标体系'!$J$19,'Sheet1-指标体系'!$J$18,"")),IF(MAX(0,(F17-'Sheet1-指标体系'!$J$15)*'Sheet1-指标体系'!$J$20)<'Sheet1-指标体系'!$J$19,'Sheet1-指标体系'!$J$18,""))) -> 91.665417 | Y17: =IF(ISNUMBER(W17),IF(ISNUMBER(X17),ROUND(W17*'Sheet1-指标体系'!$J$8+X17*'Sheet1-指标体系'!$J$9,2),W17),"") -> 87.44 | Z17: =IF(AND(ISNUMBER(M17),ISNUMBER(AD17)),IF(AD17<>0,ABS(M17/AD17),""),"") -> 0.0035831099 | AA17: =IF(ISNUMBER('Sheet4-原始数据'!K2),'Sheet4-原始数据'!K2,"") -> 0.0129 | AB17: =IF(AND(ISNUMBER(Z17),ISNUMBER(AA17)),MAX(Z17,AA17),IF(ISNUMBER(Z17),Z17,IF(ISNUMBER(AA17),AA17,""))) -> 0.0129 | AC17: =IF(BM17=1,IF(SUM($BM$17:$BM$99)<=1,100,ROUND(100*(COUNTIFS($BM$17:$BM$99,1,$AB$17:$AB$99,">"&AB17)+(COUNTIFS($BM$17:$BM$99,1,$AB$17:$AB$99,AB17)-1)/2)/(SUM($BM$17:$BM$99)-1),2)),"") -> 62.16 | AD17: =IF(ISNUMBER('Sheet4-原始数据'!M2),'Sheet4-原始数据'!M2,"") -> 34.5789 | AE17: =IF(AND(ISNUMBER(P17),ISNUMBER(AA17),ISNUMBER(Z17)),IF(AA17>Z17+'Sheet1-指标体系'!$J$11,AA17,""),"") -> 0.0129 | AF17: =IF(AND(ISNUMBER(P17),ISNUMBER(AE17)),IF(AE17<>0,P17/AE17,""),"") -> 8.977499 | AG17: =IF(BN17=1,IF(SUM($BN$17:$BN$99)<=1,100,ROUND(100*(COUNTIFS($BN$17:$BN$99,1,$AD$17:$AD$99,"<"&AD17)+(COUNTIFS($BN$17:$BN$99,1,$AD$17:$AD$99,AD17)-1)/2)/(SUM($BN$17:$BN$99)-1),2)),"") -> 88.73 | AH17: =IF(BO17=1,IF(SUM($BO$17:$BO$99)<=1,100,ROUND(100*(COUNTIFS($BO$17:$BO$99,1,$AF$17:$AF$99,"<"&AF17)+(COUNTIFS($BO$17:$BO$99,1,$AF$17:$AF$99,AF17)-1)/2)/(SUM($BO$17:$BO$99)-1),2)),"") -> 75 | AI17: =IF(ISNUMBER(AG17),IF(ISNUMBER(AH17),ROUND(AG17*'Sheet1-指标体系'!$J$8+AH17*'Sheet1-指标体系'!$J$9,2),AG17),"") -> 83.24 | AJ17: =IF(NOT(ISNUMBER(F17)),"",IF(F17>='Sheet1-指标体系'!$J$16,IF(ISNUMBER(N17),N17,""),IF(ISNUMBER(O17),O17,""))) -> 0.1185 | AK17: =IF(AND(G17="入池",ISNUMBER(M17),ISNUMBER(AJ17)),IF(M17>=AJ17,'Sheet1-指标体系'!$J$18,IF(AJ17-M17<'Sheet1-指标体系'!$J$10,'Sheet1-指标体系'!$J$22,'Sheet1-指标体系'!$J$23)),"") -> 100 | AL17: =IF((IF(ISNUMBER(I17),'Sheet1-指标体系'!$G$4,0)+IF(ISNUMBER(K17),'Sheet1-指标体系'!$G$5,0)+IF(ISNUMBER(L17),'Sheet1-指标体系'!$G$6,0))>0,ROUND((IF(ISNUMBER(I17),I17*'Sheet1-指标体系'!$G$4,0)+IF(ISNUMBER(K17),K17*'Sheet1-指标体系'!$G$5,0)+IF(ISNUMBER(L17),L17*'Sheet1-指标体系'!$G$6,0))/(IF(ISNUMBER(I17),'Sheet1-指标体系'!$G$4,0)+IF(ISNUMBER(K17),'Sheet1-指标体系'!$G$5,0)+IF(ISNUMBER(L17),'Sheet1-指标体系'!$G$6,0)),2),"") -> 96 | AM17: =IF(SUM(CD17:CG17)>0,ROUND(SUM(BS17:BV17)/SUM(CD17:CG17),2),"") -> 78.2 | AN17: =IF(SUM(CH17:CH17)>0,ROUND(SUM(BW17:BW17)/SUM(CH17:CH17),2),"") -> 62.16 | AO17: =IF(SUM(CI17:CJ17)>0,ROUND(SUM(BX17:BY17)/SUM(CI17:CJ17),2),"") -> 83.24 | AP17: =IF(SUM(CK17:CK17)>0,ROUND(SUM(BZ17:BZ17)/SUM(CK17:CK17),2),"") -> 100 | AQ17: =SUM(CA17:CK17) -> 1 | AR17: =IF(SUM(CA17:CK17)>0,SUM(BP17:BZ17),"") -> 80.55129 | AS17: =IF(SUM(CA17:CK17)>0,ROUND(SUM(BP17:BZ17)/SUM(CA17:CK17),2),"") -> 80.55 | AT17: =IF(OR(G17<>"入池",NOT(ISNUMBER(AS17))),"",COUNTIFS($G$17:$G$99,"入池",$AS$17:$AS$99,">"&AS17)+COUNTIFS($G$17:$G$99,"入池",$AS$17:$AS$99,AS17,$AQ$17:$AQ$99,">"&AQ17)+COUNTIFS($G$17:G17,"入池",$AS$17:AS17,AS17,$AQ$17:AQ17,AQ17)) -> 15 | AU17: =IF(NOT(ISNUMBER(I17)),"管理人规模；","")&IF(NOT(ISNUMBER(K17)),"产品规模标识；","")&IF(NOT(ISNUMBER(M17)),"近一年收益；","")&IF(NOT(ISNUMBER(T17)),"近一年胜率；","")&IF(NOT(ISNUMBER(N17)),"近三年收益；","")&IF(NOT(ISNUMBER(U17)),"近三年胜率；","")&IF(NOT(ISNUMBER(AA17)),"近三年回撤；","")&IF(NOT(ISNUMBER(AD17)),"近一年卡玛；","")&IF(ISNUMBER(F17),IF(AND(F17<'Sheet1-指标体系'!$J$16,NOT(ISNUMBER(O17))),"成立以来年化；",""),"成立日期；")&IF(ISNUMBER(V17),IF(OR(V17<0,V17>1),"胜率窗口口径不一致；",""),"")&IF(ISNUMBER(P17),IF(NOT(ISNUMBER(AE17)),"DD_long不可识别；",""),"") | AV17: =IF(ABS(SUM(CA17:CK17)-'Sheet1-指标体系'!$J$25)<0.0000000001,SUM(BP17:BZ17),"") -> 80.55129 | AW17: =IF(G17<>"入池",G17,IF(AQ17=0,"无有效评分数据",IF(ROUND(AQ17,10)=ROUND('Sheet1-指标体系'!$J$25,10),"完整赋分","暂定分／数据不完整"))) -> 完整赋分 | AX17: =IF('Sheet4-原始数据'!C2="","",'Sheet4-原始数据'!C2) -> 套利策略 | AY17: =IF('Sheet4-原始数据'!D2="","",'Sheet4-原始数据'!D2) -> 期货套利 | AZ17: =IF('Sheet5-查询核对'!S2="","",'Sheet5-查询核对'!S2) -> 套利策略—期货套利 | BA17: =IF('Sheet5-查询核对'!A2="","",'Sheet5-查询核对'!A2) -> 2 | BB17: =IF('Sheet5-查询核对'!F2="","",'Sheet5-查询核对'!F2) -> 备案号匹配 | BC17: =IF('Sheet5-查询核对'!I2="","",'Sheet5-查询核对'!I2) -> https://mp.fof99.com/fund/view/8e641c904118560b | BD17: =IF('Sheet5-查询核对'!H2="","",'Sheet5-查询核对'!H2) -> 46269 | BE17: =IF('Sheet5-查询核对'!L2="","",'Sheet5-查询核对'!L2) -> https://gs.amac.org.cn/amac-infodisc/res/pof/manager/1709181131101311.html | BF17: =IF('Sheet5-查询核对'!M2="","",'Sheet5-查询核对'!M2) -> 46276 | BG17: =IF('Sheet5-查询核对'!O2="","",'Sheet5-查询核对'!O2) -> https://gs.amac.org.cn/amac-infodisc/res/pof/fund/1909051919107161.html | BH17: =IF('Sheet5-查询核对'!P2="","",'Sheet5-查询核对'!P2) -> 46276 | BI17: =IF('Sheet5-查询核对'!D2="","",'Sheet5-查询核对'!D2) -> SJA112 | BJ17: =IF(ISNUMBER(AT17),AT17,COUNT($AT$17:$AT$99)+ROWS($AT$17:AT17)-COUNT($AT$17:AT17)) -> 15 | BK17: =IF(G17="入池",IF(ISNUMBER(M17),1,0),0) -> 1 | BL17: =IF(G17="入池",IF(ISNUMBER(P17),1,0),0) -> 1 | BM17: =IF(G17="入池",IF(ISNUMBER(AB17),1,0),0) -> 1 | BN17: =IF(G17="入池",IF(ISNUMBER(AD17),1,0),0) -> 1 | BO17: =IF(G17="入池",IF(ISNUMBER(AF17),1,0),0) -> 1 | BP17: =IF(G17="入池",IF(ISNUMBER(I17),I17*('Sheet1-指标体系'!$G$4),0),0) -> 5.4 | BQ17: =IF(G17="入池",IF(ISNUMBER(K17),K17*('Sheet1-指标体系'!$G$5),0),0) -> 4.5 | BR17: =IF(G17="入池",IF(ISNUMBER(L17),L17*('Sheet1-指标体系'!$G$6),0),0) -> 4.5 | BS17: =IF(G17="入池",IF(ISNUMBER(Q17),Q17*('Sheet1-指标体系'!$G$7*'Sheet1-指标体系'!$J$8),0),0) -> 6.06648 | BT17: =IF(G17="入池",IF(ISNUMBER(R17),R17*('Sheet1-指标体系'!$G$7*'Sheet1-指标体系'!$J$9),0),0) -> 4.32712 | BU17: =IF(G17="入池",IF(ISNUMBER(W17),W17*('Sheet1-指标体系'!$G$8*'Sheet1-指标体系'!$J$8),0),0) -> 3.04632 | BV17: =IF(G17="入池",IF(ISNUMBER(X17),X17*('Sheet1-指标体系'!$G$8*'Sheet1-指标体系'!$J$9),0),0) -> 2.19997 | BW17: =IF(G17="入池",IF(ISNUMBER(AC17),AC17*('Sheet1-指标体系'!$G$9),0),0) -> 15.54 | BX17: =IF(G17="入池",IF(ISNUMBER(AG17),AG17*('Sheet1-指标体系'!$G$10*'Sheet1-指标体系'!$J$8),0),0) -> 15.9714 | BY17: =IF(G17="入池",IF(ISNUMBER(AH17),AH17*('Sheet1-指标体系'!$G$10*'Sheet1-指标体系'!$J$9),0),0) -> 9 | BZ17: =IF(G17="入池",IF(ISNUMBER(AK17),AK17*('Sheet1-指标体系'!$G$11),0),0) -> 10 | CA17: =IF(G17="入池",IF(ISNUMBER(I17),'Sheet1-指标体系'!$G$4,0),0) -> 0.06 | CB17: =IF(G17="入池",IF(ISNUMBER(K17),'Sheet1-指标体系'!$G$5,0),0) -> 0.045 | CC17: =IF(G17="入池",IF(ISNUMBER(L17),'Sheet1-指标体系'!$G$6,0),0) -> 0.045 | CD17: =IF(G17="入池",IF(ISNUMBER(Q17),'Sheet1-指标体系'!$G$7*'Sheet1-指标体系'!$J$8,0),0) -> 0.084 | CE17: =IF(G17="入池",IF(ISNUMBER(R17),'Sheet1-指标体系'!$G$7*'Sheet1-指标体系'!$J$9,0),0) -> 0.056 | CF17: =IF(G17="入池",IF(ISNUMBER(W17),'Sheet1-指标体系'!$G$8*'Sheet1-指标体系'!$J$8,0),0) -> 0.036 | CG17: =IF(G17="入池",IF(ISNUMBER(X17),'Sheet1-指标体系'!$G$8*'Sheet1-指标体系'!$J$9,0),0) -> 0.024 | CH17: =IF(G17="入池",IF(ISNUMBER(AC17),'Sheet1-指标体系'!$G$9,0),0) -> 0.25 | CI17: =IF(G17="入池",IF(ISNUMBER(AG17),'Sheet1-指标体系'!$G$10*'Sheet1-指标体系'!$J$8,0),0) -> 0.18 | CJ17: =IF(G17="入池",IF(ISNUMBER(AH17),'Sheet1-指标体系'!$G$10*'Sheet1-指标体系'!$J$9,0),0) -> 0.12 | CK17: =IF(G17="入池",IF(ISNUMBER(AK17),'Sheet1-指标体系'!$G$11,0),0) -> 0.1
A18: ='Sheet5-查询核对'!A3-1 -> 2 | B18: =IF('Sheet4-原始数据'!A3="",'Sheet5-查询核对'!B3,'Sheet4-原始数据'!A3) -> 滨风风云瑞丰1号 | C18: =IF('Sheet4-原始数据'!B3="","",'Sheet4-原始数据'!B3) -> SXL267 | D18: =IF('Sheet4-原始数据'!E3="","",'Sheet4-原始数据'!E3) -> 鹰潭滨风投资 | E18: =IF('Sheet4-原始数据'!F3="","",'Sheet4-原始数据'!F3) -> 44897 | F18: =IF(ISNUMBER(E18),ROUND(('Sheet1-指标体系'!$J$12-E18)/'Sheet1-指标体系'!$J$14,4),"") -> 3.7728 | G18: =IF(C18="","未匹配",IF(NOT(ISNUMBER(F18)),"缺成立日期",IF(F18<'Sheet1-指标体系'!$J$15,"不入池","入池"))) -> 入池 | H18: =IF('Sheet5-查询核对'!K3="","",'Sheet5-查询核对'!K3) -> 5-10亿元 | I18: =IF(H18="","",IF(COUNTIF('Sheet1-指标体系'!$P$4:$P$10,H18)=0,"",INDEX('Sheet1-指标体系'!$Q$4:$Q$10,MATCH(H18,'Sheet1-指标体系'!$P$4:$P$10,0)))) -> 70 | J18: =IF(NOT(ISNUMBER('Sheet5-查询核对'!N3)),"",IF('Sheet5-查询核对'!N3=1,"低于"&'Sheet1-指标体系'!$J$4&"万元",IF('Sheet5-查询核对'!N3=0,"无低于"&'Sheet1-指标体系'!$J$4&"万元标识",""))) -> 无低于1000万元标识 | K18: =IF(NOT(ISNUMBER('Sheet5-查询核对'!N3)),"",IF('Sheet5-查询核对'!N3=1,'Sheet1-指标体系'!$J$21,IF('Sheet5-查询核对'!N3=0,'Sheet1-指标体系'!$J$18,""))) -> 100 | L18: =IF(NOT(ISNUMBER(F18)),"",IF(F18<'Sheet1-指标体系'!$J$15,"",IF(F18<'Sheet1-指标体系'!$J$16,'Sheet1-指标体系'!$J$17,'Sheet1-指标体系'!$J$18))) -> 100 | M18: =IF(ISNUMBER('Sheet4-原始数据'!G3),'Sheet4-原始数据'!G3,"") -> 0.45675608 | N18: =IF(ISNUMBER('Sheet4-原始数据'!H3),'Sheet4-原始数据'!H3,"") -> 0.24545794 | O18: =IF(ISNUMBER('Sheet5-查询核对'!Q3),'Sheet5-查询核对'!Q3,"") -> 0.2454158 | P18: =IF(G18<>"入池","",IF(F18>='Sheet1-指标体系'!$J$16,IF(AND(ISNUMBER(M18),ISNUMBER(N18)),IF(AND(1+M18>0,1+N18>=0),((1+N18)^'Sheet1-指标体系'!$J$16/(1+M18))^(1/('Sheet1-指标体系'!$J$16-1))-1,""),""),IF(AND(ISNUMBER(M18),ISNUMBER(O18)),IF(AND(F18>1,1+M18>0,1+O18>=0),((1+O18)^F18/(1+M18))^(1/(F18-1))-1,""),""))) -> 0.15159609 | Q18: =IF(BK18=1,IF(SUM($BK$17:$BK$99)<=1,100,ROUND(100*(COUNTIFS($BK$17:$BK$99,1,$M$17:$M$99,"<"&M18)+(COUNTIFS($BK$17:$BK$99,1,$M$17:$M$99,M18)-1)/2)/(SUM($BK$17:$BK$99)-1),2)),"") -> 100 | R18: =IF(BL18=1,IF(SUM($BL$17:$BL$99)<=1,100,ROUND(100*(COUNTIFS($BL$17:$BL$99,1,$P$17:$P$99,"<"&P18)+(COUNTIFS($BL$17:$BL$99,1,$P$17:$P$99,P18)-1)/2)/(SUM($BL$17:$BL$99)-1),2)),"") -> 87.88 | S18: =IF(ISNUMBER(Q18),IF(ISNUMBER(R18),ROUND(Q18*'Sheet1-指标体系'!$J$8+R18*'Sheet1-指标体系'!$J$9,2),Q18),"") -> 95.15 | T18: =IF(ISNUMBER('Sheet4-原始数据'!J3),'Sheet4-原始数据'!J3,"") -> 0.69230769 | U18: =IF(ISNUMBER('Sheet4-原始数据'!I3),'Sheet4-原始数据'!I3,"") -> 0.64864865 | V18: =IF(AND(ISNUMBER(T18),ISNUMBER(U18)),(U18*'Sheet1-指标体系'!$J$6-T18*'Sheet1-指标体系'!$J$5)/'Sheet1-指标体系'!$J$7,"") -> 0.625 | W18: =IF(ISNUMBER(T18),100*T18,"") -> 69.230769 | X18: =IF(G18<>"入池","",IF(ISNUMBER(V18),IF(AND(V18>=0,V18<=1),V18*'Sheet1-指标体系'!$J$18,IF(MAX(0,(F18-'Sheet1-指标体系'!$J$15)*'Sheet1-指标体系'!$J$20)<'Sheet1-指标体系'!$J$19,'Sheet1-指标体系'!$J$18,"")),IF(MAX(0,(F18-'Sheet1-指标体系'!$J$15)*'Sheet1-指标体系'!$J$20)<'Sheet1-指标体系'!$J$19,'Sheet1-指标体系'!$J$18,""))) -> 62.5 | Y18: =IF(ISNUMBER(W18),IF(ISNUMBER(X18),ROUND(W18*'Sheet1-指标体系'!$J$8+X18*'Sheet1-指标体系'!$J$9,2),W18),"") -> 66.54 | Z18: =IF(AND(ISNUMBER(M18),ISNUMBER(AD18)),IF(AD18<>0,ABS(M18/AD18),""),"") -> 0.13061536 | AA18: =IF(ISNUMBER('Sheet4-原始数据'!K3),'Sheet4-原始数据'!K3,"") -> 0.13061536 | AB18: =IF(AND(ISNUMBER(Z18),ISNUMBER(AA18)),MAX(Z18,AA18),IF(ISNUMBER(Z18),Z18,IF(ISNUMBER(AA18),AA18,""))) -> 0.13061536 | AC18: =IF(BM18=1,IF(SUM($BM$17:$BM$99)<=1,100,ROUND(100*(COUNTIFS($BM$17:$BM$99,1,$AB$17:$AB$99,">"&AB18)+(COUNTIFS($BM$17:$BM$99,1,$AB$17:$AB$99,AB18)-1)/2)/(SUM($BM$17:$BM$99)-1),2)),"") -> 4.05 | AD18: =IF(ISNUMBER('Sheet4-原始数据'!M3),'Sheet4-原始数据'!M3,"") -> 3.4969554 | AE18: =IF(AND(ISNUMBER(P18),ISNUMBER(AA18),ISNUMBER(Z18)),IF(AA18>Z18+'Sheet1-指标体系'!$J$11,AA18,""),"") | AF18: =IF(AND(ISNUMBER(P18),ISNUMBER(AE18)),IF(AE18<>0,P18/AE18,""),"") | AG18: =IF(BN18=1,IF(SUM($BN$17:$BN$99)<=1,100,ROUND(100*(COUNTIFS($BN$17:$BN$99,1,$AD$17:$AD$99,"<"&AD18)+(COUNTIFS($BN$17:$BN$99,1,$AD$17:$AD$99,AD18)-1)/2)/(SUM($BN$17:$BN$99)-1),2)),"") -> 29.58 | AH18: =IF(BO18=1,IF(SUM($BO$17:$BO$99)<=1,100,ROUND(100*(COUNTIFS($BO$17:$BO$99,1,$AF$17:$AF$99,"<"&AF18)+(COUNTIFS($BO$17:$BO$99,1,$AF$17:$AF$99,AF18)-1)/2)/(SUM($BO$17:$BO$99)-1),2)),"") | AI18: =IF(ISNUMBER(AG18),IF(ISNUMBER(AH18),ROUND(AG18*'Sheet1-指标体系'!$J$8+AH18*'Sheet1-指标体系'!$J$9,2),AG18),"") -> 29.58 | AJ18: =IF(NOT(ISNUMBER(F18)),"",IF(F18>='Sheet1-指标体系'!$J$16,IF(ISNUMBER(N18),N18,""),IF(ISNUMBER(O18),O18,""))) -> 0.24545794 | AK18: =IF(AND(G18="入池",ISNUMBER(M18),ISNUMBER(AJ18)),IF(M18>=AJ18,'Sheet1-指标体系'!$J$18,IF(AJ18-M18<'Sheet1-指标体系'!$J$10,'Sheet1-指标体系'!$J$22,'Sheet1-指标体系'!$J$23)),"") -> 100 | AL18: =IF((IF(ISNUMBER(I18),'Sheet1-指标体系'!$G$4,0)+IF(ISNUMBER(K18),'Sheet1-指标体系'!$G$5,0)+IF(ISNUMBER(L18),'Sheet1-指标体系'!$G$6,0))>0,ROUND((IF(ISNUMBER(I18),I18*'Sheet1-指标体系'!$G$4,0)+IF(ISNUMBER(K18),K18*'Sheet1-指标体系'!$G$5,0)+IF(ISNUMBER(L18),L18*'Sheet1-指标体系'!$G$6,0))/(IF(ISNUMBER(I18),'Sheet1-指标体系'!$G$4,0)+IF(ISNUMBER(K18),'Sheet1-指标体系'!$G$5,0)+IF(ISNUMBER(L18),'Sheet1-指标体系'!$G$6,0)),2),"") -> 88 | AM18: =IF(SUM(CD18:CG18)>0,ROUND(SUM(BS18:BV18)/SUM(CD18:CG18),2),"") -> 86.57 | AN18: =IF(SUM(CH18:CH18)>0,ROUND(SUM(BW18:BW18)/SUM(CH18:CH18),2),"") -> 4.05 | AO18: =IF(SUM(CI18:CJ18)>0,ROUND(SUM(BX18:BY18)/SUM(CI18:CJ18),2),"") -> 29.58 | AP18: =IF(SUM(CK18:CK18)>0,ROUND(SUM(BZ18:BZ18)/SUM(CK18:CK18),2),"") -> 100 | AQ18: =SUM(CA18:CK18) -> 0.88 | AR18: =IF(SUM(CA18:CK18)>0,SUM(BP18:BZ18),"") -> 46.850488 | AS18: =IF(SUM(CA18:CK18)>0,ROUND(SUM(BP18:BZ18)/SUM(CA18:CK18),2),"") -> 53.24 | AT18: =IF(OR(G18<>"入池",NOT(ISNUMBER(AS18))),"",COUNTIFS($G$17:$G$99,"入池",$AS$17:$AS$99,">"&AS18)+COUNTIFS($G$17:$G$99,"入池",$AS$17:$AS$99,AS18,$AQ$17:$AQ$99,">"&AQ18)+COUNTIFS($G$17:G18,"入池",$AS$17:AS18,AS18,$AQ$17:AQ18,AQ18)) -> 53 | AU18: =IF(NOT(ISNUMBER(I18)),"管理人规模；","")&IF(NOT(ISNUMBER(K18)),"产品规模标识；","")&IF(NOT(ISNUMBER(M18)),"近一年收益；","")&IF(NOT(ISNUMBER(T18)),"近一年胜率；","")&IF(NOT(ISNUMBER(N18)),"近三年收益；","")&IF(NOT(ISNUMBER(U18)),"近三年胜率；","")&IF(NOT(ISNUMBER(AA18)),"近三年回撤；","")&IF(NOT(ISNUMBER(AD18)),"近一年卡玛；","")&IF(ISNUMBER(F18),IF(AND(F18<'Sheet1-指标体系'!$J$16,NOT(ISNUMBER(O18))),"成立以来年化；",""),"成立日期；")&IF(ISNUMBER(V18),IF(OR(V18<0,V18>1),"胜率窗口口径不一致；",""),"")&IF(ISNUMBER(P18),IF(NOT(ISNUMBER(AE18)),"DD_long不可识别；",""),"") -> DD_long不可识别； | AV18: =IF(ABS(SUM(CA18:CK18)-'Sheet1-指标体系'!$J$25)<0.0000000001,SUM(BP18:BZ18),"") | AW18: =IF(G18<>"入池",G18,IF(AQ18=0,"无有效评分数据",IF(ROUND(AQ18,10)=ROUND('Sheet1-指标体系'!$J$25,10),"完整赋分","暂定分／数据不完整"))) -> 暂定分／数据不完整 | AX18: =IF('Sheet4-原始数据'!C3="","",'Sheet4-原始数据'!C3) -> 期货策略 | AY18: =IF('Sheet4-原始数据'!D3="","",'Sheet4-原始数据'!D3) -> 量化期货 | AZ18: =IF('Sheet5-查询核对'!S3="","",'Sheet5-查询核对'!S3) -> 管理期货—量化CTA | BA18: =IF('Sheet5-查询核对'!A3="","",'Sheet5-查询核对'!A3) -> 3 | BB18: =IF('Sheet5-查询核对'!F3="","",'Sheet5-查询核对'!F3) -> 备案号匹配 | BC18: =IF('Sheet5-查询核对'!I3="","",'Sheet5-查询核对'!I3) -> https://mp.fof99.com/fund/view/b03271229e00ba58 | BD18: =IF('Sheet5-查询核对'!H3="","",'Sheet5-查询核对'!H3) -> 46269 | BE18: =IF('Sheet5-查询核对'!L3="","",'Sheet5-查询核对'!L3) -> https://gs.amac.org.cn/amac-infodisc/res/pof/manager/1801301704109241.html | BF18: =IF('Sheet5-查询核对'!M3="","",'Sheet5-查询核对'!M3) -> 46276 | BG18: =IF('Sheet5-查询核对'!O3="","",'Sheet5-查询核对'!O3) -> https://gs.amac.org.cn/amac-infodisc/res/pof/fund/2212071732101603.html | BH18: =IF('Sheet5-查询核对'!P3="","",'Sheet5-查询核对'!P3) -> 46276 | BI18: =IF('Sheet5-查询核对'!D3="","",'Sheet5-查询核对'!D3) -> SXL267 | BJ18: =IF(ISNUMBER(AT18),AT18,COUNT($AT$17:$AT$99)+ROWS($AT$17:AT18)-COUNT($AT$17:AT18)) -> 53 | BK18: =IF(G18="入池",IF(ISNUMBER(M18),1,0),0) -> 1 | BL18: =IF(G18="入池",IF(ISNUMBER(P18),1,0),0) -> 1 | BM18: =IF(G18="入池",IF(ISNUMBER(AB18),1,0),0) -> 1 | BN18: =IF(G18="入池",IF(ISNUMBER(AD18),1,0),0) -> 1 | BO18: =IF(G18="入池",IF(ISNUMBER(AF18),1,0),0) -> 0 | BP18: =IF(G18="入池",IF(ISNUMBER(I18),I18*('Sheet1-指标体系'!$G$4),0),0) -> 4.2 | BQ18: =IF(G18="入池",IF(ISNUMBER(K18),K18*('Sheet1-指标体系'!$G$5),0),0) -> 4.5 | BR18: =IF(G18="入池",IF(ISNUMBER(L18),L18*('Sheet1-指标体系'!$G$6),0),0) -> 4.5 | BS18: =IF(G18="入池",IF(ISNUMBER(Q18),Q18*('Sheet1-指标体系'!$G$7*'Sheet1-指标体系'!$J$8),0),0) -> 8.4 | BT18: =IF(G18="入池",IF(ISNUMBER(R18),R18*('Sheet1-指标体系'!$G$7*'Sheet1-指标体系'!$J$9),0),0) -> 4.92128 | BU18: =IF(G18="入池",IF(ISNUMBER(W18),W18*('Sheet1-指标体系'!$G$8*'Sheet1-指标体系'!$J$8),0),0) -> 2.4923077 | BV18: =IF(G18="入池",IF(ISNUMBER(X18),X18*('Sheet1-指标体系'!$G$8*'Sheet1-指标体系'!$J$9),0),0) -> 1.5 | BW18: =IF(G18="入池",IF(ISNUMBER(AC18),AC18*('Sheet1-指标体系'!$G$9),0),0) -> 1.0125 | BX18: =IF(G18="入池",IF(ISNUMBER(AG18),AG18*('Sheet1-指标体系'!$G$10*'Sheet1-指标体系'!$J$8),0),0) -> 5.3244 | BY18: =IF(G18="入池",IF(ISNUMBER(AH18),AH18*('Sheet1-指标体系'!$G$10*'Sheet1-指标体系'!$J$9),0),0) -> 0 | BZ18: =IF(G18="入池",IF(ISNUMBER(AK18),AK18*('Sheet1-指标体系'!$G$11),0),0) -> 10 | CA18: =IF(G18="入池",IF(ISNUMBER(I18),'Sheet1-指标体系'!$G$4,0),0) -> 0.06 | CB18: =IF(G18="入池",IF(ISNUMBER(K18),'Sheet1-指标体系'!$G$5,0),0) -> 0.045 | CC18: =IF(G18="入池",IF(ISNUMBER(L18),'Sheet1-指标体系'!$G$6,0),0) -> 0.045 | CD18: =IF(G18="入池",IF(ISNUMBER(Q18),'Sheet1-指标体系'!$G$7*'Sheet1-指标体系'!$J$8,0),0) -> 0.084 | CE18: =IF(G18="入池",IF(ISNUMBER(R18),'Sheet1-指标体系'!$G$7*'Sheet1-指标体系'!$J$9,0),0) -> 0.056 | CF18: =IF(G18="入池",IF(ISNUMBER(W18),'Sheet1-指标体系'!$G$8*'Sheet1-指标体系'!$J$8,0),0) -> 0.036 | CG18: =IF(G18="入池",IF(ISNUMBER(X18),'Sheet1-指标体系'!$G$8*'Sheet1-指标体系'!$J$9,0),0) -> 0.024 | CH18: =IF(G18="入池",IF(ISNUMBER(AC18),'Sheet1-指标体系'!$G$9,0),0) -> 0.25 | CI18: =IF(G18="入池",IF(ISNUMBER(AG18),'Sheet1-指标体系'!$G$10*'Sheet1-指标体系'!$J$8,0),0) -> 0.18 | CJ18: =IF(G18="入池",IF(ISNUMBER(AH18),'Sheet1-指标体系'!$G$10*'Sheet1-指标体系'!$J$9,0),0) -> 0 | CK18: =IF(G18="入池",IF(ISNUMBER(AK18),'Sheet1-指标体系'!$G$11,0),0) -> 0.1
A19: ='Sheet5-查询核对'!A4-1 -> 3 | B19: =IF('Sheet4-原始数据'!A4="",'Sheet5-查询核对'!B4,'Sheet4-原始数据'!A4) -> 博牛转债策略2号 | C19: =IF('Sheet4-原始数据'!B4="","",'Sheet4-原始数据'!B4) -> SVY871 | D19: =IF('Sheet4-原始数据'!E4="","",'Sheet4-原始数据'!E4) -> 广州博牛 | E19: =IF('Sheet4-原始数据'!F4="","",'Sheet4-原始数据'!F4) -> 44788 | F19: =IF(ISNUMBER(E19),ROUND(('Sheet1-指标体系'!$J$12-E19)/'Sheet1-指标体系'!$J$14,4),"") -> 4.0712 | G19: =IF(C19="","未匹配",IF(NOT(ISNUMBER(F19)),"缺成立日期",IF(F19<'Sheet1-指标体系'!$J$15,"不入池","入池"))) -> 入池 | H19: =IF('Sheet5-查询核对'!K4="","",'Sheet5-查询核对'!K4) -> 5-10亿元 | I19: =IF(H19="","",IF(COUNTIF('Sheet1-指标体系'!$P$4:$P$10,H19)=0,"",INDEX('Sheet1-指标体系'!$Q$4:$Q$10,MATCH(H19,'Sheet1-指标体系'!$P$4:$P$10,0)))) -> 70 | J19: =IF(NOT(ISNUMBER('Sheet5-查询核对'!N4)),"",IF('Sheet5-查询核对'!N4=1,"低于"&'Sheet1-指标体系'!$J$4&"万元",IF('Sheet5-查询核对'!N4=0,"无低于"&'Sheet1-指标体系'!$J$4&"万元标识",""))) -> 无低于1000万元标识 | K19: =IF(NOT(ISNUMBER('Sheet5-查询核对'!N4)),"",IF('Sheet5-查询核对'!N4=1,'Sheet1-指标体系'!$J$21,IF('Sheet5-查询核对'!N4=0,'Sheet1-指标体系'!$J$18,""))) -> 100 | L19: =IF(NOT(ISNUMBER(F19)),"",IF(F19<'Sheet1-指标体系'!$J$15,"",IF(F19<'Sheet1-指标体系'!$J$16,'Sheet1-指标体系'!$J$17,'Sheet1-指标体系'!$J$18))) -> 100 | M19: =IF(ISNUMBER('Sheet4-原始数据'!G4),'Sheet4-原始数据'!G4,"") -> -0.0148 | N19: =IF(ISNUMBER('Sheet4-原始数据'!H4),'Sheet4-原始数据'!H4,"") -> 0.0427 | O19: =IF(ISNUMBER('Sheet5-查询核对'!Q4),'Sheet5-查询核对'!Q4,"") -> 0.0478 | P19: =IF(G19<>"入池","",IF(F19>='Sheet1-指标体系'!$J$16,IF(AND(ISNUMBER(M19),ISNUMBER(N19)),IF(AND(1+M19>0,1+N19>=0),((1+N19)^'Sheet1-指标体系'!$J$16/(1+M19))^(1/('Sheet1-指标体系'!$J$16-1))-1,""),""),IF(AND(ISNUMBER(M19),ISNUMBER(O19)),IF(AND(F19>1,1+M19>0,1+O19>=0),((1+O19)^F19/(1+M19))^(1/(F19-1))-1,""),""))) -> 0.072696488 | Q19: =IF(BK19=1,IF(SUM($BK$17:$BK$99)<=1,100,ROUND(100*(COUNTIFS($BK$17:$BK$99,1,$M$17:$M$99,"<"&M19)+(COUNTIFS($BK$17:$BK$99,1,$M$17:$M$99,M19)-1)/2)/(SUM($BK$17:$BK$99)-1),2)),"") -> 1.39 | R19: =IF(BL19=1,IF(SUM($BL$17:$BL$99)<=1,100,ROUND(100*(COUNTIFS($BL$17:$BL$99,1,$P$17:$P$99,"<"&P19)+(COUNTIFS($BL$17:$BL$99,1,$P$17:$P$99,P19)-1)/2)/(SUM($BL$17:$BL$99)-1),2)),"") -> 43.94 | S19: =IF(ISNUMBER(Q19),IF(ISNUMBER(R19),ROUND(Q19*'Sheet1-指标体系'!$J$8+R19*'Sheet1-指标体系'!$J$9,2),Q19),"") -> 18.41 | T19: =IF(ISNUMBER('Sheet4-原始数据'!J4),'Sheet4-原始数据'!J4,"") -> 0.3077 | U19: =IF(ISNUMBER('Sheet4-原始数据'!I4),'Sheet4-原始数据'!I4,"") -> 0.5946 | V19: =IF(AND(ISNUMBER(T19),ISNUMBER(U19)),(U19*'Sheet1-指标体系'!$J$6-T19*'Sheet1-指标体系'!$J$5)/'Sheet1-指标体系'!$J$7,"") -> 0.75000417 | W19: =IF(ISNUMBER(T19),100*T19,"") -> 30.77 | X19: =IF(G19<>"入池","",IF(ISNUMBER(V19),IF(AND(V19>=0,V19<=1),V19*'Sheet1-指标体系'!$J$18,IF(MAX(0,(F19-'Sheet1-指标体系'!$J$15)*'Sheet1-指标体系'!$J$20)<'Sheet1-指标体系'!$J$19,'Sheet1-指标体系'!$J$18,"")),IF(MAX(0,(F19-'Sheet1-指标体系'!$J$15)*'Sheet1-指标体系'!$J$20)<'Sheet1-指标体系'!$J$19,'Sheet1-指标体系'!$J$18,""))) -> 75.000417 | Y19: =IF(ISNUMBER(W19),IF(ISNUMBER(X19),ROUND(W19*'Sheet1-指标体系'!$J$8+X19*'Sheet1-指标体系'!$J$9,2),W19),"") -> 48.46 | Z19: =IF(AND(ISNUMBER(M19),ISNUMBER(AD19)),IF(AD19<>0,ABS(M19/AD19),""),"") -> 0.044875682 | AA19: =IF(ISNUMBER('Sheet4-原始数据'!K4),'Sheet4-原始数据'!K4,"") -> 0.045 | AB19: =IF(AND(ISNUMBER(Z19),ISNUMBER(AA19)),MAX(Z19,AA19),IF(ISNUMBER(Z19),Z19,IF(ISNUMBER(AA19),AA19,""))) -> 0.045 | AC19: =IF(BM19=1,IF(SUM($BM$17:$BM$99)<=1,100,ROUND(100*(COUNTIFS($BM$17:$BM$99,1,$AB$17:$AB$99,">"&AB19)+(COUNTIFS($BM$17:$BM$99,1,$AB$17:$AB$99,AB19)-1)/2)/(SUM($BM$17:$BM$99)-1),2)),"") -> 20.27 | AD19: =IF(ISNUMBER('Sheet4-原始数据'!M4),'Sheet4-原始数据'!M4,"") -> -0.3298 | AE19: =IF(AND(ISNUMBER(P19),ISNUMBER(AA19),ISNUMBER(Z19)),IF(AA19>Z19+'Sheet1-指标体系'!$J$11,AA19,""),"") -> 0.045 | AF19: =IF(AND(ISNUMBER(P19),ISNUMBER(AE19)),IF(AE19<>0,P19/AE19,""),"") -> 1.6154775 | AG19: =IF(BN19=1,IF(SUM($BN$17:$BN$99)<=1,100,ROUND(100*(COUNTIFS($BN$17:$BN$99,1,$AD$17:$AD$99,"<"&AD19)+(COUNTIFS($BN$17:$BN$99,1,$AD$17:$AD$99,AD19)-1)/2)/(SUM($BN$17:$BN$99)-1),2)),"") -> 1.41 | AH19: =IF(BO19=1,IF(SUM($BO$17:$BO$99)<=1,100,ROUND(100*(COUNTIFS($BO$17:$BO$99,1,$AF$17:$AF$99,"<"&AF19)+(COUNTIFS($BO$17:$BO$99,1,$AF$17:$AF$99,AF19)-1)/2)/(SUM($BO$17:$BO$99)-1),2)),"") -> 25 | AI19: =IF(ISNUMBER(AG19),IF(ISNUMBER(AH19),ROUND(AG19*'Sheet1-指标体系'!$J$8+AH19*'Sheet1-指标体系'!$J$9,2),AG19),"") -> 10.85 | AJ19: =IF(NOT(ISNUMBER(F19)),"",IF(F19>='Sheet1-指标体系'!$J$16,IF(ISNUMBER(N19),N19,""),IF(ISNUMBER(O19),O19,""))) -> 0.0427 | AK19: =IF(AND(G19="入池",ISNUMBER(M19),ISNUMBER(AJ19)),IF(M19>=AJ19,'Sheet1-指标体系'!$J$18,IF(AJ19-M19<'Sheet1-指标体系'!$J$10,'Sheet1-指标体系'!$J$22,'Sheet1-指标体系'!$J$23)),"") -> 80 | AL19: =IF((IF(ISNUMBER(I19),'Sheet1-指标体系'!$G$4,0)+IF(ISNUMBER(K19),'Sheet1-指标体系'!$G$5,0)+IF(ISNUMBER(L19),'Sheet1-指标体系'!$G$6,0))>0,ROUND((IF(ISNUMBER(I19),I19*'Sheet1-指标体系'!$G$4,0)+IF(ISNUMBER(K19),K19*'Sheet1-指标体系'!$G$5,0)+IF(ISNUMBER(L19),L19*'Sheet1-指标体系'!$G$6,0))/(IF(ISNUMBER(I19),'Sheet1-指标体系'!$G$4,0)+IF(ISNUMBER(K19),'Sheet1-指标体系'!$G$5,0)+IF(ISNUMBER(L19),'Sheet1-指标体系'!$G$6,0)),2),"") -> 88 | AM19: =IF(SUM(CD19:CG19)>0,ROUND(SUM(BS19:BV19)/SUM(CD19:CG19),2),"") -> 27.43 | AN19: =IF(SUM(CH19:CH19)>0,ROUND(SUM(BW19:BW19)/SUM(CH19:CH19),2),"") -> 20.27 | AO19: =IF(SUM(CI19:CJ19)>0,ROUND(SUM(BX19:BY19)/SUM(CI19:CJ19),2),"") -> 10.85 | AP19: =IF(SUM(CK19:CK19)>0,ROUND(SUM(BZ19:BZ19)/SUM(CK19:CK19),2),"") -> 80 | AQ19: =SUM(CA19:CK19) -> 1 | AR19: =IF(SUM(CA19:CK19)>0,SUM(BP19:BZ19),"") -> 35.00643 | AS19: =IF(SUM(CA19:CK19)>0,ROUND(SUM(BP19:BZ19)/SUM(CA19:CK19),2),"") -> 35.01 | AT19: =IF(OR(G19<>"入池",NOT(ISNUMBER(AS19))),"",COUNTIFS($G$17:$G$99,"入池",$AS$17:$AS$99,">"&AS19)+COUNTIFS($G$17:$G$99,"入池",$AS$17:$AS$99,AS19,$AQ$17:$AQ$99,">"&AQ19)+COUNTIFS($G$17:G19,"入池",$AS$17:AS19,AS19,$AQ$17:AQ19,AQ19)) -> 74 | AU19: =IF(NOT(ISNUMBER(I19)),"管理人规模；","")&IF(NOT(ISNUMBER(K19)),"产品规模标识；","")&IF(NOT(ISNUMBER(M19)),"近一年收益；","")&IF(NOT(ISNUMBER(T19)),"近一年胜率；","")&IF(NOT(ISNUMBER(N19)),"近三年收益；","")&IF(NOT(ISNUMBER(U19)),"近三年胜率；","")&IF(NOT(ISNUMBER(AA19)),"近三年回撤；","")&IF(NOT(ISNUMBER(AD19)),"近一年卡玛；","")&IF(ISNUMBER(F19),IF(AND(F19<'Sheet1-指标体系'!$J$16,NOT(ISNUMBER(O19))),"成立以来年化；",""),"成立日期；")&IF(ISNUMBER(V19),IF(OR(V19<0,V19>1),"胜率窗口口径不一致；",""),"")&IF(ISNUMBER(P19),IF(NOT(ISNUMBER(AE19)),"DD_long不可识别；",""),"") | AV19: =IF(ABS(SUM(CA19:CK19)-'Sheet1-指标体系'!$J$25)<0.0000000001,SUM(BP19:BZ19),"") -> 35.00643 | AW19: =IF(G19<>"入池",G19,IF(AQ19=0,"无有效评分数据",IF(ROUND(AQ19,10)=ROUND('Sheet1-指标体系'!$J$25,10),"完整赋分","暂定分／数据不完整"))) -> 完整赋分 | AX19: =IF('Sheet4-原始数据'!C4="","",'Sheet4-原始数据'!C4) -> 套利策略 | AY19: =IF('Sheet4-原始数据'!D4="","",'Sheet4-原始数据'!D4) -> 可转债套利 | AZ19: =IF('Sheet5-查询核对'!S4="","",'Sheet5-查询核对'!S4) -> 套利策略—可转债套利 | BA19: =IF('Sheet5-查询核对'!A4="","",'Sheet5-查询核对'!A4) -> 4 | BB19: =IF('Sheet5-查询核对'!F4="","",'Sheet5-查询核对'!F4) -> 备案号匹配 | BC19: =IF('Sheet5-查询核对'!I4="","",'Sheet5-查询核对'!I4) -> https://mp.fof99.com/fund/view/9b20523c2bad1cdc | BD19: =IF('Sheet5-查询核对'!H4="","",'Sheet5-查询核对'!H4) -> 46269 | BE19: =IF('Sheet5-查询核对'!L4="","",'Sheet5-查询核对'!L4) -> https://gs.amac.org.cn/amac-infodisc/res/pof/manager/1801020956105866.html | BF19: =IF('Sheet5-查询核对'!M4="","",'Sheet5-查询核对'!M4) -> 46276 | BG19: =IF('Sheet5-查询核对'!O4="","",'Sheet5-查询核对'!O4) -> https://gs.amac.org.cn/amac-infodisc/res/pof/fund/2208121907108282.html | BH19: =IF('Sheet5-查询核对'!P4="","",'Sheet5-查询核对'!P4) -> 46276 | BI19: =IF('Sheet5-查询核对'!D4="","",'Sheet5-查询核对'!D4) -> SVY871 | BJ19: =IF(ISNUMBER(AT19),AT19,COUNT($AT$17:$AT$99)+ROWS($AT$17:AT19)-COUNT($AT$17:AT19)) -> 74 | BK19: =IF(G19="入池",IF(ISNUMBER(M19),1,0),0) -> 1 | BL19: =IF(G19="入池",IF(ISNUMBER(P19),1,0),0) -> 1 | BM19: =IF(G19="入池",IF(ISNUMBER(AB19),1,0),0) -> 1 | BN19: =IF(G19="入池",IF(ISNUMBER(AD19),1,0),0) -> 1 | BO19: =IF(G19="入池",IF(ISNUMBER(AF19),1,0),0) -> 1 | BP19: =IF(G19="入池",IF(ISNUMBER(I19),I19*('Sheet1-指标体系'!$G$4),0),0) -> 4.2 | BQ19: =IF(G19="入池",IF(ISNUMBER(K19),K19*('Sheet1-指标体系'!$G$5),0),0) -> 4.5 | BR19: =IF(G19="入池",IF(ISNUMBER(L19),L19*('Sheet1-指标体系'!$G$6),0),0) -> 4.5 | BS19: =IF(G19="入池",IF(ISNUMBER(Q19),Q19*('Sheet1-指标体系'!$G$7*'Sheet1-指标体系'!$J$8),0),0) -> 0.11676 | BT19: =IF(G19="入池",IF(ISNUMBER(R19),R19*('Sheet1-指标体系'!$G$7*'Sheet1-指标体系'!$J$9),0),0) -> 2.46064 | BU19: =IF(G19="入池",IF(ISNUMBER(W19),W19*('Sheet1-指标体系'!$G$8*'Sheet1-指标体系'!$J$8),0),0) -> 1.10772 | BV19: =IF(G19="入池",IF(ISNUMBER(X19),X19*('Sheet1-指标体系'!$G$8*'Sheet1-指标体系'!$J$9),0),0) -> 1.80001 | BW19: =IF(G19="入池",IF(ISNUMBER(AC19),AC19*('Sheet1-指标体系'!$G$9),0),0) -> 5.0675 | BX19: =IF(G19="入池",IF(ISNUMBER(AG19),AG19*('Sheet1-指标体系'!$G$10*'Sheet1-指标体系'!$J$8),0),0) -> 0.2538 | BY19: =IF(G19="入池",IF(ISNUMBER(AH19),AH19*('Sheet1-指标体系'!$G$10*'Sheet1-指标体系'!$J$9),0),0) -> 3 | BZ19: =IF(G19="入池",IF(ISNUMBER(AK19),AK19*('Sheet1-指标体系'!$G$11),0),0) -> 8 | CA19: =IF(G19="入池",IF(ISNUMBER(I19),'Sheet1-指标体系'!$G$4,0),0) -> 0.06 | CB19: =IF(G19="入池",IF(ISNUMBER(K19),'Sheet1-指标体系'!$G$5,0),0) -> 0.045 | CC19: =IF(G19="入池",IF(ISNUMBER(L19),'Sheet1-指标体系'!$G$6,0),0) -> 0.045 | CD19: =IF(G19="入池",IF(ISNUMBER(Q19),'Sheet1-指标体系'!$G$7*'Sheet1-指标体系'!$J$8,0),0) -> 0.084 | CE19: =IF(G19="入池",IF(ISNUMBER(R19),'Sheet1-指标体系'!$G$7*'Sheet1-指标体系'!$J$9,0),0) -> 0.056 | CF19: =IF(G19="入池",IF(ISNUMBER(W19),'Sheet1-指标体系'!$G$8*'Sheet1-指标体系'!$J$8,0),0) -> 0.036 | CG19: =IF(G19="入池",IF(ISNUMBER(X19),'Sheet1-指标体系'!$G$8*'Sheet1-指标体系'!$J$9,0),0) -> 0.024 | CH19: =IF(G19="入池",IF(ISNUMBER(AC19),'Sheet1-指标体系'!$G$9,0),0) -> 0.25 | CI19: =IF(G19="入池",IF(ISNUMBER(AG19),'Sheet1-指标体系'!$G$10*'Sheet1-指标体系'!$J$8,0),0) -> 0.18 | CJ19: =IF(G19="入池",IF(ISNUMBER(AH19),'Sheet1-指标体系'!$G$10*'Sheet1-指标体系'!$J$9,0),0) -> 0.12 | CK19: =IF(G19="入池",IF(ISNUMBER(AK19),'Sheet1-指标体系'!$G$11,0),0) -> 0.1
A20: ='Sheet5-查询核对'!A5-1 -> 4 | B20: =IF('Sheet4-原始数据'!A5="",'Sheet5-查询核对'!B5,'Sheet4-原始数据'!A5) -> 博润小牛3号 | C20: =IF('Sheet4-原始数据'!B5="","",'Sheet4-原始数据'!B5) -> STV728 | D20: =IF('Sheet4-原始数据'!E5="","",'Sheet4-原始数据'!E5) -> 北京博润银泰投资 | E20: =IF('Sheet4-原始数据'!F5="","",'Sheet4-原始数据'!F5) -> 44624 | F20: =IF(ISNUMBER(E20),ROUND(('Sheet1-指标体系'!$J$12-E20)/'Sheet1-指标体系'!$J$14,4),"") -> 4.5202 | G20: =IF(C20="","未匹配",IF(NOT(ISNUMBER(F20)),"缺成立日期",IF(F20<'Sheet1-指标体系'!$J$15,"不入池","入池"))) -> 入池 | H20: =IF('Sheet5-查询核对'!K5="","",'Sheet5-查询核对'!K5) -> 100亿元以上 | I20: =IF(H20="","",IF(COUNTIF('Sheet1-指标体系'!$P$4:$P$10,H20)=0,"",INDEX('Sheet1-指标体系'!$Q$4:$Q$10,MATCH(H20,'Sheet1-指标体系'!$P$4:$P$10,0)))) -> 100 | J20: =IF(NOT(ISNUMBER('Sheet5-查询核对'!N5)),"",IF('Sheet5-查询核对'!N5=1,"低于"&'Sheet1-指标体系'!$J$4&"万元",IF('Sheet5-查询核对'!N5=0,"无低于"&'Sheet1-指标体系'!$J$4&"万元标识",""))) -> 无低于1000万元标识 | K20: =IF(NOT(ISNUMBER('Sheet5-查询核对'!N5)),"",IF('Sheet5-查询核对'!N5=1,'Sheet1-指标体系'!$J$21,IF('Sheet5-查询核对'!N5=0,'Sheet1-指标体系'!$J$18,""))) -> 100 | L20: =IF(NOT(ISNUMBER(F20)),"",IF(F20<'Sheet1-指标体系'!$J$15,"",IF(F20<'Sheet1-指标体系'!$J$16,'Sheet1-指标体系'!$J$17,'Sheet1-指标体系'!$J$18))) -> 100 | M20: =IF(ISNUMBER('Sheet4-原始数据'!G5),'Sheet4-原始数据'!G5,"") -> 0.1551 | N20: =IF(ISNUMBER('Sheet4-原始数据'!H5),'Sheet4-原始数据'!H5,"") -> 0.168 | O20: =IF(ISNUMBER('Sheet5-查询核对'!Q5),'Sheet5-查询核对'!Q5,"") -> 0.1427 | P20: =IF(G20<>"入池","",IF(F20>='Sheet1-指标体系'!$J$16,IF(AND(ISNUMBER(M20),ISNUMBER(N20)),IF(AND(1+M20>0,1+N20>=0),((1+N20)^'Sheet1-指标体系'!$J$16/(1+M20))^(1/('Sheet1-指标体系'!$J$16-1))-1,""),""),IF(AND(ISNUMBER(M20),ISNUMBER(O20)),IF(AND(F20>1,1+M20>0,1+O20>=0),((1+O20)^F20/(1+M20))^(1/(F20-1))-1,""),""))) -> 0.17450392 | Q20: =IF(BK20=1,IF(SUM($BK$17:$BK$99)<=1,100,ROUND(100*(COUNTIFS($BK$17:$BK$99,1,$M$17:$M$99,"<"&M20)+(COUNTIFS($BK$17:$BK$99,1,$M$17:$M$99,M20)-1)/2)/(SUM($BK$17:$BK$99)-1),2)),"") -> 80.56 | R20: =IF(BL20=1,IF(SUM($BL$17:$BL$99)<=1,100,ROUND(100*(COUNTIFS($BL$17:$BL$99,1,$P$17:$P$99,"<"&P20)+(COUNTIFS($BL$17:$BL$99,1,$P$17:$P$99,P20)-1)/2)/(SUM($BL$17:$BL$99)-1),2)),"") -> 96.97 | S20: =IF(ISNUMBER(Q20),IF(ISNUMBER(R20),ROUND(Q20*'Sheet1-指标体系'!$J$8+R20*'Sheet1-指标体系'!$J$9,2),Q20),"") -> 87.12 | T20: =IF(ISNUMBER('Sheet4-原始数据'!J5),'Sheet4-原始数据'!J5,"") -> 0.8462 | U20: =IF(ISNUMBER('Sheet4-原始数据'!I5),'Sheet4-原始数据'!I5,"") -> 0.8378 | V20: =IF(AND(ISNUMBER(T20),ISNUMBER(U20)),(U20*'Sheet1-指标体系'!$J$6-T20*'Sheet1-指标体系'!$J$5)/'Sheet1-指标体系'!$J$7,"") -> 0.83325 | W20: =IF(ISNUMBER(T20),100*T20,"") -> 84.62 | X20: =IF(G20<>"入池","",IF(ISNUMBER(V20),IF(AND(V20>=0,V20<=1),V20*'Sheet1-指标体系'!$J$18,IF(MAX(0,(F20-'Sheet1-指标体系'!$J$15)*'Sheet1-指标体系'!$J$20)<'Sheet1-指标体系'!$J$19,'Sheet1-指标体系'!$J$18,"")),IF(MAX(0,(F20-'Sheet1-指标体系'!$J$15)*'Sheet1-指标体系'!$J$20)<'Sheet1-指标体系'!$J$19,'Sheet1-指标体系'!$J$18,""))) -> 83.325 | Y20: =IF(ISNUMBER(W20),IF(ISNUMBER(X20),ROUND(W20*'Sheet1-指标体系'!$J$8+X20*'Sheet1-指标体系'!$J$9,2),W20),"") -> 84.1 | Z20: =IF(AND(ISNUMBER(M20),ISNUMBER(AD20)),IF(AD20<>0,ABS(M20/AD20),""),"") -> 0.02152373 | AA20: =IF(ISNUMBER('Sheet4-原始数据'!K5),'Sheet4-原始数据'!K5,"") -> 0.0223 | AB20: =IF(AND(ISNUMBER(Z20),ISNUMBER(AA20)),MAX(Z20,AA20),IF(ISNUMBER(Z20),Z20,IF(ISNUMBER(AA20),AA20,""))) -> 0.0223 | AC20: =IF(BM20=1,IF(SUM($BM$17:$BM$99)<=1,100,ROUND(100*(COUNTIFS($BM$17:$BM$99,1,$AB$17:$AB$99,">"&AB20)+(COUNTIFS($BM$17:$BM$99,1,$AB$17:$AB$99,AB20)-1)/2)/(SUM($BM$17:$BM$99)-1),2)),"") -> 51.35 | AD20: =IF(ISNUMBER('Sheet4-原始数据'!M5),'Sheet4-原始数据'!M5,"") -> 7.206 | AE20: =IF(AND(ISNUMBER(P20),ISNUMBER(AA20),ISNUMBER(Z20)),IF(AA20>Z20+'Sheet1-指标体系'!$J$11,AA20,""),"") -> 0.0223 | AF20: =IF(AND(ISNUMBER(P20),ISNUMBER(AE20)),IF(AE20<>0,P20/AE20,""),"") -> 7.8252881 | AG20: =IF(BN20=1,IF(SUM($BN$17:$BN$99)<=1,100,ROUND(100*(COUNTIFS($BN$17:$BN$99,1,$AD$17:$AD$99,"<"&AD20)+(COUNTIFS($BN$17:$BN$99,1,$AD$17:$AD$99,AD20)-1)/2)/(SUM($BN$17:$BN$99)-1),2)),"") -> 43.66 | AH20: =IF(BO20=1,IF(SUM($BO$17:$BO$99)<=1,100,ROUND(100*(COUNTIFS($BO$17:$BO$99,1,$AF$17:$AF$99,"<"&AF20)+(COUNTIFS($BO$17:$BO$99,1,$AF$17:$AF$99,AF20)-1)/2)/(SUM($BO$17:$BO$99)-1),2)),"") -> 71.88 | AI20: =IF(ISNUMBER(AG20),IF(ISNUMBER(AH20),ROUND(AG20*'Sheet1-指标体系'!$J$8+AH20*'Sheet1-指标体系'!$J$9,2),AG20),"") -> 54.95 | AJ20: =IF(NOT(ISNUMBER(F20)),"",IF(F20>='Sheet1-指标体系'!$J$16,IF(ISNUMBER(N20),N20,""),IF(ISNUMBER(O20),O20,""))) -> 0.168 | AK20: =IF(AND(G20="入池",ISNUMBER(M20),ISNUMBER(AJ20)),IF(M20>=AJ20,'Sheet1-指标体系'!$J$18,IF(AJ20-M20<'Sheet1-指标体系'!$J$10,'Sheet1-指标体系'!$J$22,'Sheet1-指标体系'!$J$23)),"") -> 80 | AL20: =IF((IF(ISNUMBER(I20),'Sheet1-指标体系'!$G$4,0)+IF(ISNUMBER(K20),'Sheet1-指标体系'!$G$5,0)+IF(ISNUMBER(L20),'Sheet1-指标体系'!$G$6,0))>0,ROUND((IF(ISNUMBER(I20),I20*'Sheet1-指标体系'!$G$4,0)+IF(ISNUMBER(K20),K20*'Sheet1-指标体系'!$G$5,0)+IF(ISNUMBER(L20),L20*'Sheet1-指标体系'!$G$6,0))/(IF(ISNUMBER(I20),'Sheet1-指标体系'!$G$4,0)+IF(ISNUMBER(K20),'Sheet1-指标体系'!$G$5,0)+IF(ISNUMBER(L20),'Sheet1-指标体系'!$G$6,0)),2),"") -> 100 | AM20: =IF(SUM(CD20:CG20)>0,ROUND(SUM(BS20:BV20)/SUM(CD20:CG20),2),"") -> 86.22 | AN20: =IF(SUM(CH20:CH20)>0,ROUND(SUM(BW20:BW20)/SUM(CH20:CH20),2),"") -> 51.35 | AO20: =IF(SUM(CI20:CJ20)>0,ROUND(SUM(BX20:BY20)/SUM(CI20:CJ20),2),"") -> 54.95 | AP20: =IF(SUM(CK20:CK20)>0,ROUND(SUM(BZ20:BZ20)/SUM(CK20:CK20),2),"") -> 80 | AQ20: =SUM(CA20:CK20) -> 1 | AR20: =IF(SUM(CA20:CK20)>0,SUM(BP20:BZ20),"") -> 69.56538 | AS20: =IF(SUM(CA20:CK20)>0,ROUND(SUM(BP20:BZ20)/SUM(CA20:CK20),2),"") -> 69.57 | AT20: =IF(OR(G20<>"入池",NOT(ISNUMBER(AS20))),"",COUNTIFS($G$17:$G$99,"入池",$AS$17:$AS$99,">"&AS20)+COUNTIFS($G$17:$G$99,"入池",$AS$17:$AS$99,AS20,$AQ$17:$AQ$99,">"&AQ20)+COUNTIFS($G$17:G20,"入池",$AS$17:AS20,AS20,$AQ$17:AQ20,AQ20)) -> 34 | AU20: =IF(NOT(ISNUMBER(I20)),"管理人规模；","")&IF(NOT(ISNUMBER(K20)),"产品规模标识；","")&IF(NOT(ISNUMBER(M20)),"近一年收益；","")&IF(NOT(ISNUMBER(T20)),"近一年胜率；","")&IF(NOT(ISNUMBER(N20)),"近三年收益；","")&IF(NOT(ISNUMBER(U20)),"近三年胜率；","")&IF(NOT(ISNUMBER(AA20)),"近三年回撤；","")&IF(NOT(ISNUMBER(AD20)),"近一年卡玛；","")&IF(ISNUMBER(F20),IF(AND(F20<'Sheet1-指标体系'!$J$16,NOT(ISNUMBER(O20))),"成立以来年化；",""),"成立日期；")&IF(ISNUMBER(V20),IF(OR(V20<0,V20>1),"胜率窗口口径不一致；",""),"")&IF(ISNUMBER(P20),IF(NOT(ISNUMBER(AE20)),"DD_long不可识别；",""),"") | AV20: =IF(ABS(SUM(CA20:CK20)-'Sheet1-指标体系'!$J$25)<0.0000000001,SUM(BP20:BZ20),"") -> 69.56538 | AW20: =IF(G20<>"入池",G20,IF(AQ20=0,"无有效评分数据",IF(ROUND(AQ20,10)=ROUND('Sheet1-指标体系'!$J$25,10),"完整赋分","暂定分／数据不完整"))) -> 完整赋分 | AX20: =IF('Sheet4-原始数据'!C5="","",'Sheet4-原始数据'!C5) -> 套利策略 | AY20: =IF('Sheet4-原始数据'!D5="","",'Sheet4-原始数据'!D5) -> 基金套利 | AZ20: =IF('Sheet5-查询核对'!S5="","",'Sheet5-查询核对'!S5) -> 套利策略—基金套利 | BA20: =IF('Sheet5-查询核对'!A5="","",'Sheet5-查询核对'!A5) -> 5 | BB20: =IF('Sheet5-查询核对'!F5="","",'Sheet5-查询核对'!F5) -> 备案号匹配 | BC20: =IF('Sheet5-查询核对'!I5="","",'Sheet5-查询核对'!I5) -> https://mp.fof99.com/fund/view/783b8a029943d82b | BD20: =IF('Sheet5-查询核对'!H5="","",'Sheet5-查询核对'!H5) -> 46269 | BE20: =IF('Sheet5-查询核对'!L5="","",'Sheet5-查询核对'!L5) -> https://gs.amac.org.cn/amac-infodisc/res/pof/manager/101000005082.html | BF20: =IF('Sheet5-查询核对'!M5="","",'Sheet5-查询核对'!M5) -> 46276 | BG20: =IF('Sheet5-查询核对'!O5="","",'Sheet5-查询核对'!O5) -> https://gs.amac.org.cn/amac-infodisc/res/pof/fund/2203041707107702.html | BH20: =IF('Sheet5-查询核对'!P5="","",'Sheet5-查询核对'!P5) -> 46276 | BI20: =IF('Sheet5-查询核对'!D5="","",'Sheet5-查询核对'!D5) -> STV728 | BJ20: =IF(ISNUMBER(AT20),AT20,COUNT($AT$17:$AT$99)+ROWS($AT$17:AT20)-COUNT($AT$17:AT20)) -> 34 | BK20: =IF(G20="入池",IF(ISNUMBER(M20),1,0),0) -> 1 | BL20: =IF(G20="入池",IF(ISNUMBER(P20),1,0),0) -> 1 | BM20: =IF(G20="入池",IF(ISNUMBER(AB20),1,0),0) -> 1 | BN20: =IF(G20="入池",IF(ISNUMBER(AD20),1,0),0) -> 1 | BO20: =IF(G20="入池",IF(ISNUMBER(AF20),1,0),0) -> 1 | BP20: =IF(G20="入池",IF(ISNUMBER(I20),I20*('Sheet1-指标体系'!$G$4),0),0) -> 6 | BQ20: =IF(G20="入池",IF(ISNUMBER(K20),K20*('Sheet1-指标体系'!$G$5),0),0) -> 4.5 | BR20: =IF(G20="入池",IF(ISNUMBER(L20),L20*('Sheet1-指标体系'!$G$6),0),0) -> 4.5 | BS20: =IF(G20="入池",IF(ISNUMBER(Q20),Q20*('Sheet1-指标体系'!$G$7*'Sheet1-指标体系'!$J$8),0),0) -> 6.76704 | BT20: =IF(G20="入池",IF(ISNUMBER(R20),R20*('Sheet1-指标体系'!$G$7*'Sheet1-指标体系'!$J$9),0),0) -> 5.43032 | BU20: =IF(G20="入池",IF(ISNUMBER(W20),W20*('Sheet1-指标体系'!$G$8*'Sheet1-指标体系'!$J$8),0),0) -> 3.04632 | BV20: =IF(G20="入池",IF(ISNUMBER(X20),X20*('Sheet1-指标体系'!$G$8*'Sheet1-指标体系'!$J$9),0),0) -> 1.9998 | BW20: =IF(G20="入池",IF(ISNUMBER(AC20),AC20*('Sheet1-指标体系'!$G$9),0),0) -> 12.8375 | BX20: =IF(G20="入池",IF(ISNUMBER(AG20),AG20*('Sheet1-指标体系'!$G$10*'Sheet1-指标体系'!$J$8),0),0) -> 7.8588 | BY20: =IF(G20="入池",IF(ISNUMBER(AH20),AH20*('Sheet1-指标体系'!$G$10*'Sheet1-指标体系'!$J$9),0),0) -> 8.6256 | BZ20: =IF(G20="入池",IF(ISNUMBER(AK20),AK20*('Sheet1-指标体系'!$G$11),0),0) -> 8 | CA20: =IF(G20="入池",IF(ISNUMBER(I20),'Sheet1-指标体系'!$G$4,0),0) -> 0.06 | CB20: =IF(G20="入池",IF(ISNUMBER(K20),'Sheet1-指标体系'!$G$5,0),0) -> 0.045 | CC20: =IF(G20="入池",IF(ISNUMBER(L20),'Sheet1-指标体系'!$G$6,0),0) -> 0.045 | CD20: =IF(G20="入池",IF(ISNUMBER(Q20),'Sheet1-指标体系'!$G$7*'Sheet1-指标体系'!$J$8,0),0) -> 0.084 | CE20: =IF(G20="入池",IF(ISNUMBER(R20),'Sheet1-指标体系'!$G$7*'Sheet1-指标体系'!$J$9,0),0) -> 0.056 | CF20: =IF(G20="入池",IF(ISNUMBER(W20),'Sheet1-指标体系'!$G$8*'Sheet1-指标体系'!$J$8,0),0) -> 0.036 | CG20: =IF(G20="入池",IF(ISNUMBER(X20),'Sheet1-指标体系'!$G$8*'Sheet1-指标体系'!$J$9,0),0) -> 0.024 | CH20: =IF(G20="入池",IF(ISNUMBER(AC20),'Sheet1-指标体系'!$G$9,0),0) -> 0.25 | CI20: =IF(G20="入池",IF(ISNUMBER(AG20),'Sheet1-指标体系'!$G$10*'Sheet1-指标体系'!$J$8,0),0) -> 0.18 | CJ20: =IF(G20="入池",IF(ISNUMBER(AH20),'Sheet1-指标体系'!$G$10*'Sheet1-指标体系'!$J$9,0),0) -> 0.12 | CK20: =IF(G20="入池",IF(ISNUMBER(AK20),'Sheet1-指标体系'!$G$11,0),0) -> 0.1
A21: ='Sheet5-查询核对'!A6-1 -> 5 | B21: =IF('Sheet4-原始数据'!A6="",'Sheet5-查询核对'!B6,'Sheet4-原始数据'!A6) -> 博润易量稳健1号 | C21: =IF('Sheet4-原始数据'!B6="","",'Sheet4-原始数据'!B6) -> SXL913 | D21: =IF('Sheet4-原始数据'!E6="","",'Sheet4-原始数据'!E6) -> 北京博润银泰投资 | E21: =IF('Sheet4-原始数据'!F6="","",'Sheet4-原始数据'!F6) -> 44895 | F21: =IF(ISNUMBER(E21),ROUND(('Sheet1-指标体系'!$J$12-E21)/'Sheet1-指标体系'!$J$14,4),"") -> 3.7782 | G21: =IF(C21="","未匹配",IF(NOT(ISNUMBER(F21)),"缺成立日期",IF(F21<'Sheet1-指标体系'!$J$15,"不入池","入池"))) -> 入池 | H21: =IF('Sheet5-查询核对'!K6="","",'Sheet5-查询核对'!K6) -> 100亿元以上 | I21: =IF(H21="","",IF(COUNTIF('Sheet1-指标体系'!$P$4:$P$10,H21)=0,"",INDEX('Sheet1-指标体系'!$Q$4:$Q$10,MATCH(H21,'Sheet1-指标体系'!$P$4:$P$10,0)))) -> 100 | J21: =IF(NOT(ISNUMBER('Sheet5-查询核对'!N6)),"",IF('Sheet5-查询核对'!N6=1,"低于"&'Sheet1-指标体系'!$J$4&"万元",IF('Sheet5-查询核对'!N6=0,"无低于"&'Sheet1-指标体系'!$J$4&"万元标识",""))) -> 无低于1000万元标识 | K21: =IF(NOT(ISNUMBER('Sheet5-查询核对'!N6)),"",IF('Sheet5-查询核对'!N6=1,'Sheet1-指标体系'!$J$21,IF('Sheet5-查询核对'!N6=0,'Sheet1-指标体系'!$J$18,""))) -> 100 | L21: =IF(NOT(ISNUMBER(F21)),"",IF(F21<'Sheet1-指标体系'!$J$15,"",IF(F21<'Sheet1-指标体系'!$J$16,'Sheet1-指标体系'!$J$17,'Sheet1-指标体系'!$J$18))) -> 100 | M21: =IF(ISNUMBER('Sheet4-原始数据'!G6),'Sheet4-原始数据'!G6,"") -> 0.0829 | N21: =IF(ISNUMBER('Sheet4-原始数据'!H6),'Sheet4-原始数据'!H6,"") -> 0.0543 | O21: =IF(ISNUMBER('Sheet5-查询核对'!Q6),'Sheet5-查询核对'!Q6,"") -> 0.0423 | P21: =IF(G21<>"入池","",IF(F21>='Sheet1-指标体系'!$J$16,IF(AND(ISNUMBER(M21),ISNUMBER(N21)),IF(AND(1+M21>0,1+N21>=0),((1+N21)^'Sheet1-指标体系'!$J$16/(1+M21))^(1/('Sheet1-指标体系'!$J$16-1))-1,""),""),IF(AND(ISNUMBER(M21),ISNUMBER(O21)),IF(AND(F21>1,1+M21>0,1+O21>=0),((1+O21)^F21/(1+M21))^(1/(F21-1))-1,""),""))) -> 0.040284513 | Q21: =IF(BK21=1,IF(SUM($BK$17:$BK$99)<=1,100,ROUND(100*(COUNTIFS($BK$17:$BK$99,1,$M$17:$M$99,"<"&M21)+(COUNTIFS($BK$17:$BK$99,1,$M$17:$M$99,M21)-1)/2)/(SUM($BK$17:$BK$99)-1),2)),"") -> 41.67 | R21: =IF(BL21=1,IF(SUM($BL$17:$BL$99)<=1,100,ROUND(100*(COUNTIFS($BL$17:$BL$99,1,$P$17:$P$99,"<"&P21)+(COUNTIFS($BL$17:$BL$99,1,$P$17:$P$99,P21)-1)/2)/(SUM($BL$17:$BL$99)-1),2)),"") -> 12.12 | S21: =IF(ISNUMBER(Q21),IF(ISNUMBER(R21),ROUND(Q21*'Sheet1-指标体系'!$J$8+R21*'Sheet1-指标体系'!$J$9,2),Q21),"") -> 29.85 | T21: =IF(ISNUMBER('Sheet4-原始数据'!J6),'Sheet4-原始数据'!J6,"") -> 0.5385 | U21: =IF(ISNUMBER('Sheet4-原始数据'!I6),'Sheet4-原始数据'!I6,"") -> 0.6216 | V21: =IF(AND(ISNUMBER(T21),ISNUMBER(U21)),(U21*'Sheet1-指标体系'!$J$6-T21*'Sheet1-指标体系'!$J$5)/'Sheet1-指标体系'!$J$7,"") -> 0.6666125 | W21: =IF(ISNUMBER(T21),100*T21,"") -> 53.85 | X21: =IF(G21<>"入池","",IF(ISNUMBER(V21),IF(AND(V21>=0,V21<=1),V21*'Sheet1-指标体系'!$J$18,IF(MAX(0,(F21-'Sheet1-指标体系'!$J$15)*'Sheet1-指标体系'!$J$20)<'Sheet1-指标体系'!$J$19,'Sheet1-指标体系'!$J$18,"")),IF(MAX(0,(F21-'Sheet1-指标体系'!$J$15)*'Sheet1-指标体系'!$J$20)<'Sheet1-指标体系'!$J$19,'Sheet1-指标体系'!$J$18,""))) -> 66.66125 | Y21: =IF(ISNUMBER(W21),IF(ISNUMBER(X21),ROUND(W21*'Sheet1-指标体系'!$J$8+X21*'Sheet1-指标体系'!$J$9,2),W21),"") -> 58.97 | Z21: =IF(AND(ISNUMBER(M21),ISNUMBER(AD21)),IF(AD21<>0,ABS(M21/AD21),""),"") -> 0.036779059 | AA21: =IF(ISNUMBER('Sheet4-原始数据'!K6),'Sheet4-原始数据'!K6,"") -> 0.0368 | AB21: =IF(AND(ISNUMBER(Z21),ISNUMBER(AA21)),MAX(Z21,AA21),IF(ISNUMBER(Z21),Z21,IF(ISNUMBER(AA21),AA21,""))) -> 0.0368 | AC21: =IF(BM21=1,IF(SUM($BM$17:$BM$99)<=1,100,ROUND(100*(COUNTIFS($BM$17:$BM$99,1,$AB$17:$AB$99,">"&AB21)+(COUNTIFS($BM$17:$BM$99,1,$AB$17:$AB$99,AB21)-1)/2)/(SUM($BM$17:$BM$99)-1),2)),"") -> 31.08 | AD21: =IF(ISNUMBER('Sheet4-原始数据'!M6),'Sheet4-原始数据'!M6,"") -> 2.254 | AE21: =IF(AND(ISNUMBER(P21),ISNUMBER(AA21),ISNUMBER(Z21)),IF(AA21>Z21+'Sheet1-指标体系'!$J$11,AA21,""),"") | AF21: =IF(AND(ISNUMBER(P21),ISNUMBER(AE21)),IF(AE21<>0,P21/AE21,""),"") | AG21: =IF(BN21=1,IF(SUM($BN$17:$BN$99)<=1,100,ROUND(100*(COUNTIFS($BN$17:$BN$99,1,$AD$17:$AD$99,"<"&AD21)+(COUNTIFS($BN$17:$BN$99,1,$AD$17:$AD$99,AD21)-1)/2)/(SUM($BN$17:$BN$99)-1),2)),"") -> 15.49 | AH21: =IF(BO21=1,IF(SUM($BO$17:$BO$99)<=1,100,ROUND(100*(COUNTIFS($BO$17:$BO$99,1,$AF$17:$AF$99,"<"&AF21)+(COUNTIFS($BO$17:$BO$99,1,$AF$17:$AF$99,AF21)-1)/2)/(SUM($BO$17:$BO$99)-1),2)),"") | AI21: =IF(ISNUMBER(AG21),IF(ISNUMBER(AH21),ROUND(AG21*'Sheet1-指标体系'!$J$8+AH21*'Sheet1-指标体系'!$J$9,2),AG21),"") -> 15.49 | AJ21: =IF(NOT(ISNUMBER(F21)),"",IF(F21>='Sheet1-指标体系'!$J$16,IF(ISNUMBER(N21),N21,""),IF(ISNUMBER(O21),O21,""))) -> 0.0543 | AK21: =IF(AND(G21="入池",ISNUMBER(M21),ISNUMBER(AJ21)),IF(M21>=AJ21,'Sheet1-指标体系'!$J$18,IF(AJ21-M21<'Sheet1-指标体系'!$J$10,'Sheet1-指标体系'!$J$22,'Sheet1-指标体系'!$J$23)),"") -> 100 | AL21: =IF((IF(ISNUMBER(I21),'Sheet1-指标体系'!$G$4,0)+IF(ISNUMBER(K21),'Sheet1-指标体系'!$G$5,0)+IF(ISNUMBER(L21),'Sheet1-指标体系'!$G$6,0))>0,ROUND((IF(ISNUMBER(I21),I21*'Sheet1-指标体系'!$G$4,0)+IF(ISNUMBER(K21),K21*'Sheet1-指标体系'!$G$5,0)+IF(ISNUMBER(L21),L21*'Sheet1-指标体系'!$G$6,0))/(IF(ISNUMBER(I21),'Sheet1-指标体系'!$G$4,0)+IF(ISNUMBER(K21),'Sheet1-指标体系'!$G$5,0)+IF(ISNUMBER(L21),'Sheet1-指标体系'!$G$6,0)),2),"") -> 100 | AM21: =IF(SUM(CD21:CG21)>0,ROUND(SUM(BS21:BV21)/SUM(CD21:CG21),2),"") -> 38.59 | AN21: =IF(SUM(CH21:CH21)>0,ROUND(SUM(BW21:BW21)/SUM(CH21:CH21),2),"") -> 31.08 | AO21: =IF(SUM(CI21:CJ21)>0,ROUND(SUM(BX21:BY21)/SUM(CI21:CJ21),2),"") -> 15.49 | AP21: =IF(SUM(CK21:CK21)>0,ROUND(SUM(BZ21:BZ21)/SUM(CK21:CK21),2),"") -> 100 | AQ21: =SUM(CA21:CK21) -> 0.88 | AR21: =IF(SUM(CA21:CK21)>0,SUM(BP21:BZ21),"") -> 43.27567 | AS21: =IF(SUM(CA21:CK21)>0,ROUND(SUM(BP21:BZ21)/SUM(CA21:CK21),2),"") -> 49.18 | AT21: =IF(OR(G21<>"入池",NOT(ISNUMBER(AS21))),"",COUNTIFS($G$17:$G$99,"入池",$AS$17:$AS$99,">"&AS21)+COUNTIFS($G$17:$G$99,"入池",$AS$17:$AS$99,AS21,$AQ$17:$AQ$99,">"&AQ21)+COUNTIFS($G$17:G21,"入池",$AS$17:AS21,AS21,$AQ$17:AQ21,AQ21)) -> 57 | AU21: =IF(NOT(ISNUMBER(I21)),"管理人规模；","")&IF(NOT(ISNUMBER(K21)),"产品规模标识；","")&IF(NOT(ISNUMBER(M21)),"近一年收益；","")&IF(NOT(ISNUMBER(T21)),"近一年胜率；","")&IF(NOT(ISNUMBER(N21)),"近三年收益；","")&IF(NOT(ISNUMBER(U21)),"近三年胜率；","")&IF(NOT(ISNUMBER(AA21)),"近三年回撤；","")&IF(NOT(ISNUMBER(AD21)),"近一年卡玛；","")&IF(ISNUMBER(F21),IF(AND(F21<'Sheet1-指标体系'!$J$16,NOT(ISNUMBER(O21))),"成立以来年化；",""),"成立日期；")&IF(ISNUMBER(V21),IF(OR(V21<0,V21>1),"胜率窗口口径不一致；",""),"")&IF(ISNUMBER(P21),IF(NOT(ISNUMBER(AE21)),"DD_long不可识别；",""),"") -> DD_long不可识别； | AV21: =IF(ABS(SUM(CA21:CK21)-'Sheet1-指标体系'!$J$25)<0.0000000001,SUM(BP21:BZ21),"") | AW21: =IF(G21<>"入池",G21,IF(AQ21=0,"无有效评分数据",IF(ROUND(AQ21,10)=ROUND('Sheet1-指标体系'!$J$25,10),"完整赋分","暂定分／数据不完整"))) -> 暂定分／数据不完整 | AX21: =IF('Sheet4-原始数据'!C6="","",'Sheet4-原始数据'!C6) -> 套利策略 | AY21: =IF('Sheet4-原始数据'!D6="","",'Sheet4-原始数据'!D6) -> 期货套利 | AZ21: =IF('Sheet5-查询核对'!S6="","",'Sheet5-查询核对'!S6) -> 套利策略—期货套利 | BA21: =IF('Sheet5-查询核对'!A6="","",'Sheet5-查询核对'!A6) -> 6 | BB21: =IF('Sheet5-查询核对'!F6="","",'Sheet5-查询核对'!F6) -> 备案号匹配 | BC21: =IF('Sheet5-查询核对'!I6="","",'Sheet5-查询核对'!I6) -> https://mp.fof99.com/fund/view/66f7dd55b7f90b97 | BD21: =IF('Sheet5-查询核对'!H6="","",'Sheet5-查询核对'!H6) -> 46269 | BE21: =IF('Sheet5-查询核对'!L6="","",'Sheet5-查询核对'!L6) -> https://gs.amac.org.cn/amac-infodisc/res/pof/manager/101000005082.html | BF21: =IF('Sheet5-查询核对'!M6="","",'Sheet5-查询核对'!M6) -> 46276 | BG21: =IF('Sheet5-查询核对'!O6="","",'Sheet5-查询核对'!O6) -> https://gs.amac.org.cn/amac-infodisc/res/pof/fund/2211291710107928.html | BH21: =IF('Sheet5-查询核对'!P6="","",'Sheet5-查询核对'!P6) -> 46276 | BI21: =IF('Sheet5-查询核对'!D6="","",'Sheet5-查询核对'!D6) -> SXL913 | BJ21: =IF(ISNUMBER(AT21),AT21,COUNT($AT$17:$AT$99)+ROWS($AT$17:AT21)-COUNT($AT$17:AT21)) -> 57 | BK21: =IF(G21="入池",IF(ISNUMBER(M21),1,0),0) -> 1 | BL21: =IF(G21="入池",IF(ISNUMBER(P21),1,0),0) -> 1 | BM21: =IF(G21="入池",IF(ISNUMBER(AB21),1,0),0) -> 1 | BN21: =IF(G21="入池",IF(ISNUMBER(AD21),1,0),0) -> 1 | BO21: =IF(G21="入池",IF(ISNUMBER(AF21),1,0),0) -> 0 | BP21: =IF(G21="入池",IF(ISNUMBER(I21),I21*('Sheet1-指标体系'!$G$4),0),0) -> 6 | BQ21: =IF(G21="入池",IF(ISNUMBER(K21),K21*('Sheet1-指标体系'!$G$5),0),0) -> 4.5 | BR21: =IF(G21="入池",IF(ISNUMBER(L21),L21*('Sheet1-指标体系'!$G$6),0),0) -> 4.5 | BS21: =IF(G21="入池",IF(ISNUMBER(Q21),Q21*('Sheet1-指标体系'!$G$7*'Sheet1-指标体系'!$J$8),0),0) -> 3.50028 | BT21: =IF(G21="入池",IF(ISNUMBER(R21),R21*('Sheet1-指标体系'!$G$7*'Sheet1-指标体系'!$J$9),0),0) -> 0.67872 | BU21: =IF(G21="入池",IF(ISNUMBER(W21),W21*('Sheet1-指标体系'!$G$8*'Sheet1-指标体系'!$J$8),0),0) -> 1.9386 | BV21: =IF(G21="入池",IF(ISNUMBER(X21),X21*('Sheet1-指标体系'!$G$8*'Sheet1-指标体系'!$J$9),0),0) -> 1.59987 | BW21: =IF(G21="入池",IF(ISNUMBER(AC21),AC21*('Sheet1-指标体系'!$G$9),0),0) -> 7.77 | BX21: =IF(G21="入池",IF(ISNUMBER(AG21),AG21*('Sheet1-指标体系'!$G$10*'Sheet1-指标体系'!$J$8),0),0) -> 2.7882 | BY21: =IF(G21="入池",IF(ISNUMBER(AH21),AH21*('Sheet1-指标体系'!$G$10*'Sheet1-指标体系'!$J$9),0),0) -> 0 | BZ21: =IF(G21="入池",IF(ISNUMBER(AK21),AK21*('Sheet1-指标体系'!$G$11),0),0) -> 10 | CA21: =IF(G21="入池",IF(ISNUMBER(I21),'Sheet1-指标体系'!$G$4,0),0) -> 0.06 | CB21: =IF(G21="入池",IF(ISNUMBER(K21),'Sheet1-指标体系'!$G$5,0),0) -> 0.045 | CC21: =IF(G21="入池",IF(ISNUMBER(L21),'Sheet1-指标体系'!$G$6,0),0) -> 0.045 | CD21: =IF(G21="入池",IF(ISNUMBER(Q21),'Sheet1-指标体系'!$G$7*'Sheet1-指标体系'!$J$8,0),0) -> 0.084 | CE21: =IF(G21="入池",IF(ISNUMBER(R21),'Sheet1-指标体系'!$G$7*'Sheet1-指标体系'!$J$9,0),0) -> 0.056 | CF21: =IF(G21="入池",IF(ISNUMBER(W21),'Sheet1-指标体系'!$G$8*'Sheet1-指标体系'!$J$8,0),0) -> 0.036 | CG21: =IF(G21="入池",IF(ISNUMBER(X21),'Sheet1-指标体系'!$G$8*'Sheet1-指标体系'!$J$9,0),0) -> 0.024 | CH21: =IF(G21="入池",IF(ISNUMBER(AC21),'Sheet1-指标体系'!$G$9,0),0) -> 0.25 | CI21: =IF(G21="入池",IF(ISNUMBER(AG21),'Sheet1-指标体系'!$G$10*'Sheet1-指标体系'!$J$8,0),0) -> 0.18 | CJ21: =IF(G21="入池",IF(ISNUMBER(AH21),'Sheet1-指标体系'!$G$10*'Sheet1-指标体系'!$J$9,0),0) -> 0 | CK21: =IF(G21="入池",IF(ISNUMBER(AK21),'Sheet1-指标体系'!$G$11,0),0) -> 0.1
A22: ='Sheet5-查询核对'!A7-1 -> 6 | B22: =IF('Sheet4-原始数据'!A7="",'Sheet5-查询核对'!B7,'Sheet4-原始数据'!A7) -> 博弈树金选套利2号 | C22: =IF('Sheet4-原始数据'!B7="","",'Sheet4-原始数据'!B7) -> SXR086 | D22: =IF('Sheet4-原始数据'!E7="","",'Sheet4-原始数据'!E7) -> 广东丰煜 | E22: =IF('Sheet4-原始数据'!F7="","",'Sheet4-原始数据'!F7) -> 44867 | F22: =IF(ISNUMBER(E22),ROUND(('Sheet1-指标体系'!$J$12-E22)/'Sheet1-指标体系'!$J$14,4),"") -> 3.8549 | G22: =IF(C22="","未匹配",IF(NOT(ISNUMBER(F22)),"缺成立日期",IF(F22<'Sheet1-指标体系'!$J$15,"不入池","入池"))) -> 入池 | H22: =IF('Sheet5-查询核对'!K7="","",'Sheet5-查询核对'!K7) -> 0-5亿元 | I22: =IF(H22="","",IF(COUNTIF('Sheet1-指标体系'!$P$4:$P$10,H22)=0,"",INDEX('Sheet1-指标体系'!$Q$4:$Q$10,MATCH(H22,'Sheet1-指标体系'!$P$4:$P$10,0)))) -> 60 | J22: =IF(NOT(ISNUMBER('Sheet5-查询核对'!N7)),"",IF('Sheet5-查询核对'!N7=1,"低于"&'Sheet1-指标体系'!$J$4&"万元",IF('Sheet5-查询核对'!N7=0,"无低于"&'Sheet1-指标体系'!$J$4&"万元标识",""))) -> 无低于1000万元标识 | K22: =IF(NOT(ISNUMBER('Sheet5-查询核对'!N7)),"",IF('Sheet5-查询核对'!N7=1,'Sheet1-指标体系'!$J$21,IF('Sheet5-查询核对'!N7=0,'Sheet1-指标体系'!$J$18,""))) -> 100 | L22: =IF(NOT(ISNUMBER(F22)),"",IF(F22<'Sheet1-指标体系'!$J$15,"",IF(F22<'Sheet1-指标体系'!$J$16,'Sheet1-指标体系'!$J$17,'Sheet1-指标体系'!$J$18))) -> 100 | M22: =IF(ISNUMBER('Sheet4-原始数据'!G7),'Sheet4-原始数据'!G7,"") -> 0.2516 | N22: =IF(ISNUMBER('Sheet4-原始数据'!H7),'Sheet4-原始数据'!H7,"") -> 0.1281 | O22: =IF(ISNUMBER('Sheet5-查询核对'!Q7),'Sheet5-查询核对'!Q7,"") -> 0.1228 | P22: =IF(G22<>"入池","",IF(F22>='Sheet1-指标体系'!$J$16,IF(AND(ISNUMBER(M22),ISNUMBER(N22)),IF(AND(1+M22>0,1+N22>=0),((1+N22)^'Sheet1-指标体系'!$J$16/(1+M22))^(1/('Sheet1-指标体系'!$J$16-1))-1,""),""),IF(AND(ISNUMBER(M22),ISNUMBER(O22)),IF(AND(F22>1,1+M22>0,1+O22>=0),((1+O22)^F22/(1+M22))^(1/(F22-1))-1,""),""))) -> 0.070997906 | Q22: =IF(BK22=1,IF(SUM($BK$17:$BK$99)<=1,100,ROUND(100*(COUNTIFS($BK$17:$BK$99,1,$M$17:$M$99,"<"&M22)+(COUNTIFS($BK$17:$BK$99,1,$M$17:$M$99,M22)-1)/2)/(SUM($BK$17:$BK$99)-1),2)),"") -> 91.67 | R22: =IF(BL22=1,IF(SUM($BL$17:$BL$99)<=1,100,ROUND(100*(COUNTIFS($BL$17:$BL$99,1,$P$17:$P$99,"<"&P22)+(COUNTIFS($BL$17:$BL$99,1,$P$17:$P$99,P22)-1)/2)/(SUM($BL$17:$BL$99)-1),2)),"") -> 42.42 | S22: =IF(ISNUMBER(Q22),IF(ISNUMBER(R22),ROUND(Q22*'Sheet1-指标体系'!$J$8+R22*'Sheet1-指标体系'!$J$9,2),Q22),"") -> 71.97 | T22: =IF(ISNUMBER('Sheet4-原始数据'!J7),'Sheet4-原始数据'!J7,"") -> 0.7692 | U22: =IF(ISNUMBER('Sheet4-原始数据'!I7),'Sheet4-原始数据'!I7,"") -> 0.7297 | V22: =IF(AND(ISNUMBER(T22),ISNUMBER(U22)),(U22*'Sheet1-指标体系'!$J$6-T22*'Sheet1-指标体系'!$J$5)/'Sheet1-指标体系'!$J$7,"") -> 0.70830417 | W22: =IF(ISNUMBER(T22),100*T22,"") -> 76.92 | X22: =IF(G22<>"入池","",IF(ISNUMBER(V22),IF(AND(V22>=0,V22<=1),V22*'Sheet1-指标体系'!$J$18,IF(MAX(0,(F22-'Sheet1-指标体系'!$J$15)*'Sheet1-指标体系'!$J$20)<'Sheet1-指标体系'!$J$19,'Sheet1-指标体系'!$J$18,"")),IF(MAX(0,(F22-'Sheet1-指标体系'!$J$15)*'Sheet1-指标体系'!$J$20)<'Sheet1-指标体系'!$J$19,'Sheet1-指标体系'!$J$18,""))) -> 70.830417 | Y22: =IF(ISNUMBER(W22),IF(ISNUMBER(X22),ROUND(W22*'Sheet1-指标体系'!$J$8+X22*'Sheet1-指标体系'!$J$9,2),W22),"") -> 74.48 | Z22: =IF(AND(ISNUMBER(M22),ISNUMBER(AD22)),IF(AD22<>0,ABS(M22/AD22),""),"") -> 0.04100057 | AA22: =IF(ISNUMBER('Sheet4-原始数据'!K7),'Sheet4-原始数据'!K7,"") -> 0.041 | AB22: =IF(AND(ISNUMBER(Z22),ISNUMBER(AA22)),MAX(Z22,AA22),IF(ISNUMBER(Z22),Z22,IF(ISNUMBER(AA22),AA22,""))) -> 0.04100057 | AC22: =IF(BM22=1,IF(SUM($BM$17:$BM$99)<=1,100,ROUND(100*(COUNTIFS($BM$17:$BM$99,1,$AB$17:$AB$99,">"&AB22)+(COUNTIFS($BM$17:$BM$99,1,$AB$17:$AB$99,AB22)-1)/2)/(SUM($BM$17:$BM$99)-1),2)),"") -> 22.97 | AD22: =IF(ISNUMBER('Sheet4-原始数据'!M7),'Sheet4-原始数据'!M7,"") -> 6.1365 | AE22: =IF(AND(ISNUMBER(P22),ISNUMBER(AA22),ISNUMBER(Z22)),IF(AA22>Z22+'Sheet1-指标体系'!$J$11,AA22,""),"") | AF22: =IF(AND(ISNUMBER(P22),ISNUMBER(AE22)),IF(AE22<>0,P22/AE22,""),"") | AG22: =IF(BN22=1,IF(SUM($BN$17:$BN$99)<=1,100,ROUND(100*(COUNTIFS($BN$17:$BN$99,1,$AD$17:$AD$99,"<"&AD22)+(COUNTIFS($BN$17:$BN$99,1,$AD$17:$AD$99,AD22)-1)/2)/(SUM($BN$17:$BN$99)-1),2)),"") -> 40.85 | AH22: =IF(BO22=1,IF(SUM($BO$17:$BO$99)<=1,100,ROUND(100*(COUNTIFS($BO$17:$BO$99,1,$AF$17:$AF$99,"<"&AF22)+(COUNTIFS($BO$17:$BO$99,1,$AF$17:$AF$99,AF22)-1)/2)/(SUM($BO$17:$BO$99)-1),2)),"") | AI22: =IF(ISNUMBER(AG22),IF(ISNUMBER(AH22),ROUND(AG22*'Sheet1-指标体系'!$J$8+AH22*'Sheet1-指标体系'!$J$9,2),AG22),"") -> 40.85 | AJ22: =IF(NOT(ISNUMBER(F22)),"",IF(F22>='Sheet1-指标体系'!$J$16,IF(ISNUMBER(N22),N22,""),IF(ISNUMBER(O22),O22,""))) -> 0.1281 | AK22: =IF(AND(G22="入池",ISNUMBER(M22),ISNUMBER(AJ22)),IF(M22>=AJ22,'Sheet1-指标体系'!$J$18,IF(AJ22-M22<'Sheet1-指标体系'!$J$10,'Sheet1-指标体系'!$J$22,'Sheet1-指标体系'!$J$23)),"") -> 100 | AL22: =IF((IF(ISNUMBER(I22),'Sheet1-指标体系'!$G$4,0)+IF(ISNUMBER(K22),'Sheet1-指标体系'!$G$5,0)+IF(ISNUMBER(L22),'Sheet1-指标体系'!$G$6,0))>0,ROUND((IF(ISNUMBER(I22),I22*'Sheet1-指标体系'!$G$4,0)+IF(ISNUMBER(K22),K22*'Sheet1-指标体系'!$G$5,0)+IF(ISNUMBER(L22),L22*'Sheet1-指标体系'!$G$6,0))/(IF(ISNUMBER(I22),'Sheet1-指标体系'!$G$4,0)+IF(ISNUMBER(K22),'Sheet1-指标体系'!$G$5,0)+IF(ISNUMBER(L22),'Sheet1-指标体系'!$G$6,0)),2),"") -> 84 | AM22: =IF(SUM(CD22:CG22)>0,ROUND(SUM(BS22:BV22)/SUM(CD22:CG22),2),"") -> 72.72 | AN22: =IF(SUM(CH22:CH22)>0,ROUND(SUM(BW22:BW22)/SUM(CH22:CH22),2),"") -> 22.97 | AO22: =IF(SUM(CI22:CJ22)>0,ROUND(SUM(BX22:BY22)/SUM(CI22:CJ22),2),"") -> 40.85 | AP22: =IF(SUM(CK22:CK22)>0,ROUND(SUM(BZ22:BZ22)/SUM(CK22:CK22),2),"") -> 100 | AQ22: =SUM(CA22:CK22) -> 0.88 | AR22: =IF(SUM(CA22:CK22)>0,SUM(BP22:BZ22),"") -> 50.24035 | AS22: =IF(SUM(CA22:CK22)>0,ROUND(SUM(BP22:BZ22)/SUM(CA22:CK22),2),"") -> 57.09 | AT22: =IF(OR(G22<>"入池",NOT(ISNUMBER(AS22))),"",COUNTIFS($G$17:$G$99,"入池",$AS$17:$AS$99,">"&AS22)+COUNTIFS($G$17:$G$99,"入池",$AS$17:$AS$99,AS22,$AQ$17:$AQ$99,">"&AQ22)+COUNTIFS($G$17:G22,"入池",$AS$17:AS22,AS22,$AQ$17:AQ22,AQ22)) -> 46 | AU22: =IF(NOT(ISNUMBER(I22)),"管理人规模；","")&IF(NOT(ISNUMBER(K22)),"产品规模标识；","")&IF(NOT(ISNUMBER(M22)),"近一年收益；","")&IF(NOT(ISNUMBER(T22)),"近一年胜率；","")&IF(NOT(ISNUMBER(N22)),"近三年收益；","")&IF(NOT(ISNUMBER(U22)),"近三年胜率；","")&IF(NOT(ISNUMBER(AA22)),"近三年回撤；","")&IF(NOT(ISNUMBER(AD22)),"近一年卡玛；","")&IF(ISNUMBER(F22),IF(AND(F22<'Sheet1-指标体系'!$J$16,NOT(ISNUMBER(O22))),"成立以来年化；",""),"成立日期；")&IF(ISNUMBER(V22),IF(OR(V22<0,V22>1),"胜率窗口口径不一致；",""),"")&IF(ISNUMBER(P22),IF(NOT(ISNUMBER(AE22)),"DD_long不可识别；",""),"") -> DD_long不可识别； | AV22: =IF(ABS(SUM(CA22:CK22)-'Sheet1-指标体系'!$J$25)<0.0000000001,SUM(BP22:BZ22),"") | AW22: =IF(G22<>"入池",G22,IF(AQ22=0,"无有效评分数据",IF(ROUND(AQ22,10)=ROUND('Sheet1-指标体系'!$J$25,10),"完整赋分","暂定分／数据不完整"))) -> 暂定分／数据不完整 | AX22: =IF('Sheet4-原始数据'!C7="","",'Sheet4-原始数据'!C7) -> 套利策略 | AY22: =IF('Sheet4-原始数据'!D7="","",'Sheet4-原始数据'!D7) -> 期货套利 | AZ22: =IF('Sheet5-查询核对'!S7="","",'Sheet5-查询核对'!S7) -> 套利策略—期货套利 | BA22: =IF('Sheet5-查询核对'!A7="","",'Sheet5-查询核对'!A7) -> 7 | BB22: =IF('Sheet5-查询核对'!F7="","",'Sheet5-查询核对'!F7) -> 备案号匹配 | BC22: =IF('Sheet5-查询核对'!I7="","",'Sheet5-查询核对'!I7) -> https://mp.fof99.com/fund/view/068bcb639f441262 | BD22: =IF('Sheet5-查询核对'!H7="","",'Sheet5-查询核对'!H7) -> 46269 | BE22: =IF('Sheet5-查询核对'!L7="","",'Sheet5-查询核对'!L7) -> https://gs.amac.org.cn/amac-infodisc/res/pof/manager/101000015767.html | BF22: =IF('Sheet5-查询核对'!M7="","",'Sheet5-查询核对'!M7) -> 46276 | BG22: =IF('Sheet5-查询核对'!O7="","",'Sheet5-查询核对'!O7) -> https://gs.amac.org.cn/amac-infodisc/res/pof/fund/2211100902114438.html | BH22: =IF('Sheet5-查询核对'!P7="","",'Sheet5-查询核对'!P7) -> 46276 | BI22: =IF('Sheet5-查询核对'!D7="","",'Sheet5-查询核对'!D7) -> SXR086 | BJ22: =IF(ISNUMBER(AT22),AT22,COUNT($AT$17:$AT$99)+ROWS($AT$17:AT22)-COUNT($AT$17:AT22)) -> 46 | BK22: =IF(G22="入池",IF(ISNUMBER(M22),1,0),0) -> 1 | BL22: =IF(G22="入池",IF(ISNUMBER(P22),1,0),0) -> 1 | BM22: =IF(G22="入池",IF(ISNUMBER(AB22),1,0),0) -> 1 | BN22: =IF(G22="入池",IF(ISNUMBER(AD22),1,0),0) -> 1 | BO22: =IF(G22="入池",IF(ISNUMBER(AF22),1,0),0) -> 0 | BP22: =IF(G22="入池",IF(ISNUMBER(I22),I22*('Sheet1-指标体系'!$G$4),0),0) -> 3.6 | BQ22: =IF(G22="入池",IF(ISNUMBER(K22),K22*('Sheet1-指标体系'!$G$5),0),0) -> 4.5 | BR22: =IF(G22="入池",IF(ISNUMBER(L22),L22*('Sheet1-指标体系'!$G$6),0),0) -> 4.5 | BS22: =IF(G22="入池",IF(ISNUMBER(Q22),Q22*('Sheet1-指标体系'!$G$7*'Sheet1-指标体系'!$J$8),0),0) -> 7.70028 | BT22: =IF(G22="入池",IF(ISNUMBER(R22),R22*('Sheet1-指标体系'!$G$7*'Sheet1-指标体系'!$J$9),0),0) -> 2.37552 | BU22: =IF(G22="入池",IF(ISNUMBER(W22),W22*('Sheet1-指标体系'!$G$8*'Sheet1-指标体系'!$J$8),0),0) -> 2.76912 | BV22: =IF(G22="入池",IF(ISNUMBER(X22),X22*('Sheet1-指标体系'!$G$8*'Sheet1-指标体系'!$J$9),0),0) -> 1.69993 | BW22: =IF(G22="入池",IF(ISNUMBER(AC22),AC22*('Sheet1-指标体系'!$G$9),0),0) -> 5.7425 | BX22: =IF(G22="入池",IF(ISNUMBER(AG22),AG22*('Sheet1-指标体系'!$G$10*'Sheet1-指标体系'!$J$8),0),0) -> 7.353 | BY22: =IF(G22="入池",IF(ISNUMBER(AH22),AH22*('Sheet1-指标体系'!$G$10*'Sheet1-指标体系'!$J$9),0),0) -> 0 | BZ22: =IF(G22="入池",IF(ISNUMBER(AK22),AK22*('Sheet1-指标体系'!$G$11),0),0) -> 10 | CA22: =IF(G22="入池",IF(ISNUMBER(I22),'Sheet1-指标体系'!$G$4,0),0) -> 0.06 | CB22: =IF(G22="入池",IF(ISNUMBER(K22),'Sheet1-指标体系'!$G$5,0),0) -> 0.045 | CC22: =IF(G22="入池",IF(ISNUMBER(L22),'Sheet1-指标体系'!$G$6,0),0) -> 0.045 | CD22: =IF(G22="入池",IF(ISNUMBER(Q22),'Sheet1-指标体系'!$G$7*'Sheet1-指标体系'!$J$8,0),0) -> 0.084 | CE22: =IF(G22="入池",IF(ISNUMBER(R22),'Sheet1-指标体系'!$G$7*'Sheet1-指标体系'!$J$9,0),0) -> 0.056 | CF22: =IF(G22="入池",IF(ISNUMBER(W22),'Sheet1-指标体系'!$G$8*'Sheet1-指标体系'!$J$8,0),0) -> 0.036 | CG22: =IF(G22="入池",IF(ISNUMBER(X22),'Sheet1-指标体系'!$G$8*'Sheet1-指标体系'!$J$9,0),0) -> 0.024 | CH22: =IF(G22="入池",IF(ISNUMBER(AC22),'Sheet1-指标体系'!$G$9,0),0) -> 0.25 | CI22: =IF(G22="入池",IF(ISNUMBER(AG22),'Sheet1-指标体系'!$G$10*'Sheet1-指标体系'!$J$8,0),0) -> 0.18 | CJ22: =IF(G22="入池",IF(ISNUMBER(AH22),'Sheet1-指标体系'!$G$10*'Sheet1-指标体系'!$J$9,0),0) -> 0 | CK22: =IF(G22="入池",IF(ISNUMBER(AK22),'Sheet1-指标体系'!$G$11,0),0) -> 0.1
A23: ='Sheet5-查询核对'!A8-1 -> 7 | B23: =IF('Sheet4-原始数据'!A8="",'Sheet5-查询核对'!B8,'Sheet4-原始数据'!A8) -> 常行7号 | C23: =IF('Sheet4-原始数据'!B8="","",'Sheet4-原始数据'!B8) -> SQH214 | D23: =IF('Sheet4-原始数据'!E8="","",'Sheet4-原始数据'!E8) -> 江苏常行投资 | E23: =IF('Sheet4-原始数据'!F8="","",'Sheet4-原始数据'!F8) -> 44288 | F23: =IF(ISNUMBER(E23),ROUND(('Sheet1-指标体系'!$J$12-E23)/'Sheet1-指标体系'!$J$14,4),"") -> 5.4401 | G23: =IF(C23="","未匹配",IF(NOT(ISNUMBER(F23)),"缺成立日期",IF(F23<'Sheet1-指标体系'!$J$15,"不入池","入池"))) -> 入池 | H23: =IF('Sheet5-查询核对'!K8="","",'Sheet5-查询核对'!K8) -> 5-10亿元 | I23: =IF(H23="","",IF(COUNTIF('Sheet1-指标体系'!$P$4:$P$10,H23)=0,"",INDEX('Sheet1-指标体系'!$Q$4:$Q$10,MATCH(H23,'Sheet1-指标体系'!$P$4:$P$10,0)))) -> 70 | J23: =IF(NOT(ISNUMBER('Sheet5-查询核对'!N8)),"",IF('Sheet5-查询核对'!N8=1,"低于"&'Sheet1-指标体系'!$J$4&"万元",IF('Sheet5-查询核对'!N8=0,"无低于"&'Sheet1-指标体系'!$J$4&"万元标识",""))) -> 无低于1000万元标识 | K23: =IF(NOT(ISNUMBER('Sheet5-查询核对'!N8)),"",IF('Sheet5-查询核对'!N8=1,'Sheet1-指标体系'!$J$21,IF('Sheet5-查询核对'!N8=0,'Sheet1-指标体系'!$J$18,""))) -> 100 | L23: =IF(NOT(ISNUMBER(F23)),"",IF(F23<'Sheet1-指标体系'!$J$15,"",IF(F23<'Sheet1-指标体系'!$J$16,'Sheet1-指标体系'!$J$17,'Sheet1-指标体系'!$J$18))) -> 100 | M23: =IF(ISNUMBER('Sheet4-原始数据'!G8),'Sheet4-原始数据'!G8,"") -> 0.072956522 | N23: =IF(ISNUMBER('Sheet4-原始数据'!H8),'Sheet4-原始数据'!H8,"") -> 0.062095741 | O23: =IF(ISNUMBER('Sheet5-查询核对'!Q8),'Sheet5-查询核对'!Q8,"") -> 0.063747042 | P23: =IF(G23<>"入池","",IF(F23>='Sheet1-指标体系'!$J$16,IF(AND(ISNUMBER(M23),ISNUMBER(N23)),IF(AND(1+M23>0,1+N23>=0),((1+N23)^'Sheet1-指标体系'!$J$16/(1+M23))^(1/('Sheet1-指标体系'!$J$16-1))-1,""),""),IF(AND(ISNUMBER(M23),ISNUMBER(O23)),IF(AND(F23>1,1+M23>0,1+O23>=0),((1+O23)^F23/(1+M23))^(1/(F23-1))-1,""),""))) -> 0.056706647 | Q23: =IF(BK23=1,IF(SUM($BK$17:$BK$99)<=1,100,ROUND(100*(COUNTIFS($BK$17:$BK$99,1,$M$17:$M$99,"<"&M23)+(COUNTIFS($BK$17:$BK$99,1,$M$17:$M$99,M23)-1)/2)/(SUM($BK$17:$BK$99)-1),2)),"") -> 34.72 | R23: =IF(BL23=1,IF(SUM($BL$17:$BL$99)<=1,100,ROUND(100*(COUNTIFS($BL$17:$BL$99,1,$P$17:$P$99,"<"&P23)+(COUNTIFS($BL$17:$BL$99,1,$P$17:$P$99,P23)-1)/2)/(SUM($BL$17:$BL$99)-1),2)),"") -> 25.76 | S23: =IF(ISNUMBER(Q23),IF(ISNUMBER(R23),ROUND(Q23*'Sheet1-指标体系'!$J$8+R23*'Sheet1-指标体系'!$J$9,2),Q23),"") -> 31.14 | T23: =IF(ISNUMBER('Sheet4-原始数据'!J8),'Sheet4-原始数据'!J8,"") -> 1 | U23: =IF(ISNUMBER('Sheet4-原始数据'!I8),'Sheet4-原始数据'!I8,"") -> 0.89189189 | V23: =IF(AND(ISNUMBER(T23),ISNUMBER(U23)),(U23*'Sheet1-指标体系'!$J$6-T23*'Sheet1-指标体系'!$J$5)/'Sheet1-指标体系'!$J$7,"") -> 0.83333333 | W23: =IF(ISNUMBER(T23),100*T23,"") -> 100 | X23: =IF(G23<>"入池","",IF(ISNUMBER(V23),IF(AND(V23>=0,V23<=1),V23*'Sheet1-指标体系'!$J$18,IF(MAX(0,(F23-'Sheet1-指标体系'!$J$15)*'Sheet1-指标体系'!$J$20)<'Sheet1-指标体系'!$J$19,'Sheet1-指标体系'!$J$18,"")),IF(MAX(0,(F23-'Sheet1-指标体系'!$J$15)*'Sheet1-指标体系'!$J$20)<'Sheet1-指标体系'!$J$19,'Sheet1-指标体系'!$J$18,""))) -> 83.333333 | Y23: =IF(ISNUMBER(W23),IF(ISNUMBER(X23),ROUND(W23*'Sheet1-指标体系'!$J$8+X23*'Sheet1-指标体系'!$J$9,2),W23),"") -> 93.33 | Z23: =IF(AND(ISNUMBER(M23),ISNUMBER(AD23)),IF(AD23<>0,ABS(M23/AD23),""),"") -> 0.001650908 | AA23: =IF(ISNUMBER('Sheet4-原始数据'!K8),'Sheet4-原始数据'!K8,"") -> 0.011487355 | AB23: =IF(AND(ISNUMBER(Z23),ISNUMBER(AA23)),MAX(Z23,AA23),IF(ISNUMBER(Z23),Z23,IF(ISNUMBER(AA23),AA23,""))) -> 0.011487355 | AC23: =IF(BM23=1,IF(SUM($BM$17:$BM$99)<=1,100,ROUND(100*(COUNTIFS($BM$17:$BM$99,1,$AB$17:$AB$99,">"&AB23)+(COUNTIFS($BM$17:$BM$99,1,$AB$17:$AB$99,AB23)-1)/2)/(SUM($BM$17:$BM$99)-1),2)),"") -> 64.86 | AD23: =IF(ISNUMBER('Sheet4-原始数据'!M8),'Sheet4-原始数据'!M8,"") -> 44.191755 | AE23: =IF(AND(ISNUMBER(P23),ISNUMBER(AA23),ISNUMBER(Z23)),IF(AA23>Z23+'Sheet1-指标体系'!$J$11,AA23,""),"") -> 0.011487355 | AF23: =IF(AND(ISNUMBER(P23),ISNUMBER(AE23)),IF(AE23<>0,P23/AE23,""),"") -> 4.9364406 | AG23: =IF(BN23=1,IF(SUM($BN$17:$BN$99)<=1,100,ROUND(100*(COUNTIFS($BN$17:$BN$99,1,$AD$17:$AD$99,"<"&AD23)+(COUNTIFS($BN$17:$BN$99,1,$AD$17:$AD$99,AD23)-1)/2)/(SUM($BN$17:$BN$99)-1),2)),"") -> 92.96 | AH23: =IF(BO23=1,IF(SUM($BO$17:$BO$99)<=1,100,ROUND(100*(COUNTIFS($BO$17:$BO$99,1,$AF$17:$AF$99,"<"&AF23)+(COUNTIFS($BO$17:$BO$99,1,$AF$17:$AF$99,AF23)-1)/2)/(SUM($BO$17:$BO$99)-1),2)),"") -> 59.38 | AI23: =IF(ISNUMBER(AG23),IF(ISNUMBER(AH23),ROUND(AG23*'Sheet1-指标体系'!$J$8+AH23*'Sheet1-指标体系'!$J$9,2),AG23),"") -> 79.53 | AJ23: =IF(NOT(ISNUMBER(F23)),"",IF(F23>='Sheet1-指标体系'!$J$16,IF(ISNUMBER(N23),N23,""),IF(ISNUMBER(O23),O23,""))) -> 0.062095741 | AK23: =IF(AND(G23="入池",ISNUMBER(M23),ISNUMBER(AJ23)),IF(M23>=AJ23,'Sheet1-指标体系'!$J$18,IF(AJ23-M23<'Sheet1-指标体系'!$J$10,'Sheet1-指标体系'!$J$22,'Sheet1-指标体系'!$J$23)),"") -> 100 | AL23: =IF((IF(ISNUMBER(I23),'Sheet1-指标体系'!$G$4,0)+IF(ISNUMBER(K23),'Sheet1-指标体系'!$G$5,0)+IF(ISNUMBER(L23),'Sheet1-指标体系'!$G$6,0))>0,ROUND((IF(ISNUMBER(I23),I23*'Sheet1-指标体系'!$G$4,0)+IF(ISNUMBER(K23),K23*'Sheet1-指标体系'!$G$5,0)+IF(ISNUMBER(L23),L23*'Sheet1-指标体系'!$G$6,0))/(IF(ISNUMBER(I23),'Sheet1-指标体系'!$G$4,0)+IF(ISNUMBER(K23),'Sheet1-指标体系'!$G$5,0)+IF(ISNUMBER(L23),'Sheet1-指标体系'!$G$6,0)),2),"") -> 88 | AM23: =IF(SUM(CD23:CG23)>0,ROUND(SUM(BS23:BV23)/SUM(CD23:CG23),2),"") -> 49.8 | AN23: =IF(SUM(CH23:CH23)>0,ROUND(SUM(BW23:BW23)/SUM(CH23:CH23),2),"") -> 64.86 | AO23: =IF(SUM(CI23:CJ23)>0,ROUND(SUM(BX23:BY23)/SUM(CI23:CJ23),2),"") -> 79.53 | AP23: =IF(SUM(CK23:CK23)>0,ROUND(SUM(BZ23:BZ23)/SUM(CK23:CK23),2),"") -> 100 | AQ23: =SUM(CA23:CK23) -> 1 | AR23: =IF(SUM(CA23:CK23)>0,SUM(BP23:BZ23),"") -> 73.23244 | AS23: =IF(SUM(CA23:CK23)>0,ROUND(SUM(BP23:BZ23)/SUM(CA23:CK23),2),"") -> 73.23 | AT23: =IF(OR(G23<>"入池",NOT(ISNUMBER(AS23))),"",COUNTIFS($G$17:$G$99,"入池",$AS$17:$AS$99,">"&AS23)+COUNTIFS($G$17:$G$99,"入池",$AS$17:$AS$99,AS23,$AQ$17:$AQ$99,">"&AQ23)+COUNTIFS($G$17:G23,"入池",$AS$17:AS23,AS23,$AQ$17:AQ23,AQ23)) -> 26 | AU23: =IF(NOT(ISNUMBER(I23)),"管理人规模；","")&IF(NOT(ISNUMBER(K23)),"产品规模标识；","")&IF(NOT(ISNUMBER(M23)),"近一年收益；","")&IF(NOT(ISNUMBER(T23)),"近一年胜率；","")&IF(NOT(ISNUMBER(N23)),"近三年收益；","")&IF(NOT(ISNUMBER(U23)),"近三年胜率；","")&IF(NOT(ISNUMBER(AA23)),"近三年回撤；","")&IF(NOT(ISNUMBER(AD23)),"近一年卡玛；","")&IF(ISNUMBER(F23),IF(AND(F23<'Sheet1-指标体系'!$J$16,NOT(ISNUMBER(O23))),"成立以来年化；",""),"成立日期；")&IF(ISNUMBER(V23),IF(OR(V23<0,V23>1),"胜率窗口口径不一致；",""),"")&IF(ISNUMBER(P23),IF(NOT(ISNUMBER(AE23)),"DD_long不可识别；",""),"") | AV23: =IF(ABS(SUM(CA23:CK23)-'Sheet1-指标体系'!$J$25)<0.0000000001,SUM(BP23:BZ23),"") -> 73.23244 | AW23: =IF(G23<>"入池",G23,IF(AQ23=0,"无有效评分数据",IF(ROUND(AQ23,10)=ROUND('Sheet1-指标体系'!$J$25,10),"完整赋分","暂定分／数据不完整"))) -> 完整赋分 | AX23: =IF('Sheet4-原始数据'!C8="","",'Sheet4-原始数据'!C8) -> 套利策略 | AY23: =IF('Sheet4-原始数据'!D8="","",'Sheet4-原始数据'!D8) -> 期货套利 | AZ23: =IF('Sheet5-查询核对'!S8="","",'Sheet5-查询核对'!S8) -> 套利策略—期货套利 | BA23: =IF('Sheet5-查询核对'!A8="","",'Sheet5-查询核对'!A8) -> 8 | BB23: =IF('Sheet5-查询核对'!F8="","",'Sheet5-查询核对'!F8) -> 备案号匹配 | BC23: =IF('Sheet5-查询核对'!I8="","",'Sheet5-查询核对'!I8) -> https://mp.fof99.com/fund/view/11dff1146ece63b4 | BD23: =IF('Sheet5-查询核对'!H8="","",'Sheet5-查询核对'!H8) -> 46269 | BE23: =IF('Sheet5-查询核对'!L8="","",'Sheet5-查询核对'!L8) -> https://gs.amac.org.cn/amac-infodisc/res/pof/manager/101000022360.html | BF23: =IF('Sheet5-查询核对'!M8="","",'Sheet5-查询核对'!M8) -> 46276 | BG23: =IF('Sheet5-查询核对'!O8="","",'Sheet5-查询核对'!O8) -> https://gs.amac.org.cn/amac-infodisc/res/pof/fund/2104131319108374.html | BH23: =IF('Sheet5-查询核对'!P8="","",'Sheet5-查询核对'!P8) -> 46276 | BI23: =IF('Sheet5-查询核对'!D8="","",'Sheet5-查询核对'!D8) -> SQH214 | BJ23: =IF(ISNUMBER(AT23),AT23,COUNT($AT$17:$AT$99)+ROWS($AT$17:AT23)-COUNT($AT$17:AT23)) -> 26 | BK23: =IF(G23="入池",IF(ISNUMBER(M23),1,0),0) -> 1 | BL23: =IF(G23="入池",IF(ISNUMBER(P23),1,0),0) -> 1 | BM23: =IF(G23="入池",IF(ISNUMBER(AB23),1,0),0) -> 1 | BN23: =IF(G23="入池",IF(ISNUMBER(AD23),1,0),0) -> 1 | BO23: =IF(G23="入池",IF(ISNUMBER(AF23),1,0),0) -> 1 | BP23: =IF(G23="入池",IF(ISNUMBER(I23),I23*('Sheet1-指标体系'!$G$4),0),0) -> 4.2 | BQ23: =IF(G23="入池",IF(ISNUMBER(K23),K23*('Sheet1-指标体系'!$G$5),0),0) -> 4.5 | BR23: =IF(G23="入池",IF(ISNUMBER(L23),L23*('Sheet1-指标体系'!$G$6),0),0) -> 4.5 | BS23: =IF(G23="入池",IF(ISNUMBER(Q23),Q23*('Sheet1-指标体系'!$G$7*'Sheet1-指标体系'!$J$8),0),0) -> 2.91648 | BT23: =IF(G23="入池",IF(ISNUMBER(R23),R23*('Sheet1-指标体系'!$G$7*'Sheet1-指标体系'!$J$9),0),0) -> 1.44256 | BU23: =IF(G23="入池",IF(ISNUMBER(W23),W23*('Sheet1-指标体系'!$G$8*'Sheet1-指标体系'!$J$8),0),0) -> 3.6 | BV23: =IF(G23="入池",IF(ISNUMBER(X23),X23*('Sheet1-指标体系'!$G$8*'Sheet1-指标体系'!$J$9),0),0) -> 2 | BW23: =IF(G23="入池",IF(ISNUMBER(AC23),AC23*('Sheet1-指标体系'!$G$9),0),0) -> 16.215 | BX23: =IF(G23="入池",IF(ISNUMBER(AG23),AG23*('Sheet1-指标体系'!$G$10*'Sheet1-指标体系'!$J$8),0),0) -> 16.7328 | BY23: =IF(G23="入池",IF(ISNUMBER(AH23),AH23*('Sheet1-指标体系'!$G$10*'Sheet1-指标体系'!$J$9),0),0) -> 7.1256 | BZ23: =IF(G23="入池",IF(ISNUMBER(AK23),AK23*('Sheet1-指标体系'!$G$11),0),0) -> 10 | CA23: =IF(G23="入池",IF(ISNUMBER(I23),'Sheet1-指标体系'!$G$4,0),0) -> 0.06 | CB23: =IF(G23="入池",IF(ISNUMBER(K23),'Sheet1-指标体系'!$G$5,0),0) -> 0.045 | CC23: =IF(G23="入池",IF(ISNUMBER(L23),'Sheet1-指标体系'!$G$6,0),0) -> 0.045 | CD23: =IF(G23="入池",IF(ISNUMBER(Q23),'Sheet1-指标体系'!$G$7*'Sheet1-指标体系'!$J$8,0),0) -> 0.084 | CE23: =IF(G23="入池",IF(ISNUMBER(R23),'Sheet1-指标体系'!$G$7*'Sheet1-指标体系'!$J$9,0),0) -> 0.056 | CF23: =IF(G23="入池",IF(ISNUMBER(W23),'Sheet1-指标体系'!$G$8*'Sheet1-指标体系'!$J$8,0),0) -> 0.036 | CG23: =IF(G23="入池",IF(ISNUMBER(X23),'Sheet1-指标体系'!$G$8*'Sheet1-指标体系'!$J$9,0),0) -> 0.024 | CH23: =IF(G23="入池",IF(ISNUMBER(AC23),'Sheet1-指标体系'!$G$9,0),0) -> 0.25 | CI23: =IF(G23="入池",IF(ISNUMBER(AG23),'Sheet1-指标体系'!$G$10*'Sheet1-指标体系'!$J$8,0),0) -> 0.18 | CJ23: =IF(G23="入池",IF(ISNUMBER(AH23),'Sheet1-指标体系'!$G$10*'Sheet1-指标体系'!$J$9,0),0) -> 0.12 | CK23: =IF(G23="入池",IF(ISNUMBER(AK23),'Sheet1-指标体系'!$G$11,0),0) -> 0.1
A24: ='Sheet5-查询核对'!A9-1 -> 8 | B24: =IF('Sheet4-原始数据'!A9="",'Sheet5-查询核对'!B9,'Sheet4-原始数据'!A9) -> 辰元稳健2号 | C24: =IF('Sheet4-原始数据'!B9="","",'Sheet4-原始数据'!B9) -> SZJ724 | D24: =IF('Sheet4-原始数据'!E9="","",'Sheet4-原始数据'!E9) -> 广东辰元 | E24: =IF('Sheet4-原始数据'!F9="","",'Sheet4-原始数据'!F9) -> 44967 | F24: =IF(ISNUMBER(E24),ROUND(('Sheet1-指标体系'!$J$12-E24)/'Sheet1-指标体系'!$J$14,4),"") -> 3.5811 | G24: =IF(C24="","未匹配",IF(NOT(ISNUMBER(F24)),"缺成立日期",IF(F24<'Sheet1-指标体系'!$J$15,"不入池","入池"))) -> 入池 | H24: =IF('Sheet5-查询核对'!K9="","",'Sheet5-查询核对'!K9) -> 20-50亿元 | I24: =IF(H24="","",IF(COUNTIF('Sheet1-指标体系'!$P$4:$P$10,H24)=0,"",INDEX('Sheet1-指标体系'!$Q$4:$Q$10,MATCH(H24,'Sheet1-指标体系'!$P$4:$P$10,0)))) -> 90 | J24: =IF(NOT(ISNUMBER('Sheet5-查询核对'!N9)),"",IF('Sheet5-查询核对'!N9=1,"低于"&'Sheet1-指标体系'!$J$4&"万元",IF('Sheet5-查询核对'!N9=0,"无低于"&'Sheet1-指标体系'!$J$4&"万元标识",""))) -> 无低于1000万元标识 | K24: =IF(NOT(ISNUMBER('Sheet5-查询核对'!N9)),"",IF('Sheet5-查询核对'!N9=1,'Sheet1-指标体系'!$J$21,IF('Sheet5-查询核对'!N9=0,'Sheet1-指标体系'!$J$18,""))) -> 100 | L24: =IF(NOT(ISNUMBER(F24)),"",IF(F24<'Sheet1-指标体系'!$J$15,"",IF(F24<'Sheet1-指标体系'!$J$16,'Sheet1-指标体系'!$J$17,'Sheet1-指标体系'!$J$18))) -> 100 | M24: =IF(ISNUMBER('Sheet4-原始数据'!G9),'Sheet4-原始数据'!G9,"") -> 0.0253 | N24: =IF(ISNUMBER('Sheet4-原始数据'!H9),'Sheet4-原始数据'!H9,"") -> 0.0614 | O24: =IF(ISNUMBER('Sheet5-查询核对'!Q9),'Sheet5-查询核对'!Q9,"") -> 0.0696 | P24: =IF(G24<>"入池","",IF(F24>='Sheet1-指标体系'!$J$16,IF(AND(ISNUMBER(M24),ISNUMBER(N24)),IF(AND(1+M24>0,1+N24>=0),((1+N24)^'Sheet1-指标体系'!$J$16/(1+M24))^(1/('Sheet1-指标体系'!$J$16-1))-1,""),""),IF(AND(ISNUMBER(M24),ISNUMBER(O24)),IF(AND(F24>1,1+M24>0,1+O24>=0),((1+O24)^F24/(1+M24))^(1/(F24-1))-1,""),""))) -> 0.079923884 | Q24: =IF(BK24=1,IF(SUM($BK$17:$BK$99)<=1,100,ROUND(100*(COUNTIFS($BK$17:$BK$99,1,$M$17:$M$99,"<"&M24)+(COUNTIFS($BK$17:$BK$99,1,$M$17:$M$99,M24)-1)/2)/(SUM($BK$17:$BK$99)-1),2)),"") -> 8.33 | R24: =IF(BL24=1,IF(SUM($BL$17:$BL$99)<=1,100,ROUND(100*(COUNTIFS($BL$17:$BL$99,1,$P$17:$P$99,"<"&P24)+(COUNTIFS($BL$17:$BL$99,1,$P$17:$P$99,P24)-1)/2)/(SUM($BL$17:$BL$99)-1),2)),"") -> 53.03 | S24: =IF(ISNUMBER(Q24),IF(ISNUMBER(R24),ROUND(Q24*'Sheet1-指标体系'!$J$8+R24*'Sheet1-指标体系'!$J$9,2),Q24),"") -> 26.21 | T24: =IF(ISNUMBER('Sheet4-原始数据'!J9),'Sheet4-原始数据'!J9,"") -> 0.6154 | U24: =IF(ISNUMBER('Sheet4-原始数据'!I9),'Sheet4-原始数据'!I9,"") -> 0.8378 | V24: =IF(AND(ISNUMBER(T24),ISNUMBER(U24)),(U24*'Sheet1-指标体系'!$J$6-T24*'Sheet1-指标体系'!$J$5)/'Sheet1-指标体系'!$J$7,"") -> 0.95826667 | W24: =IF(ISNUMBER(T24),100*T24,"") -> 61.54 | X24: =IF(G24<>"入池","",IF(ISNUMBER(V24),IF(AND(V24>=0,V24<=1),V24*'Sheet1-指标体系'!$J$18,IF(MAX(0,(F24-'Sheet1-指标体系'!$J$15)*'Sheet1-指标体系'!$J$20)<'Sheet1-指标体系'!$J$19,'Sheet1-指标体系'!$J$18,"")),IF(MAX(0,(F24-'Sheet1-指标体系'!$J$15)*'Sheet1-指标体系'!$J$20)<'Sheet1-指标体系'!$J$19,'Sheet1-指标体系'!$J$18,""))) -> 95.826667 | Y24: =IF(ISNUMBER(W24),IF(ISNUMBER(X24),ROUND(W24*'Sheet1-指标体系'!$J$8+X24*'Sheet1-指标体系'!$J$9,2),W24),"") -> 75.25 | Z24: =IF(AND(ISNUMBER(M24),ISNUMBER(AD24)),IF(AD24<>0,ABS(M24/AD24),""),"") -> 0.0049406343 | AA24: =IF(ISNUMBER('Sheet4-原始数据'!K9),'Sheet4-原始数据'!K9,"") -> 0.0062 | AB24: =IF(AND(ISNUMBER(Z24),ISNUMBER(AA24)),MAX(Z24,AA24),IF(ISNUMBER(Z24),Z24,IF(ISNUMBER(AA24),AA24,""))) -> 0.0062 | AC24: =IF(BM24=1,IF(SUM($BM$17:$BM$99)<=1,100,ROUND(100*(COUNTIFS($BM$17:$BM$99,1,$AB$17:$AB$99,">"&AB24)+(COUNTIFS($BM$17:$BM$99,1,$AB$17:$AB$99,AB24)-1)/2)/(SUM($BM$17:$BM$99)-1),2)),"") -> 81.08 | AD24: =IF(ISNUMBER('Sheet4-原始数据'!M9),'Sheet4-原始数据'!M9,"") -> 5.1208 | AE24: =IF(AND(ISNUMBER(P24),ISNUMBER(AA24),ISNUMBER(Z24)),IF(AA24>Z24+'Sheet1-指标体系'!$J$11,AA24,""),"") -> 0.0062 | AF24: =IF(AND(ISNUMBER(P24),ISNUMBER(AE24)),IF(AE24<>0,P24/AE24,""),"") -> 12.890949 | AG24: =IF(BN24=1,IF(SUM($BN$17:$BN$99)<=1,100,ROUND(100*(COUNTIFS($BN$17:$BN$99,1,$AD$17:$AD$99,"<"&AD24)+(COUNTIFS($BN$17:$BN$99,1,$AD$17:$AD$99,AD24)-1)/2)/(SUM($BN$17:$BN$99)-1),2)),"") -> 33.8 | AH24: =IF(BO24=1,IF(SUM($BO$17:$BO$99)<=1,100,ROUND(100*(COUNTIFS($BO$17:$BO$99,1,$AF$17:$AF$99,"<"&AF24)+(COUNTIFS($BO$17:$BO$99,1,$AF$17:$AF$99,AF24)-1)/2)/(SUM($BO$17:$BO$99)-1),2)),"") -> 84.38 | AI24: =IF(ISNUMBER(AG24),IF(ISNUMBER(AH24),ROUND(AG24*'Sheet1-指标体系'!$J$8+AH24*'Sheet1-指标体系'!$J$9,2),AG24),"") -> 54.03 | AJ24: =IF(NOT(ISNUMBER(F24)),"",IF(F24>='Sheet1-指标体系'!$J$16,IF(ISNUMBER(N24),N24,""),IF(ISNUMBER(O24),O24,""))) -> 0.0614 | AK24: =IF(AND(G24="入池",ISNUMBER(M24),ISNUMBER(AJ24)),IF(M24>=AJ24,'Sheet1-指标体系'!$J$18,IF(AJ24-M24<'Sheet1-指标体系'!$J$10,'Sheet1-指标体系'!$J$22,'Sheet1-指标体系'!$J$23)),"") -> 80 | AL24: =IF((IF(ISNUMBER(I24),'Sheet1-指标体系'!$G$4,0)+IF(ISNUMBER(K24),'Sheet1-指标体系'!$G$5,0)+IF(ISNUMBER(L24),'Sheet1-指标体系'!$G$6,0))>0,ROUND((IF(ISNUMBER(I24),I24*'Sheet1-指标体系'!$G$4,0)+IF(ISNUMBER(K24),K24*'Sheet1-指标体系'!$G$5,0)+IF(ISNUMBER(L24),L24*'Sheet1-指标体系'!$G$6,0))/(IF(ISNUMBER(I24),'Sheet1-指标体系'!$G$4,0)+IF(ISNUMBER(K24),'Sheet1-指标体系'!$G$5,0)+IF(ISNUMBER(L24),'Sheet1-指标体系'!$G$6,0)),2),"") -> 96 | AM24: =IF(SUM(CD24:CG24)>0,ROUND(SUM(BS24:BV24)/SUM(CD24:CG24),2),"") -> 40.92 | AN24: =IF(SUM(CH24:CH24)>0,ROUND(SUM(BW24:BW24)/SUM(CH24:CH24),2),"") -> 81.08 | AO24: =IF(SUM(CI24:CJ24)>0,ROUND(SUM(BX24:BY24)/SUM(CI24:CJ24),2),"") -> 54.03 | AP24: =IF(SUM(CK24:CK24)>0,ROUND(SUM(BZ24:BZ24)/SUM(CK24:CK24),2),"") -> 80 | AQ24: =SUM(CA24:CK24) -> 1 | AR24: =IF(SUM(CA24:CK24)>0,SUM(BP24:BZ24),"") -> 67.06428 | AS24: =IF(SUM(CA24:CK24)>0,ROUND(SUM(BP24:BZ24)/SUM(CA24:CK24),2),"") -> 67.06 | AT24: =IF(OR(G24<>"入池",NOT(ISNUMBER(AS24))),"",COUNTIFS($G$17:$G$99,"入池",$AS$17:$AS$99,">"&AS24)+COUNTIFS($G$17:$G$99,"入池",$AS$17:$AS$99,AS24,$AQ$17:$AQ$99,">"&AQ24)+COUNTIFS($G$17:G24,"入池",$AS$17:AS24,AS24,$AQ$17:AQ24,AQ24)) -> 36 | AU24: =IF(NOT(ISNUMBER(I24)),"管理人规模；","")&IF(NOT(ISNUMBER(K24)),"产品规模标识；","")&IF(NOT(ISNUMBER(M24)),"近一年收益；","")&IF(NOT(ISNUMBER(T24)),"近一年胜率；","")&IF(NOT(ISNUMBER(N24)),"近三年收益；","")&IF(NOT(ISNUMBER(U24)),"近三年胜率；","")&IF(NOT(ISNUMBER(AA24)),"近三年回撤；","")&IF(NOT(ISNUMBER(AD24)),"近一年卡玛；","")&IF(ISNUMBER(F24),IF(AND(F24<'Sheet1-指标体系'!$J$16,NOT(ISNUMBER(O24))),"成立以来年化；",""),"成立日期；")&IF(ISNUMBER(V24),IF(OR(V24<0,V24>1),"胜率窗口口径不一致；",""),"")&IF(ISNUMBER(P24),IF(NOT(ISNUMBER(AE24)),"DD_long不可识别；",""),"") | AV24: =IF(ABS(SUM(CA24:CK24)-'Sheet1-指标体系'!$J$25)<0.0000000001,SUM(BP24:BZ24),"") -> 67.06428 | AW24: =IF(G24<>"入池",G24,IF(AQ24=0,"无有效评分数据",IF(ROUND(AQ24,10)=ROUND('Sheet1-指标体系'!$J$25,10),"完整赋分","暂定分／数据不完整"))) -> 完整赋分 | AX24: =IF('Sheet4-原始数据'!C9="","",'Sheet4-原始数据'!C9) -> 套利策略 | AY24: =IF('Sheet4-原始数据'!D9="","",'Sheet4-原始数据'!D9) -> 混合套利 | AZ24: =IF('Sheet5-查询核对'!S9="","",'Sheet5-查询核对'!S9) -> 套利策略—混合套利 | BA24: =IF('Sheet5-查询核对'!A9="","",'Sheet5-查询核对'!A9) -> 9 | BB24: =IF('Sheet5-查询核对'!F9="","",'Sheet5-查询核对'!F9) -> 备案号匹配 | BC24: =IF('Sheet5-查询核对'!I9="","",'Sheet5-查询核对'!I9) -> https://mp.fof99.com/fund/view/dfc323b7729ef01d | BD24: =IF('Sheet5-查询核对'!H9="","",'Sheet5-查询核对'!H9) -> 46269 | BE24: =IF('Sheet5-查询核对'!L9="","",'Sheet5-查询核对'!L9) -> https://gs.amac.org.cn/amac-infodisc/res/pof/manager/2209261520106658.html | BF24: =IF('Sheet5-查询核对'!M9="","",'Sheet5-查询核对'!M9) -> 46276 | BG24: =IF('Sheet5-查询核对'!O9="","",'Sheet5-查询核对'!O9) -> https://gs.amac.org.cn/amac-infodisc/res/pof/fund/2302151739100614.html | BH24: =IF('Sheet5-查询核对'!P9="","",'Sheet5-查询核对'!P9) -> 46276 | BI24: =IF('Sheet5-查询核对'!D9="","",'Sheet5-查询核对'!D9) -> SZJ724 | BJ24: =IF(ISNUMBER(AT24),AT24,COUNT($AT$17:$AT$99)+ROWS($AT$17:AT24)-COUNT($AT$17:AT24)) -> 36 | BK24: =IF(G24="入池",IF(ISNUMBER(M24),1,0),0) -> 1 | BL24: =IF(G24="入池",IF(ISNUMBER(P24),1,0),0) -> 1 | BM24: =IF(G24="入池",IF(ISNUMBER(AB24),1,0),0) -> 1 | BN24: =IF(G24="入池",IF(ISNUMBER(AD24),1,0),0) -> 1 | BO24: =IF(G24="入池",IF(ISNUMBER(AF24),1,0),0) -> 1 | BP24: =IF(G24="入池",IF(ISNUMBER(I24),I24*('Sheet1-指标体系'!$G$4),0),0) -> 5.4 | BQ24: =IF(G24="入池",IF(ISNUMBER(K24),K24*('Sheet1-指标体系'!$G$5),0),0) -> 4.5 | BR24: =IF(G24="入池",IF(ISNUMBER(L24),L24*('Sheet1-指标体系'!$G$6),0),0) -> 4.5 | BS24: =IF(G24="入池",IF(ISNUMBER(Q24),Q24*('Sheet1-指标体系'!$G$7*'Sheet1-指标体系'!$J$8),0),0) -> 0.69972 | BT24: =IF(G24="入池",IF(ISNUMBER(R24),R24*('Sheet1-指标体系'!$G$7*'Sheet1-指标体系'!$J$9),0),0) -> 2.96968 | BU24: =IF(G24="入池",IF(ISNUMBER(W24),W24*('Sheet1-指标体系'!$G$8*'Sheet1-指标体系'!$J$8),0),0) -> 2.21544 | BV24: =IF(G24="入池",IF(ISNUMBER(X24),X24*('Sheet1-指标体系'!$G$8*'Sheet1-指标体系'!$J$9),0),0) -> 2.29984 | BW24: =IF(G24="入池",IF(ISNUMBER(AC24),AC24*('Sheet1-指标体系'!$G$9),0),0) -> 20.27 | BX24: =IF(G24="入池",IF(ISNUMBER(AG24),AG24*('Sheet1-指标体系'!$G$10*'Sheet1-指标体系'!$J$8),0),0) -> 6.084 | BY24: =IF(G24="入池",IF(ISNUMBER(AH24),AH24*('Sheet1-指标体系'!$G$10*'Sheet1-指标体系'!$J$9),0),0) -> 10.1256 | BZ24: =IF(G24="入池",IF(ISNUMBER(AK24),AK24*('Sheet1-指标体系'!$G$11),0),0) -> 8 | CA24: =IF(G24="入池",IF(ISNUMBER(I24),'Sheet1-指标体系'!$G$4,0),0) -> 0.06 | CB24: =IF(G24="入池",IF(ISNUMBER(K24),'Sheet1-指标体系'!$G$5,0),0) -> 0.045 | CC24: =IF(G24="入池",IF(ISNUMBER(L24),'Sheet1-指标体系'!$G$6,0),0) -> 0.045 | CD24: =IF(G24="入池",IF(ISNUMBER(Q24),'Sheet1-指标体系'!$G$7*'Sheet1-指标体系'!$J$8,0),0) -> 0.084 | CE24: =IF(G24="入池",IF(ISNUMBER(R24),'Sheet1-指标体系'!$G$7*'Sheet1-指标体系'!$J$9,0),0) -> 0.056 | CF24: =IF(G24="入池",IF(ISNUMBER(W24),'Sheet1-指标体系'!$G$8*'Sheet1-指标体系'!$J$8,0),0) -> 0.036 | CG24: =IF(G24="入池",IF(ISNUMBER(X24),'Sheet1-指标体系'!$G$8*'Sheet1-指标体系'!$J$9,0),0) -> 0.024 | CH24: =IF(G24="入池",IF(ISNUMBER(AC24),'Sheet1-指标体系'!$G$9,0),0) -> 0.25 | CI24: =IF(G24="入池",IF(ISNUMBER(AG24),'Sheet1-指标体系'!$G$10*'Sheet1-指标体系'!$J$8,0),0) -> 0.18 | CJ24: =IF(G24="入池",IF(ISNUMBER(AH24),'Sheet1-指标体系'!$G$10*'Sheet1-指标体系'!$J$9,0),0) -> 0.12 | CK24: =IF(G24="入池",IF(ISNUMBER(AK24),'Sheet1-指标体系'!$G$11,0),0) -> 0.1
A25: ='Sheet5-查询核对'!A10-1 -> 9 | B25: =IF('Sheet4-原始数据'!A10="",'Sheet5-查询核对'!B10,'Sheet4-原始数据'!A10) -> 辰元优选稳健 | C25: =IF('Sheet4-原始数据'!B10="","",'Sheet4-原始数据'!B10) -> SZH690 | D25: =IF('Sheet4-原始数据'!E10="","",'Sheet4-原始数据'!E10) -> 广东辰元 | E25: =IF('Sheet4-原始数据'!F10="","",'Sheet4-原始数据'!F10) -> 44966 | F25: =IF(ISNUMBER(E25),ROUND(('Sheet1-指标体系'!$J$12-E25)/'Sheet1-指标体系'!$J$14,4),"") -> 3.5838 | G25: =IF(C25="","未匹配",IF(NOT(ISNUMBER(F25)),"缺成立日期",IF(F25<'Sheet1-指标体系'!$J$15,"不入池","入池"))) -> 入池 | H25: =IF('Sheet5-查询核对'!K10="","",'Sheet5-查询核对'!K10) -> 20-50亿元 | I25: =IF(H25="","",IF(COUNTIF('Sheet1-指标体系'!$P$4:$P$10,H25)=0,"",INDEX('Sheet1-指标体系'!$Q$4:$Q$10,MATCH(H25,'Sheet1-指标体系'!$P$4:$P$10,0)))) -> 90 | J25: =IF(NOT(ISNUMBER('Sheet5-查询核对'!N10)),"",IF('Sheet5-查询核对'!N10=1,"低于"&'Sheet1-指标体系'!$J$4&"万元",IF('Sheet5-查询核对'!N10=0,"无低于"&'Sheet1-指标体系'!$J$4&"万元标识",""))) -> 无低于1000万元标识 | K25: =IF(NOT(ISNUMBER('Sheet5-查询核对'!N10)),"",IF('Sheet5-查询核对'!N10=1,'Sheet1-指标体系'!$J$21,IF('Sheet5-查询核对'!N10=0,'Sheet1-指标体系'!$J$18,""))) -> 100 | L25: =IF(NOT(ISNUMBER(F25)),"",IF(F25<'Sheet1-指标体系'!$J$15,"",IF(F25<'Sheet1-指标体系'!$J$16,'Sheet1-指标体系'!$J$17,'Sheet1-指标体系'!$J$18))) -> 100 | M25: =IF(ISNUMBER('Sheet4-原始数据'!G10),'Sheet4-原始数据'!G10,"") -> 0.0284 | N25: =IF(ISNUMBER('Sheet4-原始数据'!H10),'Sheet4-原始数据'!H10,"") -> 0.0638 | O25: =IF(ISNUMBER('Sheet5-查询核对'!Q10),'Sheet5-查询核对'!Q10,"") -> 0.0714 | P25: =IF(G25<>"入池","",IF(F25>='Sheet1-指标体系'!$J$16,IF(AND(ISNUMBER(M25),ISNUMBER(N25)),IF(AND(1+M25>0,1+N25>=0),((1+N25)^'Sheet1-指标体系'!$J$16/(1+M25))^(1/('Sheet1-指标体系'!$J$16-1))-1,""),""),IF(AND(ISNUMBER(M25),ISNUMBER(O25)),IF(AND(F25>1,1+M25>0,1+O25>=0),((1+O25)^F25/(1+M25))^(1/(F25-1))-1,""),""))) -> 0.081954369 | Q25: =IF(BK25=1,IF(SUM($BK$17:$BK$99)<=1,100,ROUND(100*(COUNTIFS($BK$17:$BK$99,1,$M$17:$M$99,"<"&M25)+(COUNTIFS($BK$17:$BK$99,1,$M$17:$M$99,M25)-1)/2)/(SUM($BK$17:$BK$99)-1),2)),"") -> 12.5 | R25: =IF(BL25=1,IF(SUM($BL$17:$BL$99)<=1,100,ROUND(100*(COUNTIFS($BL$17:$BL$99,1,$P$17:$P$99,"<"&P25)+(COUNTIFS($BL$17:$BL$99,1,$P$17:$P$99,P25)-1)/2)/(SUM($BL$17:$BL$99)-1),2)),"") -> 57.58 | S25: =IF(ISNUMBER(Q25),IF(ISNUMBER(R25),ROUND(Q25*'Sheet1-指标体系'!$J$8+R25*'Sheet1-指标体系'!$J$9,2),Q25),"") -> 30.53 | T25: =IF(ISNUMBER('Sheet4-原始数据'!J10),'Sheet4-原始数据'!J10,"") -> 0.6154 | U25: =IF(ISNUMBER('Sheet4-原始数据'!I10),'Sheet4-原始数据'!I10,"") -> 0.8378 | V25: =IF(AND(ISNUMBER(T25),ISNUMBER(U25)),(U25*'Sheet1-指标体系'!$J$6-T25*'Sheet1-指标体系'!$J$5)/'Sheet1-指标体系'!$J$7,"") -> 0.95826667 | W25: =IF(ISNUMBER(T25),100*T25,"") -> 61.54 | X25: =IF(G25<>"入池","",IF(ISNUMBER(V25),IF(AND(V25>=0,V25<=1),V25*'Sheet1-指标体系'!$J$18,IF(MAX(0,(F25-'Sheet1-指标体系'!$J$15)*'Sheet1-指标体系'!$J$20)<'Sheet1-指标体系'!$J$19,'Sheet1-指标体系'!$J$18,"")),IF(MAX(0,(F25-'Sheet1-指标体系'!$J$15)*'Sheet1-指标体系'!$J$20)<'Sheet1-指标体系'!$J$19,'Sheet1-指标体系'!$J$18,""))) -> 95.826667 | Y25: =IF(ISNUMBER(W25),IF(ISNUMBER(X25),ROUND(W25*'Sheet1-指标体系'!$J$8+X25*'Sheet1-指标体系'!$J$9,2),W25),"") -> 75.25 | Z25: =IF(AND(ISNUMBER(M25),ISNUMBER(AD25)),IF(AD25<>0,ABS(M25/AD25),""),"") -> 0.0042152759 | AA25: =IF(ISNUMBER('Sheet4-原始数据'!K10),'Sheet4-原始数据'!K10,"") -> 0.0042 | AB25: =IF(AND(ISNUMBER(Z25),ISNUMBER(AA25)),MAX(Z25,AA25),IF(ISNUMBER(Z25),Z25,IF(ISNUMBER(AA25),AA25,""))) -> 0.0042152759 | AC25: =IF(BM25=1,IF(SUM($BM$17:$BM$99)<=1,100,ROUND(100*(COUNTIFS($BM$17:$BM$99,1,$AB$17:$AB$99,">"&AB25)+(COUNTIFS($BM$17:$BM$99,1,$AB$17:$AB$99,AB25)-1)/2)/(SUM($BM$17:$BM$99)-1),2)),"") -> 91.89 | AD25: =IF(ISNUMBER('Sheet4-原始数据'!M10),'Sheet4-原始数据'!M10,"") -> 6.7374 | AE25: =IF(AND(ISNUMBER(P25),ISNUMBER(AA25),ISNUMBER(Z25)),IF(AA25>Z25+'Sheet1-指标体系'!$J$11,AA25,""),"") | AF25: =IF(AND(ISNUMBER(P25),ISNUMBER(AE25)),IF(AE25<>0,P25/AE25,""),"") | AG25: =IF(BN25=1,IF(SUM($BN$17:$BN$99)<=1,100,ROUND(100*(COUNTIFS($BN$17:$BN$99,1,$AD$17:$AD$99,"<"&AD25)+(COUNTIFS($BN$17:$BN$99,1,$AD$17:$AD$99,AD25)-1)/2)/(SUM($BN$17:$BN$99)-1),2)),"") -> 42.25 | AH25: =IF(BO25=1,IF(SUM($BO$17:$BO$99)<=1,100,ROUND(100*(COUNTIFS($BO$17:$BO$99,1,$AF$17:$AF$99,"<"&AF25)+(COUNTIFS($BO$17:$BO$99,1,$AF$17:$AF$99,AF25)-1)/2)/(SUM($BO$17:$BO$99)-1),2)),"") | AI25: =IF(ISNUMBER(AG25),IF(ISNUMBER(AH25),ROUND(AG25*'Sheet1-指标体系'!$J$8+AH25*'Sheet1-指标体系'!$J$9,2),AG25),"") -> 42.25 | AJ25: =IF(NOT(ISNUMBER(F25)),"",IF(F25>='Sheet1-指标体系'!$J$16,IF(ISNUMBER(N25),N25,""),IF(ISNUMBER(O25),O25,""))) -> 0.0638 | AK25: =IF(AND(G25="入池",ISNUMBER(M25),ISNUMBER(AJ25)),IF(M25>=AJ25,'Sheet1-指标体系'!$J$18,IF(AJ25-M25<'Sheet1-指标体系'!$J$10,'Sheet1-指标体系'!$J$22,'Sheet1-指标体系'!$J$23)),"") -> 80 | AL25: =IF((IF(ISNUMBER(I25),'Sheet1-指标体系'!$G$4,0)+IF(ISNUMBER(K25),'Sheet1-指标体系'!$G$5,0)+IF(ISNUMBER(L25),'Sheet1-指标体系'!$G$6,0))>0,ROUND((IF(ISNUMBER(I25),I25*'Sheet1-指标体系'!$G$4,0)+IF(ISNUMBER(K25),K25*'Sheet1-指标体系'!$G$5,0)+IF(ISNUMBER(L25),L25*'Sheet1-指标体系'!$G$6,0))/(IF(ISNUMBER(I25),'Sheet1-指标体系'!$G$4,0)+IF(ISNUMBER(K25),'Sheet1-指标体系'!$G$5,0)+IF(ISNUMBER(L25),'Sheet1-指标体系'!$G$6,0)),2),"") -> 96 | AM25: =IF(SUM(CD25:CG25)>0,ROUND(SUM(BS25:BV25)/SUM(CD25:CG25),2),"") -> 43.95 | AN25: =IF(SUM(CH25:CH25)>0,ROUND(SUM(BW25:BW25)/SUM(CH25:CH25),2),"") -> 91.89 | AO25: =IF(SUM(CI25:CJ25)>0,ROUND(SUM(BX25:BY25)/SUM(CI25:CJ25),2),"") -> 42.25 | AP25: =IF(SUM(CK25:CK25)>0,ROUND(SUM(BZ25:BZ25)/SUM(CK25:CK25),2),"") -> 80 | AQ25: =SUM(CA25:CK25) -> 0.88 | AR25: =IF(SUM(CA25:CK25)>0,SUM(BP25:BZ25),"") -> 61.76726 | AS25: =IF(SUM(CA25:CK25)>0,ROUND(SUM(BP25:BZ25)/SUM(CA25:CK25),2),"") -> 70.19 | AT25: =IF(OR(G25<>"入池",NOT(ISNUMBER(AS25))),"",COUNTIFS($G$17:$G$99,"入池",$AS$17:$AS$99,">"&AS25)+COUNTIFS($G$17:$G$99,"入池",$AS$17:$AS$99,AS25,$AQ$17:$AQ$99,">"&AQ25)+COUNTIFS($G$17:G25,"入池",$AS$17:AS25,AS25,$AQ$17:AQ25,AQ25)) -> 30 | AU25: =IF(NOT(ISNUMBER(I25)),"管理人规模；","")&IF(NOT(ISNUMBER(K25)),"产品规模标识；","")&IF(NOT(ISNUMBER(M25)),"近一年收益；","")&IF(NOT(ISNUMBER(T25)),"近一年胜率；","")&IF(NOT(ISNUMBER(N25)),"近三年收益；","")&IF(NOT(ISNUMBER(U25)),"近三年胜率；","")&IF(NOT(ISNUMBER(AA25)),"近三年回撤；","")&IF(NOT(ISNUMBER(AD25)),"近一年卡玛；","")&IF(ISNUMBER(F25),IF(AND(F25<'Sheet1-指标体系'!$J$16,NOT(ISNUMBER(O25))),"成立以来年化；",""),"成立日期；")&IF(ISNUMBER(V25),IF(OR(V25<0,V25>1),"胜率窗口口径不一致；",""),"")&IF(ISNUMBER(P25),IF(NOT(ISNUMBER(AE25)),"DD_long不可识别；",""),"") -> DD_long不可识别； | AV25: =IF(ABS(SUM(CA25:CK25)-'Sheet1-指标体系'!$J$25)<0.0000000001,SUM(BP25:BZ25),"") | AW25: =IF(G25<>"入池",G25,IF(AQ25=0,"无有效评分数据",IF(ROUND(AQ25,10)=ROUND('Sheet1-指标体系'!$J$25,10),"完整赋分","暂定分／数据不完整"))) -> 暂定分／数据不完整 | AX25: =IF('Sheet4-原始数据'!C10="","",'Sheet4-原始数据'!C10) -> 套利策略 | AY25: =IF('Sheet4-原始数据'!D10="","",'Sheet4-原始数据'!D10) -> 混合套利 | AZ25: =IF('Sheet5-查询核对'!S10="","",'Sheet5-查询核对'!S10) -> 套利策略—混合套利 | BA25: =IF('Sheet5-查询核对'!A10="","",'Sheet5-查询核对'!A10) -> 10 | BB25: =IF('Sheet5-查询核对'!F10="","",'Sheet5-查询核对'!F10) -> 备案号匹配 | BC25: =IF('Sheet5-查询核对'!I10="","",'Sheet5-查询核对'!I10) -> https://mp.fof99.com/fund/view/3712ae883b81c7b6 | BD25: =IF('Sheet5-查询核对'!H10="","",'Sheet5-查询核对'!H10) -> 46269 | BE25: =IF('Sheet5-查询核对'!L10="","",'Sheet5-查询核对'!L10) -> https://gs.amac.org.cn/amac-infodisc/res/pof/manager/2209261520106658.html | BF25: =IF('Sheet5-查询核对'!M10="","",'Sheet5-查询核对'!M10) -> 46276 | BG25: =IF('Sheet5-查询核对'!O10="","",'Sheet5-查询核对'!O10) -> https://gs.amac.org.cn/amac-infodisc/res/pof/fund/2302141700101335.html | BH25: =IF('Sheet5-查询核对'!P10="","",'Sheet5-查询核对'!P10) -> 46276 | BI25: =IF('Sheet5-查询核对'!D10="","",'Sheet5-查询核对'!D10) -> SZH690 | BJ25: =IF(ISNUMBER(AT25),AT25,COUNT($AT$17:$AT$99)+ROWS($AT$17:AT25)-COUNT($AT$17:AT25)) -> 30 | BK25: =IF(G25="入池",IF(ISNUMBER(M25),1,0),0) -> 1 | BL25: =IF(G25="入池",IF(ISNUMBER(P25),1,0),0) -> 1 | BM25: =IF(G25="入池",IF(ISNUMBER(AB25),1,0),0) -> 1 | BN25: =IF(G25="入池",IF(ISNUMBER(AD25),1,0),0) -> 1 | BO25: =IF(G25="入池",IF(ISNUMBER(AF25),1,0),0) -> 0 | BP25: =IF(G25="入池",IF(ISNUMBER(I25),I25*('Sheet1-指标体系'!$G$4),0),0) -> 5.4 | BQ25: =IF(G25="入池",IF(ISNUMBER(K25),K25*('Sheet1-指标体系'!$G$5),0),0) -> 4.5 | BR25: =IF(G25="入池",IF(ISNUMBER(L25),L25*('Sheet1-指标体系'!$G$6),0),0) -> 4.5 | BS25: =IF(G25="入池",IF(ISNUMBER(Q25),Q25*('Sheet1-指标体系'!$G$7*'Sheet1-指标体系'!$J$8),0),0) -> 1.05 | BT25: =IF(G25="入池",IF(ISNUMBER(R25),R25*('Sheet1-指标体系'!$G$7*'Sheet1-指标体系'!$J$9),0),0) -> 3.22448 | BU25: =IF(G25="入池",IF(ISNUMBER(W25),W25*('Sheet1-指标体系'!$G$8*'Sheet1-指标体系'!$J$8),0),0) -> 2.21544 | BV25: =IF(G25="入池",IF(ISNUMBER(X25),X25*('Sheet1-指标体系'!$G$8*'Sheet1-指标体系'!$J$9),0),0) -> 2.29984 | BW25: =IF(G25="入池",IF(ISNUMBER(AC25),AC25*('Sheet1-指标体系'!$G$9),0),0) -> 22.9725 | BX25: =IF(G25="入池",IF(ISNUMBER(AG25),AG25*('Sheet1-指标体系'!$G$10*'Sheet1-指标体系'!$J$8),0),0) -> 7.605 | BY25: =IF(G25="入池",IF(ISNUMBER(AH25),AH25*('Sheet1-指标体系'!$G$10*'Sheet1-指标体系'!$J$9),0),0) -> 0 | BZ25: =IF(G25="入池",IF(ISNUMBER(AK25),AK25*('Sheet1-指标体系'!$G$11),0),0) -> 8 | CA25: =IF(G25="入池",IF(ISNUMBER(I25),'Sheet1-指标体系'!$G$4,0),0) -> 0.06 | CB25: =IF(G25="入池",IF(ISNUMBER(K25),'Sheet1-指标体系'!$G$5,0),0) -> 0.045 | CC25: =IF(G25="入池",IF(ISNUMBER(L25),'Sheet1-指标体系'!$G$6,0),0) -> 0.045 | CD25: =IF(G25="入池",IF(ISNUMBER(Q25),'Sheet1-指标体系'!$G$7*'Sheet1-指标体系'!$J$8,0),0) -> 0.084 | CE25: =IF(G25="入池",IF(ISNUMBER(R25),'Sheet1-指标体系'!$G$7*'Sheet1-指标体系'!$J$9,0),0) -> 0.056 | CF25: =IF(G25="入池",IF(ISNUMBER(W25),'Sheet1-指标体系'!$G$8*'Sheet1-指标体系'!$J$8,0),0) -> 0.036 | CG25: =IF(G25="入池",IF(ISNUMBER(X25),'Sheet1-指标体系'!$G$8*'Sheet1-指标体系'!$J$9,0),0) -> 0.024 | CH25: =IF(G25="入池",IF(ISNUMBER(AC25),'Sheet1-指标体系'!$G$9,0),0) -> 0.25 | CI25: =IF(G25="入池",IF(ISNUMBER(AG25),'Sheet1-指标体系'!$G$10*'Sheet1-指标体系'!$J$8,0),0) -> 0.18 | CJ25: =IF(G25="入池",IF(ISNUMBER(AH25),'Sheet1-指标体系'!$G$10*'Sheet1-指标体系'!$J$9,0),0) -> 0 | CK25: =IF(G25="入池",IF(ISNUMBER(AK25),'Sheet1-指标体系'!$G$11,0),0) -> 0.1
A26: ='Sheet5-查询核对'!A11-1 -> 10 | B26: =IF('Sheet4-原始数据'!A11="",'Sheet5-查询核对'!B11,'Sheet4-原始数据'!A11) -> 晨翰11号 | C26: =IF('Sheet4-原始数据'!B11="","",'Sheet4-原始数据'!B11) -> SVT598 | D26: =IF('Sheet4-原始数据'!E11="","",'Sheet4-原始数据'!E11) -> 晋江晨翰 | E26: =IF('Sheet4-原始数据'!F11="","",'Sheet4-原始数据'!F11) -> 44722 | F26: =IF(ISNUMBER(E26),ROUND(('Sheet1-指标体系'!$J$12-E26)/'Sheet1-指标体系'!$J$14,4),"") -> 4.2519 | G26: =IF(C26="","未匹配",IF(NOT(ISNUMBER(F26)),"缺成立日期",IF(F26<'Sheet1-指标体系'!$J$15,"不入池","入池"))) -> 入池 | H26: =IF('Sheet5-查询核对'!K11="","",'Sheet5-查询核对'!K11) -> 5-10亿元 | I26: =IF(H26="","",IF(COUNTIF('Sheet1-指标体系'!$P$4:$P$10,H26)=0,"",INDEX('Sheet1-指标体系'!$Q$4:$Q$10,MATCH(H26,'Sheet1-指标体系'!$P$4:$P$10,0)))) -> 70 | J26: =IF(NOT(ISNUMBER('Sheet5-查询核对'!N11)),"",IF('Sheet5-查询核对'!N11=1,"低于"&'Sheet1-指标体系'!$J$4&"万元",IF('Sheet5-查询核对'!N11=0,"无低于"&'Sheet1-指标体系'!$J$4&"万元标识",""))) -> 无低于1000万元标识 | K26: =IF(NOT(ISNUMBER('Sheet5-查询核对'!N11)),"",IF('Sheet5-查询核对'!N11=1,'Sheet1-指标体系'!$J$21,IF('Sheet5-查询核对'!N11=0,'Sheet1-指标体系'!$J$18,""))) -> 100 | L26: =IF(NOT(ISNUMBER(F26)),"",IF(F26<'Sheet1-指标体系'!$J$15,"",IF(F26<'Sheet1-指标体系'!$J$16,'Sheet1-指标体系'!$J$17,'Sheet1-指标体系'!$J$18))) -> 100 | M26: =IF(ISNUMBER('Sheet4-原始数据'!G11),'Sheet4-原始数据'!G11,"") -> 0.0344 | N26: =IF(ISNUMBER('Sheet4-原始数据'!H11),'Sheet4-原始数据'!H11,"") -> 0.0333 | O26: =IF(ISNUMBER('Sheet5-查询核对'!Q11),'Sheet5-查询核对'!Q11,"") -> 0.0619 | P26: =IF(G26<>"入池","",IF(F26>='Sheet1-指标体系'!$J$16,IF(AND(ISNUMBER(M26),ISNUMBER(N26)),IF(AND(1+M26>0,1+N26>=0),((1+N26)^'Sheet1-指标体系'!$J$16/(1+M26))^(1/('Sheet1-指标体系'!$J$16-1))-1,""),""),IF(AND(ISNUMBER(M26),ISNUMBER(O26)),IF(AND(F26>1,1+M26>0,1+O26>=0),((1+O26)^F26/(1+M26))^(1/(F26-1))-1,""),""))) -> 0.032750439 | Q26: =IF(BK26=1,IF(SUM($BK$17:$BK$99)<=1,100,ROUND(100*(COUNTIFS($BK$17:$BK$99,1,$M$17:$M$99,"<"&M26)+(COUNTIFS($BK$17:$BK$99,1,$M$17:$M$99,M26)-1)/2)/(SUM($BK$17:$BK$99)-1),2)),"") -> 15.28 | R26: =IF(BL26=1,IF(SUM($BL$17:$BL$99)<=1,100,ROUND(100*(COUNTIFS($BL$17:$BL$99,1,$P$17:$P$99,"<"&P26)+(COUNTIFS($BL$17:$BL$99,1,$P$17:$P$99,P26)-1)/2)/(SUM($BL$17:$BL$99)-1),2)),"") -> 7.58 | S26: =IF(ISNUMBER(Q26),IF(ISNUMBER(R26),ROUND(Q26*'Sheet1-指标体系'!$J$8+R26*'Sheet1-指标体系'!$J$9,2),Q26),"") -> 12.2 | T26: =IF(ISNUMBER('Sheet4-原始数据'!J11),'Sheet4-原始数据'!J11,"") -> 0.5385 | U26: =IF(ISNUMBER('Sheet4-原始数据'!I11),'Sheet4-原始数据'!I11,"") -> 0.6216 | V26: =IF(AND(ISNUMBER(T26),ISNUMBER(U26)),(U26*'Sheet1-指标体系'!$J$6-T26*'Sheet1-指标体系'!$J$5)/'Sheet1-指标体系'!$J$7,"") -> 0.6666125 | W26: =IF(ISNUMBER(T26),100*T26,"") -> 53.85 | X26: =IF(G26<>"入池","",IF(ISNUMBER(V26),IF(AND(V26>=0,V26<=1),V26*'Sheet1-指标体系'!$J$18,IF(MAX(0,(F26-'Sheet1-指标体系'!$J$15)*'Sheet1-指标体系'!$J$20)<'Sheet1-指标体系'!$J$19,'Sheet1-指标体系'!$J$18,"")),IF(MAX(0,(F26-'Sheet1-指标体系'!$J$15)*'Sheet1-指标体系'!$J$20)<'Sheet1-指标体系'!$J$19,'Sheet1-指标体系'!$J$18,""))) -> 66.66125 | Y26: =IF(ISNUMBER(W26),IF(ISNUMBER(X26),ROUND(W26*'Sheet1-指标体系'!$J$8+X26*'Sheet1-指标体系'!$J$9,2),W26),"") -> 58.97 | Z26: =IF(AND(ISNUMBER(M26),ISNUMBER(AD26)),IF(AD26<>0,ABS(M26/AD26),""),"") -> 0.015222586 | AA26: =IF(ISNUMBER('Sheet4-原始数据'!K11),'Sheet4-原始数据'!K11,"") -> 0.0239 | AB26: =IF(AND(ISNUMBER(Z26),ISNUMBER(AA26)),MAX(Z26,AA26),IF(ISNUMBER(Z26),Z26,IF(ISNUMBER(AA26),AA26,""))) -> 0.0239 | AC26: =IF(BM26=1,IF(SUM($BM$17:$BM$99)<=1,100,ROUND(100*(COUNTIFS($BM$17:$BM$99,1,$AB$17:$AB$99,">"&AB26)+(COUNTIFS($BM$17:$BM$99,1,$AB$17:$AB$99,AB26)-1)/2)/(SUM($BM$17:$BM$99)-1),2)),"") -> 47.3 | AD26: =IF(ISNUMBER('Sheet4-原始数据'!M11),'Sheet4-原始数据'!M11,"") -> 2.2598 | AE26: =IF(AND(ISNUMBER(P26),ISNUMBER(AA26),ISNUMBER(Z26)),IF(AA26>Z26+'Sheet1-指标体系'!$J$11,AA26,""),"") -> 0.0239 | AF26: =IF(AND(ISNUMBER(P26),ISNUMBER(AE26)),IF(AE26<>0,P26/AE26,""),"") -> 1.3703112 | AG26: =IF(BN26=1,IF(SUM($BN$17:$BN$99)<=1,100,ROUND(100*(COUNTIFS($BN$17:$BN$99,1,$AD$17:$AD$99,"<"&AD26)+(COUNTIFS($BN$17:$BN$99,1,$AD$17:$AD$99,AD26)-1)/2)/(SUM($BN$17:$BN$99)-1),2)),"") -> 16.9 | AH26: =IF(BO26=1,IF(SUM($BO$17:$BO$99)<=1,100,ROUND(100*(COUNTIFS($BO$17:$BO$99,1,$AF$17:$AF$99,"<"&AF26)+(COUNTIFS($BO$17:$BO$99,1,$AF$17:$AF$99,AF26)-1)/2)/(SUM($BO$17:$BO$99)-1),2)),"") -> 15.63 | AI26: =IF(ISNUMBER(AG26),IF(ISNUMBER(AH26),ROUND(AG26*'Sheet1-指标体系'!$J$8+AH26*'Sheet1-指标体系'!$J$9,2),AG26),"") -> 16.39 | AJ26: =IF(NOT(ISNUMBER(F26)),"",IF(F26>='Sheet1-指标体系'!$J$16,IF(ISNUMBER(N26),N26,""),IF(ISNUMBER(O26),O26,""))) -> 0.0333 | AK26: =IF(AND(G26="入池",ISNUMBER(M26),ISNUMBER(AJ26)),IF(M26>=AJ26,'Sheet1-指标体系'!$J$18,IF(AJ26-M26<'Sheet1-指标体系'!$J$10,'Sheet1-指标体系'!$J$22,'Sheet1-指标体系'!$J$23)),"") -> 100 | AL26: =IF((IF(ISNUMBER(I26),'Sheet1-指标体系'!$G$4,0)+IF(ISNUMBER(K26),'Sheet1-指标体系'!$G$5,0)+IF(ISNUMBER(L26),'Sheet1-指标体系'!$G$6,0))>0,ROUND((IF(ISNUMBER(I26),I26*'Sheet1-指标体系'!$G$4,0)+IF(ISNUMBER(K26),K26*'Sheet1-指标体系'!$G$5,0)+IF(ISNUMBER(L26),L26*'Sheet1-指标体系'!$G$6,0))/(IF(ISNUMBER(I26),'Sheet1-指标体系'!$G$4,0)+IF(ISNUMBER(K26),'Sheet1-指标体系'!$G$5,0)+IF(ISNUMBER(L26),'Sheet1-指标体系'!$G$6,0)),2),"") -> 88 | AM26: =IF(SUM(CD26:CG26)>0,ROUND(SUM(BS26:BV26)/SUM(CD26:CG26),2),"") -> 26.23 | AN26: =IF(SUM(CH26:CH26)>0,ROUND(SUM(BW26:BW26)/SUM(CH26:CH26),2),"") -> 47.3 | AO26: =IF(SUM(CI26:CJ26)>0,ROUND(SUM(BX26:BY26)/SUM(CI26:CJ26),2),"") -> 16.39 | AP26: =IF(SUM(CK26:CK26)>0,ROUND(SUM(BZ26:BZ26)/SUM(CK26:CK26),2),"") -> 100 | AQ26: =SUM(CA26:CK26) -> 1 | AR26: =IF(SUM(CA26:CK26)>0,SUM(BP26:BZ26),"") -> 45.18907 | AS26: =IF(SUM(CA26:CK26)>0,ROUND(SUM(BP26:BZ26)/SUM(CA26:CK26),2),"") -> 45.19 | AT26: =IF(OR(G26<>"入池",NOT(ISNUMBER(AS26))),"",COUNTIFS($G$17:$G$99,"入池",$AS$17:$AS$99,">"&AS26)+COUNTIFS($G$17:$G$99,"入池",$AS$17:$AS$99,AS26,$AQ$17:$AQ$99,">"&AQ26)+COUNTIFS($G$17:G26,"入池",$AS$17:AS26,AS26,$AQ$17:AQ26,AQ26)) -> 62 | AU26: =IF(NOT(ISNUMBER(I26)),"管理人规模；","")&IF(NOT(ISNUMBER(K26)),"产品规模标识；","")&IF(NOT(ISNUMBER(M26)),"近一年收益；","")&IF(NOT(ISNUMBER(T26)),"近一年胜率；","")&IF(NOT(ISNUMBER(N26)),"近三年收益；","")&IF(NOT(ISNUMBER(U26)),"近三年胜率；","")&IF(NOT(ISNUMBER(AA26)),"近三年回撤；","")&IF(NOT(ISNUMBER(AD26)),"近一年卡玛；","")&IF(ISNUMBER(F26),IF(AND(F26<'Sheet1-指标体系'!$J$16,NOT(ISNUMBER(O26))),"成立以来年化；",""),"成立日期；")&IF(ISNUMBER(V26),IF(OR(V26<0,V26>1),"胜率窗口口径不一致；",""),"")&IF(ISNUMBER(P26),IF(NOT(ISNUMBER(AE26)),"DD_long不可识别；",""),"") | AV26: =IF(ABS(SUM(CA26:CK26)-'Sheet1-指标体系'!$J$25)<0.0000000001,SUM(BP26:BZ26),"") -> 45.18907 | AW26: =IF(G26<>"入池",G26,IF(AQ26=0,"无有效评分数据",IF(ROUND(AQ26,10)=ROUND('Sheet1-指标体系'!$J$25,10),"完整赋分","暂定分／数据不完整"))) -> 完整赋分 | AX26: =IF('Sheet4-原始数据'!C11="","",'Sheet4-原始数据'!C11) -> 套利策略 | AY26: =IF('Sheet4-原始数据'!D11="","",'Sheet4-原始数据'!D11) -> 期货套利 | AZ26: =IF('Sheet5-查询核对'!S11="","",'Sheet5-查询核对'!S11) -> 套利策略—期货套利 | BA26: =IF('Sheet5-查询核对'!A11="","",'Sheet5-查询核对'!A11) -> 11 | BB26: =IF('Sheet5-查询核对'!F11="","",'Sheet5-查询核对'!F11) -> 备案号匹配 | BC26: =IF('Sheet5-查询核对'!I11="","",'Sheet5-查询核对'!I11) -> https://mp.fof99.com/fund/view/f56d280c5131a6c9 | BD26: =IF('Sheet5-查询核对'!H11="","",'Sheet5-查询核对'!H11) -> 46269 | BE26: =IF('Sheet5-查询核对'!L11="","",'Sheet5-查询核对'!L11) -> https://gs.amac.org.cn/amac-infodisc/res/pof/manager/2002211754119480.html | BF26: =IF('Sheet5-查询核对'!M11="","",'Sheet5-查询核对'!M11) -> 46276 | BG26: =IF('Sheet5-查询核对'!O11="","",'Sheet5-查询核对'!O11) -> https://gs.amac.org.cn/amac-infodisc/res/pof/fund/2206171628103559.html | BH26: =IF('Sheet5-查询核对'!P11="","",'Sheet5-查询核对'!P11) -> 46276 | BI26: =IF('Sheet5-查询核对'!D11="","",'Sheet5-查询核对'!D11) -> SVT598 | BJ26: =IF(ISNUMBER(AT26),AT26,COUNT($AT$17:$AT$99)+ROWS($AT$17:AT26)-COUNT($AT$17:AT26)) -> 62 | BK26: =IF(G26="入池",IF(ISNUMBER(M26),1,0),0) -> 1 | BL26: =IF(G26="入池",IF(ISNUMBER(P26),1,0),0) -> 1 | BM26: =IF(G26="入池",IF(ISNUMBER(AB26),1,0),0) -> 1 | BN26: =IF(G26="入池",IF(ISNUMBER(AD26),1,0),0) -> 1 | BO26: =IF(G26="入池",IF(ISNUMBER(AF26),1,0),0) -> 1 | BP26: =IF(G26="入池",IF(ISNUMBER(I26),I26*('Sheet1-指标体系'!$G$4),0),0) -> 4.2 | BQ26: =IF(G26="入池",IF(ISNUMBER(K26),K26*('Sheet1-指标体系'!$G$5),0),0) -> 4.5 | BR26: =IF(G26="入池",IF(ISNUMBER(L26),L26*('Sheet1-指标体系'!$G$6),0),0) -> 4.5 | BS26: =IF(G26="入池",IF(ISNUMBER(Q26),Q26*('Sheet1-指标体系'!$G$7*'Sheet1-指标体系'!$J$8),0),0) -> 1.28352 | BT26: =IF(G26="入池",IF(ISNUMBER(R26),R26*('Sheet1-指标体系'!$G$7*'Sheet1-指标体系'!$J$9),0),0) -> 0.42448 | BU26: =IF(G26="入池",IF(ISNUMBER(W26),W26*('Sheet1-指标体系'!$G$8*'Sheet1-指标体系'!$J$8),0),0) -> 1.9386 | BV26: =IF(G26="入池",IF(ISNUMBER(X26),X26*('Sheet1-指标体系'!$G$8*'Sheet1-指标体系'!$J$9),0),0) -> 1.59987 | BW26: =IF(G26="入池",IF(ISNUMBER(AC26),AC26*('Sheet1-指标体系'!$G$9),0),0) -> 11.825 | BX26: =IF(G26="入池",IF(ISNUMBER(AG26),AG26*('Sheet1-指标体系'!$G$10*'Sheet1-指标体系'!$J$8),0),0) -> 3.042 | BY26: =IF(G26="入池",IF(ISNUMBER(AH26),AH26*('Sheet1-指标体系'!$G$10*'Sheet1-指标体系'!$J$9),0),0) -> 1.8756 | BZ26: =IF(G26="入池",IF(ISNUMBER(AK26),AK26*('Sheet1-指标体系'!$G$11),0),0) -> 10 | CA26: =IF(G26="入池",IF(ISNUMBER(I26),'Sheet1-指标体系'!$G$4,0),0) -> 0.06 | CB26: =IF(G26="入池",IF(ISNUMBER(K26),'Sheet1-指标体系'!$G$5,0),0) -> 0.045 | CC26: =IF(G26="入池",IF(ISNUMBER(L26),'Sheet1-指标体系'!$G$6,0),0) -> 0.045 | CD26: =IF(G26="入池",IF(ISNUMBER(Q26),'Sheet1-指标体系'!$G$7*'Sheet1-指标体系'!$J$8,0),0) -> 0.084 | CE26: =IF(G26="入池",IF(ISNUMBER(R26),'Sheet1-指标体系'!$G$7*'Sheet1-指标体系'!$J$9,0),0) -> 0.056 | CF26: =IF(G26="入池",IF(ISNUMBER(W26),'Sheet1-指标体系'!$G$8*'Sheet1-指标体系'!$J$8,0),0) -> 0.036 | CG26: =IF(G26="入池",IF(ISNUMBER(X26),'Sheet1-指标体系'!$G$8*'Sheet1-指标体系'!$J$9,0),0) -> 0.024 | CH26: =IF(G26="入池",IF(ISNUMBER(AC26),'Sheet1-指标体系'!$G$9,0),0) -> 0.25 | CI26: =IF(G26="入池",IF(ISNUMBER(AG26),'Sheet1-指标体系'!$G$10*'Sheet1-指标体系'!$J$8,0),0) -> 0.18 | CJ26: =IF(G26="入池",IF(ISNUMBER(AH26),'Sheet1-指标体系'!$G$10*'Sheet1-指标体系'!$J$9,0),0) -> 0.12 | CK26: =IF(G26="入池",IF(ISNUMBER(AK26),'Sheet1-指标体系'!$G$11,0),0) -> 0.1
A27: ='Sheet5-查询核对'!A12-1 -> 11 | B27: =IF('Sheet4-原始数据'!A12="",'Sheet5-查询核对'!B12,'Sheet4-原始数据'!A12) -> 晨翰6号 | C27: =IF('Sheet4-原始数据'!B12="","",'Sheet4-原始数据'!B12) -> STS460 | D27: =IF('Sheet4-原始数据'!E12="","",'Sheet4-原始数据'!E12) -> 晋江晨翰 | E27: =IF('Sheet4-原始数据'!F12="","",'Sheet4-原始数据'!F12) -> 44575 | F27: =IF(ISNUMBER(E27),ROUND(('Sheet1-指标体系'!$J$12-E27)/'Sheet1-指标体系'!$J$14,4),"") -> 4.6543 | G27: =IF(C27="","未匹配",IF(NOT(ISNUMBER(F27)),"缺成立日期",IF(F27<'Sheet1-指标体系'!$J$15,"不入池","入池"))) -> 入池 | H27: =IF('Sheet5-查询核对'!K12="","",'Sheet5-查询核对'!K12) -> 5-10亿元 | I27: =IF(H27="","",IF(COUNTIF('Sheet1-指标体系'!$P$4:$P$10,H27)=0,"",INDEX('Sheet1-指标体系'!$Q$4:$Q$10,MATCH(H27,'Sheet1-指标体系'!$P$4:$P$10,0)))) -> 70 | J27: =IF(NOT(ISNUMBER('Sheet5-查询核对'!N12)),"",IF('Sheet5-查询核对'!N12=1,"低于"&'Sheet1-指标体系'!$J$4&"万元",IF('Sheet5-查询核对'!N12=0,"无低于"&'Sheet1-指标体系'!$J$4&"万元标识",""))) -> 无低于1000万元标识 | K27: =IF(NOT(ISNUMBER('Sheet5-查询核对'!N12)),"",IF('Sheet5-查询核对'!N12=1,'Sheet1-指标体系'!$J$21,IF('Sheet5-查询核对'!N12=0,'Sheet1-指标体系'!$J$18,""))) -> 100 | L27: =IF(NOT(ISNUMBER(F27)),"",IF(F27<'Sheet1-指标体系'!$J$15,"",IF(F27<'Sheet1-指标体系'!$J$16,'Sheet1-指标体系'!$J$17,'Sheet1-指标体系'!$J$18))) -> 100 | M27: =IF(ISNUMBER('Sheet4-原始数据'!G12),'Sheet4-原始数据'!G12,"") -> 0.0864 | N27: =IF(ISNUMBER('Sheet4-原始数据'!H12),'Sheet4-原始数据'!H12,"") -> 0.054 | O27: =IF(ISNUMBER('Sheet5-查询核对'!Q12),'Sheet5-查询核对'!Q12,"") -> 0.0915 | P27: =IF(G27<>"入池","",IF(F27>='Sheet1-指标体系'!$J$16,IF(AND(ISNUMBER(M27),ISNUMBER(N27)),IF(AND(1+M27>0,1+N27>=0),((1+N27)^'Sheet1-指标体系'!$J$16/(1+M27))^(1/('Sheet1-指标体系'!$J$16-1))-1,""),""),IF(AND(ISNUMBER(M27),ISNUMBER(O27)),IF(AND(F27>1,1+M27>0,1+O27>=0),((1+O27)^F27/(1+M27))^(1/(F27-1))-1,""),""))) -> 0.038164174 | Q27: =IF(BK27=1,IF(SUM($BK$17:$BK$99)<=1,100,ROUND(100*(COUNTIFS($BK$17:$BK$99,1,$M$17:$M$99,"<"&M27)+(COUNTIFS($BK$17:$BK$99,1,$M$17:$M$99,M27)-1)/2)/(SUM($BK$17:$BK$99)-1),2)),"") -> 47.22 | R27: =IF(BL27=1,IF(SUM($BL$17:$BL$99)<=1,100,ROUND(100*(COUNTIFS($BL$17:$BL$99,1,$P$17:$P$99,"<"&P27)+(COUNTIFS($BL$17:$BL$99,1,$P$17:$P$99,P27)-1)/2)/(SUM($BL$17:$BL$99)-1),2)),"") -> 10.61 | S27: =IF(ISNUMBER(Q27),IF(ISNUMBER(R27),ROUND(Q27*'Sheet1-指标体系'!$J$8+R27*'Sheet1-指标体系'!$J$9,2),Q27),"") -> 32.58 | T27: =IF(ISNUMBER('Sheet4-原始数据'!J12),'Sheet4-原始数据'!J12,"") -> 0.4615 | U27: =IF(ISNUMBER('Sheet4-原始数据'!I12),'Sheet4-原始数据'!I12,"") -> 0.5405 | V27: =IF(AND(ISNUMBER(T27),ISNUMBER(U27)),(U27*'Sheet1-指标体系'!$J$6-T27*'Sheet1-指标体系'!$J$5)/'Sheet1-指标体系'!$J$7,"") -> 0.58329167 | W27: =IF(ISNUMBER(T27),100*T27,"") -> 46.15 | X27: =IF(G27<>"入池","",IF(ISNUMBER(V27),IF(AND(V27>=0,V27<=1),V27*'Sheet1-指标体系'!$J$18,IF(MAX(0,(F27-'Sheet1-指标体系'!$J$15)*'Sheet1-指标体系'!$J$20)<'Sheet1-指标体系'!$J$19,'Sheet1-指标体系'!$J$18,"")),IF(MAX(0,(F27-'Sheet1-指标体系'!$J$15)*'Sheet1-指标体系'!$J$20)<'Sheet1-指标体系'!$J$19,'Sheet1-指标体系'!$J$18,""))) -> 58.329167 | Y27: =IF(ISNUMBER(W27),IF(ISNUMBER(X27),ROUND(W27*'Sheet1-指标体系'!$J$8+X27*'Sheet1-指标体系'!$J$9,2),W27),"") -> 51.02 | Z27: =IF(AND(ISNUMBER(M27),ISNUMBER(AD27)),IF(AD27<>0,ABS(M27/AD27),""),"") -> 0.05029982 | AA27: =IF(ISNUMBER('Sheet4-原始数据'!K12),'Sheet4-原始数据'!K12,"") -> 0.0503 | AB27: =IF(AND(ISNUMBER(Z27),ISNUMBER(AA27)),MAX(Z27,AA27),IF(ISNUMBER(Z27),Z27,IF(ISNUMBER(AA27),AA27,""))) -> 0.0503 | AC27: =IF(BM27=1,IF(SUM($BM$17:$BM$99)<=1,100,ROUND(100*(COUNTIFS($BM$17:$BM$99,1,$AB$17:$AB$99,">"&AB27)+(COUNTIFS($BM$17:$BM$99,1,$AB$17:$AB$99,AB27)-1)/2)/(SUM($BM$17:$BM$99)-1),2)),"") -> 16.22 | AD27: =IF(ISNUMBER('Sheet4-原始数据'!M12),'Sheet4-原始数据'!M12,"") -> 1.7177 | AE27: =IF(AND(ISNUMBER(P27),ISNUMBER(AA27),ISNUMBER(Z27)),IF(AA27>Z27+'Sheet1-指标体系'!$J$11,AA27,""),"") | AF27: =IF(AND(ISNUMBER(P27),ISNUMBER(AE27)),IF(AE27<>0,P27/AE27,""),"") | AG27: =IF(BN27=1,IF(SUM($BN$17:$BN$99)<=1,100,ROUND(100*(COUNTIFS($BN$17:$BN$99,1,$AD$17:$AD$99,"<"&AD27)+(COUNTIFS($BN$17:$BN$99,1,$AD$17:$AD$99,AD27)-1)/2)/(SUM($BN$17:$BN$99)-1),2)),"") -> 12.68 | AH27: =IF(BO27=1,IF(SUM($BO$17:$BO$99)<=1,100,ROUND(100*(COUNTIFS($BO$17:$BO$99,1,$AF$17:$AF$99,"<"&AF27)+(COUNTIFS($BO$17:$BO$99,1,$AF$17:$AF$99,AF27)-1)/2)/(SUM($BO$17:$BO$99)-1),2)),"") | AI27: =IF(ISNUMBER(AG27),IF(ISNUMBER(AH27),ROUND(AG27*'Sheet1-指标体系'!$J$8+AH27*'Sheet1-指标体系'!$J$9,2),AG27),"") -> 12.68 | AJ27: =IF(NOT(ISNUMBER(F27)),"",IF(F27>='Sheet1-指标体系'!$J$16,IF(ISNUMBER(N27),N27,""),IF(ISNUMBER(O27),O27,""))) -> 0.054 | AK27: =IF(AND(G27="入池",ISNUMBER(M27),ISNUMBER(AJ27)),IF(M27>=AJ27,'Sheet1-指标体系'!$J$18,IF(AJ27-M27<'Sheet1-指标体系'!$J$10,'Sheet1-指标体系'!$J$22,'Sheet1-指标体系'!$J$23)),"") -> 100 | AL27: =IF((IF(ISNUMBER(I27),'Sheet1-指标体系'!$G$4,0)+IF(ISNUMBER(K27),'Sheet1-指标体系'!$G$5,0)+IF(ISNUMBER(L27),'Sheet1-指标体系'!$G$6,0))>0,ROUND((IF(ISNUMBER(I27),I27*'Sheet1-指标体系'!$G$4,0)+IF(ISNUMBER(K27),K27*'Sheet1-指标体系'!$G$5,0)+IF(ISNUMBER(L27),L27*'Sheet1-指标体系'!$G$6,0))/(IF(ISNUMBER(I27),'Sheet1-指标体系'!$G$4,0)+IF(ISNUMBER(K27),'Sheet1-指标体系'!$G$5,0)+IF(ISNUMBER(L27),'Sheet1-指标体系'!$G$6,0)),2),"") -> 88 | AM27: =IF(SUM(CD27:CG27)>0,ROUND(SUM(BS27:BV27)/SUM(CD27:CG27),2),"") -> 38.11 | AN27: =IF(SUM(CH27:CH27)>0,ROUND(SUM(BW27:BW27)/SUM(CH27:CH27),2),"") -> 16.22 | AO27: =IF(SUM(CI27:CJ27)>0,ROUND(SUM(BX27:BY27)/SUM(CI27:CJ27),2),"") -> 12.68 | AP27: =IF(SUM(CK27:CK27)>0,ROUND(SUM(BZ27:BZ27)/SUM(CK27:CK27),2),"") -> 100 | AQ27: =SUM(CA27:CK27) -> 0.88 | AR27: =IF(SUM(CA27:CK27)>0,SUM(BP27:BZ27),"") -> 37.15934 | AS27: =IF(SUM(CA27:CK27)>0,ROUND(SUM(BP27:BZ27)/SUM(CA27:CK27),2),"") -> 42.23 | AT27: =IF(OR(G27<>"入池",NOT(ISNUMBER(AS27))),"",COUNTIFS($G$17:$G$99,"入池",$AS$17:$AS$99,">"&AS27)+COUNTIFS($G$17:$G$99,"入池",$AS$17:$AS$99,AS27,$AQ$17:$AQ$99,">"&AQ27)+COUNTIFS($G$17:G27,"入池",$AS$17:AS27,AS27,$AQ$17:AQ27,AQ27)) -> 66 | AU27: =IF(NOT(ISNUMBER(I27)),"管理人规模；","")&IF(NOT(ISNUMBER(K27)),"产品规模标识；","")&IF(NOT(ISNUMBER(M27)),"近一年收益；","")&IF(NOT(ISNUMBER(T27)),"近一年胜率；","")&IF(NOT(ISNUMBER(N27)),"近三年收益；","")&IF(NOT(ISNUMBER(U27)),"近三年胜率；","")&IF(NOT(ISNUMBER(AA27)),"近三年回撤；","")&IF(NOT(ISNUMBER(AD27)),"近一年卡玛；","")&IF(ISNUMBER(F27),IF(AND(F27<'Sheet1-指标体系'!$J$16,NOT(ISNUMBER(O27))),"成立以来年化；",""),"成立日期；")&IF(ISNUMBER(V27),IF(OR(V27<0,V27>1),"胜率窗口口径不一致；",""),"")&IF(ISNUMBER(P27),IF(NOT(ISNUMBER(AE27)),"DD_long不可识别；",""),"") -> DD_long不可识别； | AV27: =IF(ABS(SUM(CA27:CK27)-'Sheet1-指标体系'!$J$25)<0.0000000001,SUM(BP27:BZ27),"") | AW27: =IF(G27<>"入池",G27,IF(AQ27=0,"无有效评分数据",IF(ROUND(AQ27,10)=ROUND('Sheet1-指标体系'!$J$25,10),"完整赋分","暂定分／数据不完整"))) -> 暂定分／数据不完整 | AX27: =IF('Sheet4-原始数据'!C12="","",'Sheet4-原始数据'!C12) -> 套利策略 | AY27: =IF('Sheet4-原始数据'!D12="","",'Sheet4-原始数据'!D12) -> 期货套利 | AZ27: =IF('Sheet5-查询核对'!S12="","",'Sheet5-查询核对'!S12) -> 套利策略—期货套利 | BA27: =IF('Sheet5-查询核对'!A12="","",'Sheet5-查询核对'!A12) -> 12 | BB27: =IF('Sheet5-查询核对'!F12="","",'Sheet5-查询核对'!F12) -> 备案号匹配 | BC27: =IF('Sheet5-查询核对'!I12="","",'Sheet5-查询核对'!I12) -> https://mp.fof99.com/fund/view/99bf55b582e27685 | BD27: =IF('Sheet5-查询核对'!H12="","",'Sheet5-查询核对'!H12) -> 46269 | BE27: =IF('Sheet5-查询核对'!L12="","",'Sheet5-查询核对'!L12) -> https://gs.amac.org.cn/amac-infodisc/res/pof/manager/2002211754119480.html | BF27: =IF('Sheet5-查询核对'!M12="","",'Sheet5-查询核对'!M12) -> 46276 | BG27: =IF('Sheet5-查询核对'!O12="","",'Sheet5-查询核对'!O12) -> https://gs.amac.org.cn/amac-infodisc/res/pof/fund/2201191737119713.html | BH27: =IF('Sheet5-查询核对'!P12="","",'Sheet5-查询核对'!P12) -> 46276 | BI27: =IF('Sheet5-查询核对'!D12="","",'Sheet5-查询核对'!D12) -> STS460 | BJ27: =IF(ISNUMBER(AT27),AT27,COUNT($AT$17:$AT$99)+ROWS($AT$17:AT27)-COUNT($AT$17:AT27)) -> 66 | BK27: =IF(G27="入池",IF(ISNUMBER(M27),1,0),0) -> 1 | BL27: =IF(G27="入池",IF(ISNUMBER(P27),1,0),0) -> 1 | BM27: =IF(G27="入池",IF(ISNUMBER(AB27),1,0),0) -> 1 | BN27: =IF(G27="入池",IF(ISNUMBER(AD27),1,0),0) -> 1 | BO27: =IF(G27="入池",IF(ISNUMBER(AF27),1,0),0) -> 0 | BP27: =IF(G27="入池",IF(ISNUMBER(I27),I27*('Sheet1-指标体系'!$G$4),0),0) -> 4.2 | BQ27: =IF(G27="入池",IF(ISNUMBER(K27),K27*('Sheet1-指标体系'!$G$5),0),0) -> 4.5 | BR27: =IF(G27="入池",IF(ISNUMBER(L27),L27*('Sheet1-指标体系'!$G$6),0),0) -> 4.5 | BS27: =IF(G27="入池",IF(ISNUMBER(Q27),Q27*('Sheet1-指标体系'!$G$7*'Sheet1-指标体系'!$J$8),0),0) -> 3.96648 | BT27: =IF(G27="入池",IF(ISNUMBER(R27),R27*('Sheet1-指标体系'!$G$7*'Sheet1-指标体系'!$J$9),0),0) -> 0.59416 | BU27: =IF(G27="入池",IF(ISNUMBER(W27),W27*('Sheet1-指标体系'!$G$8*'Sheet1-指标体系'!$J$8),0),0) -> 1.6614 | BV27: =IF(G27="入池",IF(ISNUMBER(X27),X27*('Sheet1-指标体系'!$G$8*'Sheet1-指标体系'!$J$9),0),0) -> 1.3999 | BW27: =IF(G27="入池",IF(ISNUMBER(AC27),AC27*('Sheet1-指标体系'!$G$9),0),0) -> 4.055 | BX27: =IF(G27="入池",IF(ISNUMBER(AG27),AG27*('Sheet1-指标体系'!$G$10*'Sheet1-指标体系'!$J$8),0),0) -> 2.2824 | BY27: =IF(G27="入池",IF(ISNUMBER(AH27),AH27*('Sheet1-指标体系'!$G$10*'Sheet1-指标体系'!$J$9),0),0) -> 0 | BZ27: =IF(G27="入池",IF(ISNUMBER(AK27),AK27*('Sheet1-指标体系'!$G$11),0),0) -> 10 | CA27: =IF(G27="入池",IF(ISNUMBER(I27),'Sheet1-指标体系'!$G$4,0),0) -> 0.06 | CB27: =IF(G27="入池",IF(ISNUMBER(K27),'Sheet1-指标体系'!$G$5,0),0) -> 0.045 | CC27: =IF(G27="入池",IF(ISNUMBER(L27),'Sheet1-指标体系'!$G$6,0),0) -> 0.045 | CD27: =IF(G27="入池",IF(ISNUMBER(Q27),'Sheet1-指标体系'!$G$7*'Sheet1-指标体系'!$J$8,0),0) -> 0.084 | CE27: =IF(G27="入池",IF(ISNUMBER(R27),'Sheet1-指标体系'!$G$7*'Sheet1-指标体系'!$J$9,0),0) -> 0.056 | CF27: =IF(G27="入池",IF(ISNUMBER(W27),'Sheet1-指标体系'!$G$8*'Sheet1-指标体系'!$J$8,0),0) -> 0.036 | CG27: =IF(G27="入池",IF(ISNUMBER(X27),'Sheet1-指标体系'!$G$8*'Sheet1-指标体系'!$J$9,0),0) -> 0.024 | CH27: =IF(G27="入池",IF(ISNUMBER(AC27),'Sheet1-指标体系'!$G$9,0),0) -> 0.25 | CI27: =IF(G27="入池",IF(ISNUMBER(AG27),'Sheet1-指标体系'!$G$10*'Sheet1-指标体系'!$J$8,0),0) -> 0.18 | CJ27: =IF(G27="入池",IF(ISNUMBER(AH27),'Sheet1-指标体系'!$G$10*'Sheet1-指标体系'!$J$9,0),0) -> 0 | CK27: =IF(G27="入池",IF(ISNUMBER(AK27),'Sheet1-指标体系'!$G$11,0),0) -> 0.1
A28: ='Sheet5-查询核对'!A13-1 -> 12 | B28: =IF('Sheet4-原始数据'!A13="",'Sheet5-查询核对'!B13,'Sheet4-原始数据'!A13) -> 刀锋期权套利 | C28: =IF('Sheet4-原始数据'!B13="","",'Sheet4-原始数据'!B13) -> SGR366 | D28: =IF('Sheet4-原始数据'!E13="","",'Sheet4-原始数据'!E13) -> 深圳刀锋 | E28: =IF('Sheet4-原始数据'!F13="","",'Sheet4-原始数据'!F13) -> 43627 | F28: =IF(ISNUMBER(E28),ROUND(('Sheet1-指标体系'!$J$12-E28)/'Sheet1-指标体系'!$J$14,4),"") -> 7.2498 | G28: =IF(C28="","未匹配",IF(NOT(ISNUMBER(F28)),"缺成立日期",IF(F28<'Sheet1-指标体系'!$J$15,"不入池","入池"))) -> 入池 | H28: =IF('Sheet5-查询核对'!K13="","",'Sheet5-查询核对'!K13) -> 0-5亿元 | I28: =IF(H28="","",IF(COUNTIF('Sheet1-指标体系'!$P$4:$P$10,H28)=0,"",INDEX('Sheet1-指标体系'!$Q$4:$Q$10,MATCH(H28,'Sheet1-指标体系'!$P$4:$P$10,0)))) -> 60 | J28: =IF(NOT(ISNUMBER('Sheet5-查询核对'!N13)),"",IF('Sheet5-查询核对'!N13=1,"低于"&'Sheet1-指标体系'!$J$4&"万元",IF('Sheet5-查询核对'!N13=0,"无低于"&'Sheet1-指标体系'!$J$4&"万元标识",""))) -> 无低于1000万元标识 | K28: =IF(NOT(ISNUMBER('Sheet5-查询核对'!N13)),"",IF('Sheet5-查询核对'!N13=1,'Sheet1-指标体系'!$J$21,IF('Sheet5-查询核对'!N13=0,'Sheet1-指标体系'!$J$18,""))) -> 100 | L28: =IF(NOT(ISNUMBER(F28)),"",IF(F28<'Sheet1-指标体系'!$J$15,"",IF(F28<'Sheet1-指标体系'!$J$16,'Sheet1-指标体系'!$J$17,'Sheet1-指标体系'!$J$18))) -> 100 | M28: =IF(ISNUMBER('Sheet4-原始数据'!G13),'Sheet4-原始数据'!G13,"") -> 0.0856 | N28: =IF(ISNUMBER('Sheet4-原始数据'!H13),'Sheet4-原始数据'!H13,"") -> 0.0936 | O28: =IF(ISNUMBER('Sheet5-查询核对'!Q13),'Sheet5-查询核对'!Q13,"") -> 0.0252 | P28: =IF(G28<>"入池","",IF(F28>='Sheet1-指标体系'!$J$16,IF(AND(ISNUMBER(M28),ISNUMBER(N28)),IF(AND(1+M28>0,1+N28>=0),((1+N28)^'Sheet1-指标体系'!$J$16/(1+M28))^(1/('Sheet1-指标体系'!$J$16-1))-1,""),""),IF(AND(ISNUMBER(M28),ISNUMBER(O28)),IF(AND(F28>1,1+M28>0,1+O28>=0),((1+O28)^F28/(1+M28))^(1/(F28-1))-1,""),""))) -> 0.097622081 | Q28: =IF(BK28=1,IF(SUM($BK$17:$BK$99)<=1,100,ROUND(100*(COUNTIFS($BK$17:$BK$99,1,$M$17:$M$99,"<"&M28)+(COUNTIFS($BK$17:$BK$99,1,$M$17:$M$99,M28)-1)/2)/(SUM($BK$17:$BK$99)-1),2)),"") -> 44.44 | R28: =IF(BL28=1,IF(SUM($BL$17:$BL$99)<=1,100,ROUND(100*(COUNTIFS($BL$17:$BL$99,1,$P$17:$P$99,"<"&P28)+(COUNTIFS($BL$17:$BL$99,1,$P$17:$P$99,P28)-1)/2)/(SUM($BL$17:$BL$99)-1),2)),"") -> 69.7 | S28: =IF(ISNUMBER(Q28),IF(ISNUMBER(R28),ROUND(Q28*'Sheet1-指标体系'!$J$8+R28*'Sheet1-指标体系'!$J$9,2),Q28),"") -> 54.54 | T28: =IF(ISNUMBER('Sheet4-原始数据'!J13),'Sheet4-原始数据'!J13,"") -> 0.8462 | U28: =IF(ISNUMBER('Sheet4-原始数据'!I13),'Sheet4-原始数据'!I13,"") -> 0.8108 | V28: =IF(AND(ISNUMBER(T28),ISNUMBER(U28)),(U28*'Sheet1-指标体系'!$J$6-T28*'Sheet1-指标体系'!$J$5)/'Sheet1-指标体系'!$J$7,"") -> 0.791625 | W28: =IF(ISNUMBER(T28),100*T28,"") -> 84.62 | X28: =IF(G28<>"入池","",IF(ISNUMBER(V28),IF(AND(V28>=0,V28<=1),V28*'Sheet1-指标体系'!$J$18,IF(MAX(0,(F28-'Sheet1-指标体系'!$J$15)*'Sheet1-指标体系'!$J$20)<'Sheet1-指标体系'!$J$19,'Sheet1-指标体系'!$J$18,"")),IF(MAX(0,(F28-'Sheet1-指标体系'!$J$15)*'Sheet1-指标体系'!$J$20)<'Sheet1-指标体系'!$J$19,'Sheet1-指标体系'!$J$18,""))) -> 79.1625 | Y28: =IF(ISNUMBER(W28),IF(ISNUMBER(X28),ROUND(W28*'Sheet1-指标体系'!$J$8+X28*'Sheet1-指标体系'!$J$9,2),W28),"") -> 82.44 | Z28: =IF(AND(ISNUMBER(M28),ISNUMBER(AD28)),IF(AD28<>0,ABS(M28/AD28),""),"") -> 0.03601178 | AA28: =IF(ISNUMBER('Sheet4-原始数据'!K13),'Sheet4-原始数据'!K13,"") -> 0.1121 | AB28: =IF(AND(ISNUMBER(Z28),ISNUMBER(AA28)),MAX(Z28,AA28),IF(ISNUMBER(Z28),Z28,IF(ISNUMBER(AA28),AA28,""))) -> 0.1121 | AC28: =IF(BM28=1,IF(SUM($BM$17:$BM$99)<=1,100,ROUND(100*(COUNTIFS($BM$17:$BM$99,1,$AB$17:$AB$99,">"&AB28)+(COUNTIFS($BM$17:$BM$99,1,$AB$17:$AB$99,AB28)-1)/2)/(SUM($BM$17:$BM$99)-1),2)),"") -> 6.76 | AD28: =IF(ISNUMBER('Sheet4-原始数据'!M13),'Sheet4-原始数据'!M13,"") -> 2.377 | AE28: =IF(AND(ISNUMBER(P28),ISNUMBER(AA28),ISNUMBER(Z28)),IF(AA28>Z28+'Sheet1-指标体系'!$J$11,AA28,""),"") -> 0.1121 | AF28: =IF(AND(ISNUMBER(P28),ISNUMBER(AE28)),IF(AE28<>0,P28/AE28,""),"") -> 0.87084818 | AG28: =IF(BN28=1,IF(SUM($BN$17:$BN$99)<=1,100,ROUND(100*(COUNTIFS($BN$17:$BN$99,1,$AD$17:$AD$99,"<"&AD28)+(COUNTIFS($BN$17:$BN$99,1,$AD$17:$AD$99,AD28)-1)/2)/(SUM($BN$17:$BN$99)-1),2)),"") -> 18.31 | AH28: =IF(BO28=1,IF(SUM($BO$17:$BO$99)<=1,100,ROUND(100*(COUNTIFS($BO$17:$BO$99,1,$AF$17:$AF$99,"<"&AF28)+(COUNTIFS($BO$17:$BO$99,1,$AF$17:$AF$99,AF28)-1)/2)/(SUM($BO$17:$BO$99)-1),2)),"") -> 6.25 | AI28: =IF(ISNUMBER(AG28),IF(ISNUMBER(AH28),ROUND(AG28*'Sheet1-指标体系'!$J$8+AH28*'Sheet1-指标体系'!$J$9,2),AG28),"") -> 13.49 | AJ28: =IF(NOT(ISNUMBER(F28)),"",IF(F28>='Sheet1-指标体系'!$J$16,IF(ISNUMBER(N28),N28,""),IF(ISNUMBER(O28),O28,""))) -> 0.0936 | AK28: =IF(AND(G28="入池",ISNUMBER(M28),ISNUMBER(AJ28)),IF(M28>=AJ28,'Sheet1-指标体系'!$J$18,IF(AJ28-M28<'Sheet1-指标体系'!$J$10,'Sheet1-指标体系'!$J$22,'Sheet1-指标体系'!$J$23)),"") -> 80 | AL28: =IF((IF(ISNUMBER(I28),'Sheet1-指标体系'!$G$4,0)+IF(ISNUMBER(K28),'Sheet1-指标体系'!$G$5,0)+IF(ISNUMBER(L28),'Sheet1-指标体系'!$G$6,0))>0,ROUND((IF(ISNUMBER(I28),I28*'Sheet1-指标体系'!$G$4,0)+IF(ISNUMBER(K28),K28*'Sheet1-指标体系'!$G$5,0)+IF(ISNUMBER(L28),L28*'Sheet1-指标体系'!$G$6,0))/(IF(ISNUMBER(I28),'Sheet1-指标体系'!$G$4,0)+IF(ISNUMBER(K28),'Sheet1-指标体系'!$G$5,0)+IF(ISNUMBER(L28),'Sheet1-指标体系'!$G$6,0)),2),"") -> 84 | AM28: =IF(SUM(CD28:CG28)>0,ROUND(SUM(BS28:BV28)/SUM(CD28:CG28),2),"") -> 62.91 | AN28: =IF(SUM(CH28:CH28)>0,ROUND(SUM(BW28:BW28)/SUM(CH28:CH28),2),"") -> 6.76 | AO28: =IF(SUM(CI28:CJ28)>0,ROUND(SUM(BX28:BY28)/SUM(CI28:CJ28),2),"") -> 13.49 | AP28: =IF(SUM(CK28:CK28)>0,ROUND(SUM(BZ28:BZ28)/SUM(CK28:CK28),2),"") -> 80 | AQ28: =SUM(CA28:CK28) -> 1 | AR28: =IF(SUM(CA28:CK28)>0,SUM(BP28:BZ28),"") -> 38.91818 | AS28: =IF(SUM(CA28:CK28)>0,ROUND(SUM(BP28:BZ28)/SUM(CA28:CK28),2),"") -> 38.92 | AT28: =IF(OR(G28<>"入池",NOT(ISNUMBER(AS28))),"",COUNTIFS($G$17:$G$99,"入池",$AS$17:$AS$99,">"&AS28)+COUNTIFS($G$17:$G$99,"入池",$AS$17:$AS$99,AS28,$AQ$17:$AQ$99,">"&AQ28)+COUNTIFS($G$17:G28,"入池",$AS$17:AS28,AS28,$AQ$17:AQ28,AQ28)) -> 71 | AU28: =IF(NOT(ISNUMBER(I28)),"管理人规模；","")&IF(NOT(ISNUMBER(K28)),"产品规模标识；","")&IF(NOT(ISNUMBER(M28)),"近一年收益；","")&IF(NOT(ISNUMBER(T28)),"近一年胜率；","")&IF(NOT(ISNUMBER(N28)),"近三年收益；","")&IF(NOT(ISNUMBER(U28)),"近三年胜率；","")&IF(NOT(ISNUMBER(AA28)),"近三年回撤；","")&IF(NOT(ISNUMBER(AD28)),"近一年卡玛；","")&IF(ISNUMBER(F28),IF(AND(F28<'Sheet1-指标体系'!$J$16,NOT(ISNUMBER(O28))),"成立以来年化；",""),"成立日期；")&IF(ISNUMBER(V28),IF(OR(V28<0,V28>1),"胜率窗口口径不一致；",""),"")&IF(ISNUMBER(P28),IF(NOT(ISNUMBER(AE28)),"DD_long不可识别；",""),"") | AV28: =IF(ABS(SUM(CA28:CK28)-'Sheet1-指标体系'!$J$25)<0.0000000001,SUM(BP28:BZ28),"") -> 38.91818 | AW28: =IF(G28<>"入池",G28,IF(AQ28=0,"无有效评分数据",IF(ROUND(AQ28,10)=ROUND('Sheet1-指标体系'!$J$25,10),"完整赋分","暂定分／数据不完整"))) -> 完整赋分 | AX28: =IF('Sheet4-原始数据'!C13="","",'Sheet4-原始数据'!C13) -> 期权策略 | AY28: =IF('Sheet4-原始数据'!D13="","",'Sheet4-原始数据'!D13) -> 场内期权 | AZ28: =IF('Sheet5-查询核对'!S13="","",'Sheet5-查询核对'!S13) -> 期权策略 | BA28: =IF('Sheet5-查询核对'!A13="","",'Sheet5-查询核对'!A13) -> 13 | BB28: =IF('Sheet5-查询核对'!F13="","",'Sheet5-查询核对'!F13) -> 备案号匹配 | BC28: =IF('Sheet5-查询核对'!I13="","",'Sheet5-查询核对'!I13) -> https://mp.fof99.com/fund/view/fbf1de225e3e65af | BD28: =IF('Sheet5-查询核对'!H13="","",'Sheet5-查询核对'!H13) -> 46269 | BE28: =IF('Sheet5-查询核对'!L13="","",'Sheet5-查询核对'!L13) -> https://gs.amac.org.cn/amac-infodisc/res/pof/manager/101000037574.html | BF28: =IF('Sheet5-查询核对'!M13="","",'Sheet5-查询核对'!M13) -> 46276 | BG28: =IF('Sheet5-查询核对'!O13="","",'Sheet5-查询核对'!O13) -> https://gs.amac.org.cn/amac-infodisc/res/pof/fund/1906251702101405.html | BH28: =IF('Sheet5-查询核对'!P13="","",'Sheet5-查询核对'!P13) -> 46276 | BI28: =IF('Sheet5-查询核对'!D13="","",'Sheet5-查询核对'!D13) -> SGR366 | BJ28: =IF(ISNUMBER(AT28),AT28,COUNT($AT$17:$AT$99)+ROWS($AT$17:AT28)-COUNT($AT$17:AT28)) -> 71 | BK28: =IF(G28="入池",IF(ISNUMBER(M28),1,0),0) -> 1 | BL28: =IF(G28="入池",IF(ISNUMBER(P28),1,0),0) -> 1 | BM28: =IF(G28="入池",IF(ISNUMBER(AB28),1,0),0) -> 1 | BN28: =IF(G28="入池",IF(ISNUMBER(AD28),1,0),0) -> 1 | BO28: =IF(G28="入池",IF(ISNUMBER(AF28),1,0),0) -> 1 | BP28: =IF(G28="入池",IF(ISNUMBER(I28),I28*('Sheet1-指标体系'!$G$4),0),0) -> 3.6 | BQ28: =IF(G28="入池",IF(ISNUMBER(K28),K28*('Sheet1-指标体系'!$G$5),0),0) -> 4.5 | BR28: =IF(G28="入池",IF(ISNUMBER(L28),L28*('Sheet1-指标体系'!$G$6),0),0) -> 4.5 | BS28: =IF(G28="入池",IF(ISNUMBER(Q28),Q28*('Sheet1-指标体系'!$G$7*'Sheet1-指标体系'!$J$8),0),0) -> 3.73296 | BT28: =IF(G28="入池",IF(ISNUMBER(R28),R28*('Sheet1-指标体系'!$G$7*'Sheet1-指标体系'!$J$9),0),0) -> 3.9032 | BU28: =IF(G28="入池",IF(ISNUMBER(W28),W28*('Sheet1-指标体系'!$G$8*'Sheet1-指标体系'!$J$8),0),0) -> 3.04632 | BV28: =IF(G28="入池",IF(ISNUMBER(X28),X28*('Sheet1-指标体系'!$G$8*'Sheet1-指标体系'!$J$9),0),0) -> 1.8999 | BW28: =IF(G28="入池",IF(ISNUMBER(AC28),AC28*('Sheet1-指标体系'!$G$9),0),0) -> 1.69 | BX28: =IF(G28="入池",IF(ISNUMBER(AG28),AG28*('Sheet1-指标体系'!$G$10*'Sheet1-指标体系'!$J$8),0),0) -> 3.2958 | BY28: =IF(G28="入池",IF(ISNUMBER(AH28),AH28*('Sheet1-指标体系'!$G$10*'Sheet1-指标体系'!$J$9),0),0) -> 0.75 | BZ28: =IF(G28="入池",IF(ISNUMBER(AK28),AK28*('Sheet1-指标体系'!$G$11),0),0) -> 8 | CA28: =IF(G28="入池",IF(ISNUMBER(I28),'Sheet1-指标体系'!$G$4,0),0) -> 0.06 | CB28: =IF(G28="入池",IF(ISNUMBER(K28),'Sheet1-指标体系'!$G$5,0),0) -> 0.045 | CC28: =IF(G28="入池",IF(ISNUMBER(L28),'Sheet1-指标体系'!$G$6,0),0) -> 0.045 | CD28: =IF(G28="入池",IF(ISNUMBER(Q28),'Sheet1-指标体系'!$G$7*'Sheet1-指标体系'!$J$8,0),0) -> 0.084 | CE28: =IF(G28="入池",IF(ISNUMBER(R28),'Sheet1-指标体系'!$G$7*'Sheet1-指标体系'!$J$9,0),0) -> 0.056 | CF28: =IF(G28="入池",IF(ISNUMBER(W28),'Sheet1-指标体系'!$G$8*'Sheet1-指标体系'!$J$8,0),0) -> 0.036 | CG28: =IF(G28="入池",IF(ISNUMBER(X28),'Sheet1-指标体系'!$G$8*'Sheet1-指标体系'!$J$9,0),0) -> 0.024 | CH28: =IF(G28="入池",IF(ISNUMBER(AC28),'Sheet1-指标体系'!$G$9,0),0) -> 0.25 | CI28: =IF(G28="入池",IF(ISNUMBER(AG28),'Sheet1-指标体系'!$G$10*'Sheet1-指标体系'!$J$8,0),0) -> 0.18 | CJ28: =IF(G28="入池",IF(ISNUMBER(AH28),'Sheet1-指标体系'!$G$10*'Sheet1-指标体系'!$J$9,0),0) -> 0.12 | CK28: =IF(G28="入池",IF(ISNUMBER(AK28),'Sheet1-指标体系'!$G$11,0),0) -> 0.1
... A99: ='Sheet5-查询核对'!A84-1 -> 83 | B99: =IF('Sheet4-原始数据'!A84="",'Sheet5-查询核对'!B84,'Sheet4-原始数据'!A84) -> 合绎塑造者10号 | C99: =IF('Sheet4-原始数据'!B84="","",'Sheet4-原始数据'!B84) -> SAHP82 | D99: =IF('Sheet4-原始数据'!E84="","",'Sheet4-原始数据'!E84) -> 上海合绎投资 | E99: =IF('Sheet4-原始数据'!F84="","",'Sheet4-原始数据'!F84) -> 45363 | F99: =IF(ISNUMBER(E99),ROUND(('Sheet1-指标体系'!$J$12-E99)/'Sheet1-指标体系'!$J$14,4),"") -> 2.4969 | G99: =IF(C99="","未匹配",IF(NOT(ISNUMBER(F99)),"缺成立日期",IF(F99<'Sheet1-指标体系'!$J$15,"不入池","入池"))) -> 入池 | H99: =IF('Sheet5-查询核对'!K84="","",'Sheet5-查询核对'!K84) -> 50-100亿元 | I99: =IF(H99="","",IF(COUNTIF('Sheet1-指标体系'!$P$4:$P$10,H99)=0,"",INDEX('Sheet1-指标体系'!$Q$4:$Q$10,MATCH(H99,'Sheet1-指标体系'!$P$4:$P$10,0)))) -> 90 | J99: =IF(NOT(ISNUMBER('Sheet5-查询核对'!N84)),"",IF('Sheet5-查询核对'!N84=1,"低于"&'Sheet1-指标体系'!$J$4&"万元",IF('Sheet5-查询核对'!N84=0,"无低于"&'Sheet1-指标体系'!$J$4&"万元标识",""))) -> 无低于1000万元标识 | K99: =IF(NOT(ISNUMBER('Sheet5-查询核对'!N84)),"",IF('Sheet5-查询核对'!N84=1,'Sheet1-指标体系'!$J$21,IF('Sheet5-查询核对'!N84=0,'Sheet1-指标体系'!$J$18,""))) -> 100 | L99: =IF(NOT(ISNUMBER(F99)),"",IF(F99<'Sheet1-指标体系'!$J$15,"",IF(F99<'Sheet1-指标体系'!$J$16,'Sheet1-指标体系'!$J$17,'Sheet1-指标体系'!$J$18))) -> 70 | M99: =IF(ISNUMBER('Sheet4-原始数据'!G84),'Sheet4-原始数据'!G84,"") -> 0.25421371 | N99: =IF(ISNUMBER('Sheet4-原始数据'!H84),'Sheet4-原始数据'!H84,"") | O99: =IF(ISNUMBER('Sheet5-查询核对'!Q84),'Sheet5-查询核对'!Q84,"") | P99: =IF(G99<>"入池","",IF(F99>='Sheet1-指标体系'!$J$16,IF(AND(ISNUMBER(M99),ISNUMBER(N99)),IF(AND(1+M99>0,1+N99>=0),((1+N99)^'Sheet1-指标体系'!$J$16/(1+M99))^(1/('Sheet1-指标体系'!$J$16-1))-1,""),""),IF(AND(ISNUMBER(M99),ISNUMBER(O99)),IF(AND(F99>1,1+M99>0,1+O99>=0),((1+O99)^F99/(1+M99))^(1/(F99-1))-1,""),""))) | Q99: =IF(BK99=1,IF(SUM($BK$17:$BK$99)<=1,100,ROUND(100*(COUNTIFS($BK$17:$BK$99,1,$M$17:$M$99,"<"&M99)+(COUNTIFS($BK$17:$BK$99,1,$M$17:$M$99,M99)-1)/2)/(SUM($BK$17:$BK$99)-1),2)),"") -> 93.06 | R99: =IF(BL99=1,IF(SUM($BL$17:$BL$99)<=1,100,ROUND(100*(COUNTIFS($BL$17:$BL$99,1,$P$17:$P$99,"<"&P99)+(COUNTIFS($BL$17:$BL$99,1,$P$17:$P$99,P99)-1)/2)/(SUM($BL$17:$BL$99)-1),2)),"") | S99: =IF(ISNUMBER(Q99),IF(ISNUMBER(R99),ROUND(Q99*'Sheet1-指标体系'!$J$8+R99*'Sheet1-指标体系'!$J$9,2),Q99),"") -> 93.06 | T99: =IF(ISNUMBER('Sheet4-原始数据'!J84),'Sheet4-原始数据'!J84,"") -> 1 | U99: =IF(ISNUMBER('Sheet4-原始数据'!I84),'Sheet4-原始数据'!I84,"") | V99: =IF(AND(ISNUMBER(T99),ISNUMBER(U99)),(U99*'Sheet1-指标体系'!$J$6-T99*'Sheet1-指标体系'!$J$5)/'Sheet1-指标体系'!$J$7,"") | W99: =IF(ISNUMBER(T99),100*T99,"") -> 100 | X99: =IF(G99<>"入池","",IF(ISNUMBER(V99),IF(AND(V99>=0,V99<=1),V99*'Sheet1-指标体系'!$J$18,IF(MAX(0,(F99-'Sheet1-指标体系'!$J$15)*'Sheet1-指标体系'!$J$20)<'Sheet1-指标体系'!$J$19,'Sheet1-指标体系'!$J$18,"")),IF(MAX(0,(F99-'Sheet1-指标体系'!$J$15)*'Sheet1-指标体系'!$J$20)<'Sheet1-指标体系'!$J$19,'Sheet1-指标体系'!$J$18,""))) | Y99: =IF(ISNUMBER(W99),IF(ISNUMBER(X99),ROUND(W99*'Sheet1-指标体系'!$J$8+X99*'Sheet1-指标体系'!$J$9,2),W99),"") -> 100 | Z99: =IF(AND(ISNUMBER(M99),ISNUMBER(AD99)),IF(AD99<>0,ABS(M99/AD99),""),"") -> 0.011137198 | AA99: =IF(ISNUMBER('Sheet4-原始数据'!K84),'Sheet4-原始数据'!K84,"") | AB99: =IF(AND(ISNUMBER(Z99),ISNUMBER(AA99)),MAX(Z99,AA99),IF(ISNUMBER(Z99),Z99,IF(ISNUMBER(AA99),AA99,""))) -> 0.011137198 | AC99: =IF(BM99=1,IF(SUM($BM$17:$BM$99)<=1,100,ROUND(100*(COUNTIFS($BM$17:$BM$99,1,$AB$17:$AB$99,">"&AB99)+(COUNTIFS($BM$17:$BM$99,1,$AB$17:$AB$99,AB99)-1)/2)/(SUM($BM$17:$BM$99)-1),2)),"") -> 66.22 | AD99: =IF(ISNUMBER('Sheet4-原始数据'!M84),'Sheet4-原始数据'!M84,"") -> 22.825642 | AE99: =IF(AND(ISNUMBER(P99),ISNUMBER(AA99),ISNUMBER(Z99)),IF(AA99>Z99+'Sheet1-指标体系'!$J$11,AA99,""),"") | AF99: =IF(AND(ISNUMBER(P99),ISNUMBER(AE99)),IF(AE99<>0,P99/AE99,""),"") | AG99: =IF(BN99=1,IF(SUM($BN$17:$BN$99)<=1,100,ROUND(100*(COUNTIFS($BN$17:$BN$99,1,$AD$17:$AD$99,"<"&AD99)+(COUNTIFS($BN$17:$BN$99,1,$AD$17:$AD$99,AD99)-1)/2)/(SUM($BN$17:$BN$99)-1),2)),"") -> 78.87 | AH99: =IF(BO99=1,IF(SUM($BO$17:$BO$99)<=1,100,ROUND(100*(COUNTIFS($BO$17:$BO$99,1,$AF$17:$AF$99,"<"&AF99)+(COUNTIFS($BO$17:$BO$99,1,$AF$17:$AF$99,AF99)-1)/2)/(SUM($BO$17:$BO$99)-1),2)),"") | AI99: =IF(ISNUMBER(AG99),IF(ISNUMBER(AH99),ROUND(AG99*'Sheet1-指标体系'!$J$8+AH99*'Sheet1-指标体系'!$J$9,2),AG99),"") -> 78.87 | AJ99: =IF(NOT(ISNUMBER(F99)),"",IF(F99>='Sheet1-指标体系'!$J$16,IF(ISNUMBER(N99),N99,""),IF(ISNUMBER(O99),O99,""))) | AK99: =IF(AND(G99="入池",ISNUMBER(M99),ISNUMBER(AJ99)),IF(M99>=AJ99,'Sheet1-指标体系'!$J$18,IF(AJ99-M99<'Sheet1-指标体系'!$J$10,'Sheet1-指标体系'!$J$22,'Sheet1-指标体系'!$J$23)),"") | AL99: =IF((IF(ISNUMBER(I99),'Sheet1-指标体系'!$G$4,0)+IF(ISNUMBER(K99),'Sheet1-指标体系'!$G$5,0)+IF(ISNUMBER(L99),'Sheet1-指标体系'!$G$6,0))>0,ROUND((IF(ISNUMBER(I99),I99*'Sheet1-指标体系'!$G$4,0)+IF(ISNUMBER(K99),K99*'Sheet1-指标体系'!$G$5,0)+IF(ISNUMBER(L99),L99*'Sheet1-指标体系'!$G$6,0))/(IF(ISNUMBER(I99),'Sheet1-指标体系'!$G$4,0)+IF(ISNUMBER(K99),'Sheet1-指标体系'!$G$5,0)+IF(ISNUMBER(L99),'Sheet1-指标体系'!$G$6,0)),2),"") -> 87 | AM99: =IF(SUM(CD99:CG99)>0,ROUND(SUM(BS99:BV99)/SUM(CD99:CG99),2),"") -> 95.14 | AN99: =IF(SUM(CH99:CH99)>0,ROUND(SUM(BW99:BW99)/SUM(CH99:CH99),2),"") -> 66.22 | AO99: =IF(SUM(CI99:CJ99)>0,ROUND(SUM(BX99:BY99)/SUM(CI99:CJ99),2),"") -> 78.87 | AP99: =IF(SUM(CK99:CK99)>0,ROUND(SUM(BZ99:BZ99)/SUM(CK99:CK99),2),"") | AQ99: =SUM(CA99:CK99) -> 0.7 | AR99: =IF(SUM(CA99:CK99)>0,SUM(BP99:BZ99),"") -> 55.21864 | AS99: =IF(SUM(CA99:CK99)>0,ROUND(SUM(BP99:BZ99)/SUM(CA99:CK99),2),"") -> 78.88 | AT99: =IF(OR(G99<>"入池",NOT(ISNUMBER(AS99))),"",COUNTIFS($G$17:$G$99,"入池",$AS$17:$AS$99,">"&AS99)+COUNTIFS($G$17:$G$99,"入池",$AS$17:$AS$99,AS99,$AQ$17:$AQ$99,">"&AQ99)+COUNTIFS($G$17:G99,"入池",$AS$17:AS99,AS99,$AQ$17:AQ99,AQ99)) -> 19 | AU99: =IF(NOT(ISNUMBER(I99)),"管理人规模；","")&IF(NOT(ISNUMBER(K99)),"产品规模标识；","")&IF(NOT(ISNUMBER(M99)),"近一年收益；","")&IF(NOT(ISNUMBER(T99)),"近一年胜率；","")&IF(NOT(ISNUMBER(N99)),"近三年收益；","")&IF(NOT(ISNUMBER(U99)),"近三年胜率；","")&IF(NOT(ISNUMBER(AA99)),"近三年回撤；","")&IF(NOT(ISNUMBER(AD99)),"近一年卡玛；","")&IF(ISNUMBER(F99),IF(AND(F99<'Sheet1-指标体系'!$J$16,NOT(ISNUMBER(O99))),"成立以来年化；",""),"成立日期；")&IF(ISNUMBER(V99),IF(OR(V99<0,V99>1),"胜率窗口口径不一致；",""),"")&IF(ISNUMBER(P99),IF(NOT(ISNUMBER(AE99)),"DD_long不可识别；",""),"") -> 近三年收益；近三年胜率；近三年回撤；成立以来年化； | AV99: =IF(ABS(SUM(CA99:CK99)-'Sheet1-指标体系'!$J$25)<0.0000000001,SUM(BP99:BZ99),"") | AW99: =IF(G99<>"入池",G99,IF(AQ99=0,"无有效评分数据",IF(ROUND(AQ99,10)=ROUND('Sheet1-指标体系'!$J$25,10),"完整赋分","暂定分／数据不完整"))) -> 暂定分／数据不完整 | AX99: =IF('Sheet4-原始数据'!C84="","",'Sheet4-原始数据'!C84) -> 期权策略 | AY99: =IF('Sheet4-原始数据'!D84="","",'Sheet4-原始数据'!D84) | AZ99: =IF('Sheet5-查询核对'!S84="","",'Sheet5-查询核对'!S84) -> 管理期货—量化期权—期权复合套利-R4 | BA99: =IF('Sheet5-查询核对'!A84="","",'Sheet5-查询核对'!A84) -> 84 | BB99: =IF('Sheet5-查询核对'!F84="","",'Sheet5-查询核对'!F84) -> 备案号匹配 | BC99: =IF('Sheet5-查询核对'!I84="","",'Sheet5-查询核对'!I84) -> https://mp.fof99.com/fund/view/acbdbde1b1c49c01 | BD99: =IF('Sheet5-查询核对'!H84="","",'Sheet5-查询核对'!H84) -> 46269 | BE99: =IF('Sheet5-查询核对'!L84="","",'Sheet5-查询核对'!L84) -> https://gs.amac.org.cn/amac-infodisc/res/pof/manager/1703070917106985.html | BF99: =IF('Sheet5-查询核对'!M84="","",'Sheet5-查询核对'!M84) -> 46276 | BG99: =IF('Sheet5-查询核对'!O84="","",'Sheet5-查询核对'!O84) -> https://gs.amac.org.cn/amac-infodisc/res/pof/fund/2403251636103185.html | BH99: =IF('Sheet5-查询核对'!P84="","",'Sheet5-查询核对'!P84) -> 46276 | BI99: =IF('Sheet5-查询核对'!D84="","",'Sheet5-查询核对'!D84) -> SAHP82 | BJ99: =IF(ISNUMBER(AT99),AT99,COUNT($AT$17:$AT$99)+ROWS($AT$17:AT99)-COUNT($AT$17:AT99)) -> 19 | BK99: =IF(G99="入池",IF(ISNUMBER(M99),1,0),0) -> 1 | BL99: =IF(G99="入池",IF(ISNUMBER(P99),1,0),0) -> 0 | BM99: =IF(G99="入池",IF(ISNUMBER(AB99),1,0),0) -> 1 | BN99: =IF(G99="入池",IF(ISNUMBER(AD99),1,0),0) -> 1 | BO99: =IF(G99="入池",IF(ISNUMBER(AF99),1,0),0) -> 0 | BP99: =IF(G99="入池",IF(ISNUMBER(I99),I99*('Sheet1-指标体系'!$G$4),0),0) -> 5.4 | BQ99: =IF(G99="入池",IF(ISNUMBER(K99),K99*('Sheet1-指标体系'!$G$5),0),0) -> 4.5 | BR99: =IF(G99="入池",IF(ISNUMBER(L99),L99*('Sheet1-指标体系'!$G$6),0),0) -> 3.15 | BS99: =IF(G99="入池",IF(ISNUMBER(Q99),Q99*('Sheet1-指标体系'!$G$7*'Sheet1-指标体系'!$J$8),0),0) -> 7.81704 | BT99: =IF(G99="入池",IF(ISNUMBER(R99),R99*('Sheet1-指标体系'!$G$7*'Sheet1-指标体系'!$J$9),0),0) -> 0 | BU99: =IF(G99="入池",IF(ISNUMBER(W99),W99*('Sheet1-指标体系'!$G$8*'Sheet1-指标体系'!$J$8),0),0) -> 3.6 | BV99: =IF(G99="入池",IF(ISNUMBER(X99),X99*('Sheet1-指标体系'!$G$8*'Sheet1-指标体系'!$J$9),0),0) -> 0 | BW99: =IF(G99="入池",IF(ISNUMBER(AC99),AC99*('Sheet1-指标体系'!$G$9),0),0) -> 16.555 | BX99: =IF(G99="入池",IF(ISNUMBER(AG99),AG99*('Sheet1-指标体系'!$G$10*'Sheet1-指标体系'!$J$8),0),0) -> 14.1966 | BY99: =IF(G99="入池",IF(ISNUMBER(AH99),AH99*('Sheet1-指标体系'!$G$10*'Sheet1-指标体系'!$J$9),0),0) -> 0 | BZ99: =IF(G99="入池",IF(ISNUMBER(AK99),AK99*('Sheet1-指标体系'!$G$11),0),0) -> 0 | CA99: =IF(G99="入池",IF(ISNUMBER(I99),'Sheet1-指标体系'!$G$4,0),0) -> 0.06 | CB99: =IF(G99="入池",IF(ISNUMBER(K99),'Sheet1-指标体系'!$G$5,0),0) -> 0.045 | CC99: =IF(G99="入池",IF(ISNUMBER(L99),'Sheet1-指标体系'!$G$6,0),0) -> 0.045 | CD99: =IF(G99="入池",IF(ISNUMBER(Q99),'Sheet1-指标体系'!$G$7*'Sheet1-指标体系'!$J$8,0),0) -> 0.084 | CE99: =IF(G99="入池",IF(ISNUMBER(R99),'Sheet1-指标体系'!$G$7*'Sheet1-指标体系'!$J$9,0),0) -> 0 | CF99: =IF(G99="入池",IF(ISNUMBER(W99),'Sheet1-指标体系'!$G$8*'Sheet1-指标体系'!$J$8,0),0) -> 0.036 | CG99: =IF(G99="入池",IF(ISNUMBER(X99),'Sheet1-指标体系'!$G$8*'Sheet1-指标体系'!$J$9,0),0) -> 0 | CH99: =IF(G99="入池",IF(ISNUMBER(AC99),'Sheet1-指标体系'!$G$9,0),0) -> 0.25 | CI99: =IF(G99="入池",IF(ISNUMBER(AG99),'Sheet1-指标体系'!$G$10*'Sheet1-指标体系'!$J$8,0),0) -> 0.18 | CJ99: =IF(G99="入池",IF(ISNUMBER(AH99),'Sheet1-指标体系'!$G$10*'Sheet1-指标体系'!$J$9,0),0) -> 0 | CK99: =IF(G99="入池",IF(ISNUMBER(AK99),'Sheet1-指标体系'!$G$11,0),0) -> 0

Sheet Sheet3-分类汇总
A1: 私募基金分类汇总
A2: 83只基金表为最终基准，保留其指标及评分；压缩包逐项核算见新增页。大规模62只，小规模21只。
A3: 可比总分含暂定分，须同时查看有效权重和数据缺口；仅完整权重记录提供严格总分。
A5: 排名 | B5: 产品名称 | C5: 备案号 | D5: 管理人 | E5: 入池状态 | F5: 管理人规模分 | G5: 产品规模分 | H5: 成立年限分 | I5: 年化收益分（可用折算） | J5: 月度胜率分（可用折算） | K5: 最大回撤分 | L5: 卡玛比率分（可用折算） | M5: 收益趋势分 | N5: 管理人及产品 | O5: 收益能力 | P5: 风险控制 | Q5: 风险调整收益 | R5: 业绩一致性/趋势 | S5: 有效权重 | T5: 加权总分（不补缺） | U5: 可比总分 | V5: 严格总分 | W5: 数据缺口 | X5: 明细相对行 | Y5: 平台一级策略 | Z5: 平台二级策略 | AA5: 数据完整性 | AB5: 原表序号 | AC5: 管理规模区间 | AD5: 规模分组 | AE5: 关联风险标注 | AF5: 协会管理人公示
A6: =IF(ISNUMBER('Sheet2-计算明细'!AT67),'Sheet2-计算明细'!AT67,"") -> 1 | B6: =IF('Sheet2-计算明细'!B67="","",'Sheet2-计算明细'!B67) -> 锐耐复利倍增2号C类 | C6: =IF('Sheet2-计算明细'!C67="","",'Sheet2-计算明细'!C67) -> XV513C | D6: =IF('Sheet2-计算明细'!D67="","",'Sheet2-计算明细'!D67) -> 上海锐耐 | E6: =IF('Sheet2-计算明细'!G67="","",'Sheet2-计算明细'!G67) -> 入池 | F6: =IF(ISNUMBER('Sheet2-计算明细'!I67),'Sheet2-计算明细'!I67,"") -> 90 | G6: =IF(ISNUMBER('Sheet2-计算明细'!K67),'Sheet2-计算明细'!K67,"") | H6: =IF(ISNUMBER('Sheet2-计算明细'!L67),'Sheet2-计算明细'!L67,"") -> 100 | I6: =IF(ISNUMBER('Sheet2-计算明细'!S67),'Sheet2-计算明细'!S67,"") | J6: =IF(ISNUMBER('Sheet2-计算明细'!Y67),'Sheet2-计算明细'!Y67,"") | K6: =IF(ISNUMBER('Sheet2-计算明细'!AC67),'Sheet2-计算明细'!AC67,"") | L6: =IF(ISNUMBER('Sheet2-计算明细'!AI67),'Sheet2-计算明细'!AI67,"") | M6: =IF(ISNUMBER('Sheet2-计算明细'!AK67),'Sheet2-计算明细'!AK67,"") | N6: =IF(ISNUMBER('Sheet2-计算明细'!AL67),'Sheet2-计算明细'!AL67,"") -> 94.29 | O6: =IF(ISNUMBER('Sheet2-计算明细'!AM67),'Sheet2-计算明细'!AM67,"") | P6: =IF(ISNUMBER('Sheet2-计算明细'!AN67),'Sheet2-计算明细'!AN67,"") | Q6: =IF(ISNUMBER('Sheet2-计算明细'!AO67),'Sheet2-计算明细'!AO67,"") | R6: =IF(ISNUMBER('Sheet2-计算明细'!AP67),'Sheet2-计算明细'!AP67,"") | S6: =IF(ISNUMBER('Sheet2-计算明细'!AQ67),'Sheet2-计算明细'!AQ67,"") -> 0.105 | T6: =IF(ISNUMBER('Sheet2-计算明细'!AR67),'Sheet2-计算明细'!AR67,"") -> 9.9 | U6: =IF(ISNUMBER('Sheet2-计算明细'!AS67),'Sheet2-计算明细'!AS67,"") -> 94.29 | V6: =IF(ISNUMBER('Sheet2-计算明细'!AV67),'Sheet2-计算明细'!AV67,"") | W6: =IF('Sheet2-计算明细'!AU67="","",'Sheet2-计算明细'!AU67) -> 产品规模标识；近一年收益；近一年胜率；近三年收益；近三年胜率；近三年回撤；近一年卡玛； | X6: =51 -> 51 | Y6: =IF('Sheet2-计算明细'!AX67="","",'Sheet2-计算明细'!AX67) -> 套利策略 | Z6: =IF('Sheet2-计算明细'!AY67="","",'Sheet2-计算明细'!AY67) -> 期货套利 | AA6: =IF('Sheet2-计算明细'!AW67="","",'Sheet2-计算明细'!AW67) -> 暂定分／数据不完整 | AB6: =IF(ISNUMBER('Sheet2-计算明细'!A67),'Sheet2-计算明细'!A67,"") -> 51 | AC6: =协会公示!E52 -> 20-50亿元 | AD6: =协会公示!F52 -> 大规模 | AE6: =协会公示!G52 -> 本次公示未见相关提示 | AF6: =协会公示!R52 -> https://gs.amac.org.cn/amac-infodisc/res/pof/manager/2011201413105709.html
A7: =IF(ISNUMBER('Sheet2-计算明细'!AT37),'Sheet2-计算明细'!AT37,"") -> 2 | B7: =IF('Sheet2-计算明细'!B37="","",'Sheet2-计算明细'!B37) -> 惠隆金选套利1号 | C7: =IF('Sheet2-计算明细'!C37="","",'Sheet2-计算明细'!C37) -> SQG026 | D7: =IF('Sheet2-计算明细'!D37="","",'Sheet2-计算明细'!D37) -> 北京惠隆资管 | E7: =IF('Sheet2-计算明细'!G37="","",'Sheet2-计算明细'!G37) -> 入池 | F7: =IF(ISNUMBER('Sheet2-计算明细'!I37),'Sheet2-计算明细'!I37,"") -> 80 | G7: =IF(ISNUMBER('Sheet2-计算明细'!K37),'Sheet2-计算明细'!K37,"") -> 100 | H7: =IF(ISNUMBER('Sheet2-计算明细'!L37),'Sheet2-计算明细'!L37,"") -> 100 | I7: =IF(ISNUMBER('Sheet2-计算明细'!S37),'Sheet2-计算明细'!S37,"") -> 84.81 | J7: =IF(ISNUMBER('Sheet2-计算明细'!Y37),'Sheet2-计算明细'!Y37,"") -> 100 | K7: =IF(ISNUMBER('Sheet2-计算明细'!AC37),'Sheet2-计算明细'!AC37,"") -> 98.65 | L7: =IF(ISNUMBER('Sheet2-计算明细'!AI37),'Sheet2-计算明细'!AI37,"") -> 94.37 | M7: =IF(ISNUMBER('Sheet2-计算明细'!AK37),'Sheet2-计算明细'!AK37,"") -> 80 | N7: =IF(ISNUMBER('Sheet2-计算明细'!AL37),'Sheet2-计算明细'!AL37,"") -> 92 | O7: =IF(ISNUMBER('Sheet2-计算明细'!AM37),'Sheet2-计算明细'!AM37,"") -> 89.36 | P7: =IF(ISNUMBER('Sheet2-计算明细'!AN37),'Sheet2-计算明细'!AN37,"") -> 98.65 | Q7: =IF(ISNUMBER('Sheet2-计算明细'!AO37),'Sheet2-计算明细'!AO37,"") -> 94.37 | R7: =IF(ISNUMBER('Sheet2-计算明细'!AP37),'Sheet2-计算明细'!AP37,"") -> 80 | S7: =IF(ISNUMBER('Sheet2-计算明细'!AQ37),'Sheet2-计算明细'!AQ37,"") -> 0.88 | T7: =IF(ISNUMBER('Sheet2-计算明细'!AR37),'Sheet2-计算明细'!AR37,"") -> 81.32194 | U7: =IF(ISNUMBER('Sheet2-计算明细'!AS37),'Sheet2-计算明细'!AS37,"") -> 92.41 | V7: =IF(ISNUMBER('Sheet2-计算明细'!AV37),'Sheet2-计算明细'!AV37,"") | W7: =IF('Sheet2-计算明细'!AU37="","",'Sheet2-计算明细'!AU37) -> DD_long不可识别； | X7: =21 -> 21 | Y7: =IF('Sheet2-计算明细'!AX37="","",'Sheet2-计算明细'!AX37) -> 套利策略 | Z7: =IF('Sheet2-计算明细'!AY37="","",'Sheet2-计算明细'!AY37) -> 期货套利 | AA7: =IF('Sheet2-计算明细'!AW37="","",'Sheet2-计算明细'!AW37) -> 暂定分／数据不完整 | AB7: =IF(ISNUMBER('Sheet2-计算明细'!A37),'Sheet2-计算明细'!A37,"") -> 21 | AC7: =协会公示!E22 -> 10-20亿元 | AD7: =协会公示!F22 -> 大规模 | AE7: =协会公示!G22 -> 协会提示／已整改异常 | AF7: =协会公示!R22 -> https://gs.amac.org.cn/amac-infodisc/res/pof/manager/1705031716108118.html
A8: =IF(ISNUMBER('Sheet2-计算明细'!AT52),'Sheet2-计算明细'!AT52,"") -> 3 | B8: =IF('Sheet2-计算明细'!B52="","",'Sheet2-计算明细'!B52) -> 龙壹盛善时1号 | C8: =IF('Sheet2-计算明细'!C52="","",'Sheet2-计算明细'!C52) -> SB1261 | D8: =IF('Sheet2-计算明细'!D52="","",'Sheet2-计算明细'!D52) -> 杭州龙壹盛 | E8: =IF('Sheet2-计算明细'!G52="","",'Sheet2-计算明细'!G52) -> 入池 | F8: =IF(ISNUMBER('Sheet2-计算明细'!I52),'Sheet2-计算明细'!I52,"") -> 80 | G8: =IF(ISNUMBER('Sheet2-计算明细'!K52),'Sheet2-计算明细'!K52,"") -> 100 | H8: =IF(ISNUMBER('Sheet2-计算明细'!L52),'Sheet2-计算明细'!L52,"") -> 100 | I8: =IF(ISNUMBER('Sheet2-计算明细'!S52),'Sheet2-计算明细'!S52,"") | J8: =IF(ISNUMBER('Sheet2-计算明细'!Y52),'Sheet2-计算明细'!Y52,"") | K8: =IF(ISNUMBER('Sheet2-计算明细'!AC52),'Sheet2-计算明细'!AC52,"") | L8: =IF(ISNUMBER('Sheet2-计算明细'!AI52),'Sheet2-计算明细'!AI52,"") | M8: =IF(ISNUMBER('Sheet2-计算明细'!AK52),'Sheet2-计算明细'!AK52,"") | N8: =IF(ISNUMBER('Sheet2-计算明细'!AL52),'Sheet2-计算明细'!AL52,"") -> 92 | O8: =IF(ISNUMBER('Sheet2-计算明细'!AM52),'Sheet2-计算明细'!AM52,"") | P8: =IF(ISNUMBER('Sheet2-计算明细'!AN52),'Sheet2-计算明细'!AN52,"") | Q8: =IF(ISNUMBER('Sheet2-计算明细'!AO52),'Sheet2-计算明细'!AO52,"") | R8: =IF(ISNUMBER('Sheet2-计算明细'!AP52),'Sheet2-计算明细'!AP52,"") | S8: =IF(ISNUMBER('Sheet2-计算明细'!AQ52),'Sheet2-计算明细'!AQ52,"") -> 0.15 | T8: =IF(ISNUMBER('Sheet2-计算明细'!AR52),'Sheet2-计算明细'!AR52,"") -> 13.8 | U8: =IF(ISNUMBER('Sheet2-计算明细'!AS52),'Sheet2-计算明细'!AS52,"") -> 92 | V8: =IF(ISNUMBER('Sheet2-计算明细'!AV52),'Sheet2-计算明细'!AV52,"") | W8: =IF('Sheet2-计算明细'!AU52="","",'Sheet2-计算明细'!AU52) -> 近一年收益；近一年胜率；近三年收益；近三年胜率；近三年回撤；近一年卡玛； | X8: =36 -> 36 | Y8: =IF('Sheet2-计算明细'!AX52="","",'Sheet2-计算明细'!AX52) -> 套利策略 | Z8: =IF('Sheet2-计算明细'!AY52="","",'Sheet2-计算明细'!AY52) -> 期货套利 | AA8: =IF('Sheet2-计算明细'!AW52="","",'Sheet2-计算明细'!AW52) -> 暂定分／数据不完整 | AB8: =IF(ISNUMBER('Sheet2-计算明细'!A52),'Sheet2-计算明细'!A52,"") -> 36 | AC8: =协会公示!E37 -> 10-20亿元 | AD8: =协会公示!F37 -> 大规模 | AE8: =协会公示!G37 -> 本次公示未见相关提示 | AF8: =协会公示!R37 -> https://gs.amac.org.cn/amac-infodisc/res/pof/manager/2303061547109927.html
A9: =IF(ISNUMBER('Sheet2-计算明细'!AT32),'Sheet2-计算明细'!AT32,"") -> 4 | B9: =IF('Sheet2-计算明细'!B32="","",'Sheet2-计算明细'!B32) -> 放牛人5号 | C9: =IF('Sheet2-计算明细'!C32="","",'Sheet2-计算明细'!C32) -> SVH487 | D9: =IF('Sheet2-计算明细'!D32="","",'Sheet2-计算明细'!D32) -> 上海放牛人 | E9: =IF('Sheet2-计算明细'!G32="","",'Sheet2-计算明细'!G32) -> 入池 | F9: =IF(ISNUMBER('Sheet2-计算明细'!I32),'Sheet2-计算明细'!I32,"") -> 60 | G9: =IF(ISNUMBER('Sheet2-计算明细'!K32),'Sheet2-计算明细'!K32,"") -> 100 | H9: =IF(ISNUMBER('Sheet2-计算明细'!L32),'Sheet2-计算明细'!L32,"") -> 100 | I9: =IF(ISNUMBER('Sheet2-计算明细'!S32),'Sheet2-计算明细'!S32,"") -> 53.37 | J9: =IF(ISNUMBER('Sheet2-计算明细'!Y32),'Sheet2-计算明细'!Y32,"") -> 96.66 | K9: =IF(ISNUMBER('Sheet2-计算明细'!AC32),'Sheet2-计算明细'!AC32,"") -> 97.3 | L9: =IF(ISNUMBER('Sheet2-计算明细'!AI32),'Sheet2-计算明细'!AI32,"") -> 98.75 | M9: =IF(ISNUMBER('Sheet2-计算明细'!AK32),'Sheet2-计算明细'!AK32,"") -> 100 | N9: =IF(ISNUMBER('Sheet2-计算明细'!AL32),'Sheet2-计算明细'!AL32,"") -> 84 | O9: =IF(ISNUMBER('Sheet2-计算明细'!AM32),'Sheet2-计算明细'!AM32,"") -> 66.36 | P9: =IF(ISNUMBER('Sheet2-计算明细'!AN32),'Sheet2-计算明细'!AN32,"") -> 97.3 | Q9: =IF(ISNUMBER('Sheet2-计算明细'!AO32),'Sheet2-计算明细'!AO32,"") -> 98.75 | R9: =IF(ISNUMBER('Sheet2-计算明细'!AP32),'Sheet2-计算明细'!AP32,"") -> 100 | S9: =IF(ISNUMBER('Sheet2-计算明细'!AQ32),'Sheet2-计算明细'!AQ32,"") -> 1 | T9: =IF(ISNUMBER('Sheet2-计算明细'!AR32),'Sheet2-计算明细'!AR32,"") -> 89.82251 | U9: =IF(ISNUMBER('Sheet2-计算明细'!AS32),'Sheet2-计算明细'!AS32,"") -> 89.82 | V9: =IF(ISNUMBER('Sheet2-计算明细'!AV32),'Sheet2-计算明细'!AV32,"") -> 89.82251 | W9: =IF('Sheet2-计算明细'!AU32="","",'Sheet2-计算明细'!AU32) | X9: =16 -> 16 | Y9: =IF('Sheet2-计算明细'!AX32="","",'Sheet2-计算明细'!AX32) -> 套利策略 | Z9: =IF('Sheet2-计算明细'!AY32="","",'Sheet2-计算明细'!AY32) -> 期货套利 | AA9: =IF('Sheet2-计算明细'!AW32="","",'Sheet2-计算明细'!AW32) -> 完整赋分 | AB9: =IF(ISNUMBER('Sheet2-计算明细'!A32),'Sheet2-计算明细'!A32,"") -> 16 | AC9: =协会公示!E17 -> 0-5亿元 | AD9: =协会公示!F17 -> 小规模 | AE9: =协会公示!G17 -> 本次公示未见相关提示 | AF9: =协会公示!R17 -> https://gs.amac.org.cn/amac-infodisc/res/pof/manager/2104292125100136.html
A10: =IF(ISNUMBER('Sheet2-计算明细'!AT40),'Sheet2-计算明细'!AT40,"") -> 5 | B10: =IF('Sheet2-计算明细'!B40="","",'Sheet2-计算明细'!B40) -> 阶石稳健1号 | C10: =IF('Sheet2-计算明细'!C40="","",'Sheet2-计算明细'!C40) -> SATE65 | D10: =IF('Sheet2-计算明细'!D40="","",'Sheet2-计算明细'!D40) -> 深圳阶石 | E10: =IF('Sheet2-计算明细'!G40="","",'Sheet2-计算明细'!G40) -> 入池 | F10: =IF(ISNUMBER('Sheet2-计算明细'!I40),'Sheet2-计算明细'!I40,"") -> 80 | G10: =IF(ISNUMBER('Sheet2-计算明细'!K40),'Sheet2-计算明细'!K40,"") -> 100 | H10: =IF(ISNUMBER('Sheet2-计算明细'!L40),'Sheet2-计算明细'!L40,"") -> 70 | I10: =IF(ISNUMBER('Sheet2-计算明细'!S40),'Sheet2-计算明细'!S40,"") -> 84.17 | J10: =IF(ISNUMBER('Sheet2-计算明细'!Y40),'Sheet2-计算明细'!Y40,"") | K10: =IF(ISNUMBER('Sheet2-计算明细'!AC40),'Sheet2-计算明细'!AC40,"") -> 82.43 | L10: =IF(ISNUMBER('Sheet2-计算明细'!AI40),'Sheet2-计算明细'!AI40,"") -> 95.77 | M10: =IF(ISNUMBER('Sheet2-计算明细'!AK40),'Sheet2-计算明细'!AK40,"") -> 100 | N10: =IF(ISNUMBER('Sheet2-计算明细'!AL40),'Sheet2-计算明细'!AL40,"") -> 83 | O10: =IF(ISNUMBER('Sheet2-计算明细'!AM40),'Sheet2-计算明细'!AM40,"") -> 84.17 | P10: =IF(ISNUMBER('Sheet2-计算明细'!AN40),'Sheet2-计算明细'!AN40,"") -> 82.43 | Q10: =IF(ISNUMBER('Sheet2-计算明细'!AO40),'Sheet2-计算明细'!AO40,"") -> 95.77 | R10: =IF(ISNUMBER('Sheet2-计算明细'!AP40),'Sheet2-计算明细'!AP40,"") -> 100 | S10: =IF(ISNUMBER('Sheet2-计算明细'!AQ40),'Sheet2-计算明细'!AQ40,"") -> 0.82 | T10: =IF(ISNUMBER('Sheet2-计算明细'!AR40),'Sheet2-计算明细'!AR40,"") -> 72.07934 | U10: =IF(ISNUMBER('Sheet2-计算明细'!AS40),'Sheet2-计算明细'!AS40,"") -> 87.9 | V10: =IF(ISNUMBER('Sheet2-计算明细'!AV40),'Sheet2-计算明细'!AV40,"") | W10: =IF('Sheet2-计算明细'!AU40="","",'Sheet2-计算明细'!AU40) -> 近一年胜率；近三年收益；近三年胜率；近三年回撤；DD_long不可识别； | X10: =24 -> 24 | Y10: =IF('Sheet2-计算明细'!AX40="","",'Sheet2-计算明细'!AX40) -> 套利策略 | Z10: =IF('Sheet2-计算明细'!AY40="","",'Sheet2-计算明细'!AY40) -> 基金套利 | AA10: =IF('Sheet2-计算明细'!AW40="","",'Sheet2-计算明细'!AW40) -> 暂定分／数据不完整 | AB10: =IF(ISNUMBER('Sheet2-计算明细'!A40),'Sheet2-计算明细'!A40,"") -> 24 | AC10: =协会公示!E25 -> 10-20亿元 | AD10: =协会公示!F25 -> 大规模 | AE10: =协会公示!G25 -> 协会提示／已整改异常 | AF10: =协会公示!R25 -> https://gs.amac.org.cn/amac-infodisc/res/pof/manager/1903261812109866.html
A11: =IF(ISNUMBER('Sheet2-计算明细'!AT50),'Sheet2-计算明细'!AT50,"") -> 6 | B11: =IF('Sheet2-计算明细'!B50="","",'Sheet2-计算明细'!B50) -> 量客投资金选套利1号 | C11: =IF('Sheet2-计算明细'!C50="","",'Sheet2-计算明细'!C50) -> SNH457 | D11: =IF('Sheet2-计算明细'!D50="","",'Sheet2-计算明细'!D50) -> 上海量客 | E11: =IF('Sheet2-计算明细'!G50="","",'Sheet2-计算明细'!G50) -> 入池 | F11: =IF(ISNUMBER('Sheet2-计算明细'!I50),'Sheet2-计算明细'!I50,"") -> 90 | G11: =IF(ISNUMBER('Sheet2-计算明细'!K50),'Sheet2-计算明细'!K50,"") -> 100 | H11: =IF(ISNUMBER('Sheet2-计算明细'!L50),'Sheet2-计算明细'!L50,"") -> 100 | I11: =IF(ISNUMBER('Sheet2-计算明细'!S50),'Sheet2-计算明细'!S50,"") -> 43.94 | J11: =IF(ISNUMBER('Sheet2-计算明细'!Y50),'Sheet2-计算明细'!Y50,"") -> 95 | K11: =IF(ISNUMBER('Sheet2-计算明细'!AC50),'Sheet2-计算明细'!AC50,"") -> 95.95 | L11: =IF(ISNUMBER('Sheet2-计算明细'!AI50),'Sheet2-计算明细'!AI50,"") -> 94.93 | M11: =IF(ISNUMBER('Sheet2-计算明细'!AK50),'Sheet2-计算明细'!AK50,"") -> 80 | N11: =IF(ISNUMBER('Sheet2-计算明细'!AL50),'Sheet2-计算明细'!AL50,"") -> 96 | O11: =IF(ISNUMBER('Sheet2-计算明细'!AM50),'Sheet2-计算明细'!AM50,"") -> 59.26 | P11: =IF(ISNUMBER('Sheet2-计算明细'!AN50),'Sheet2-计算明细'!AN50,"") -> 95.95 | Q11: =IF(ISNUMBER('Sheet2-计算明细'!AO50),'Sheet2-计算明细'!AO50,"") -> 94.93 | R11: =IF(ISNUMBER('Sheet2-计算明细'!AP50),'Sheet2-计算明细'!AP50,"") -> 80 | S11: =IF(ISNUMBER('Sheet2-计算明细'!AQ50),'Sheet2-计算明细'!AQ50,"") -> 1 | T11: =IF(ISNUMBER('Sheet2-计算明细'!AR50),'Sheet2-计算明细'!AR50,"") -> 86.7181 | U11: =IF(ISNUMBER('Sheet2-计算明细'!AS50),'Sheet2-计算明细'!AS50,"") -> 86.72 | V11: =IF(ISNUMBER('Sheet2-计算明细'!AV50),'Sheet2-计算明细'!AV50,"") -> 86.7181 | W11: =IF('Sheet2-计算明细'!AU50="","",'Sheet2-计算明细'!AU50) | X11: =34 -> 34 | Y11: =IF('Sheet2-计算明细'!AX50="","",'Sheet2-计算明细'!AX50) -> 套利策略 | Z11: =IF('Sheet2-计算明细'!AY50="","",'Sheet2-计算明细'!AY50) -> 期权套利 | AA11: =IF('Sheet2-计算明细'!AW50="","",'Sheet2-计算明细'!AW50) -> 完整赋分 | AB11: =IF(ISNUMBER('Sheet2-计算明细'!A50),'Sheet2-计算明细'!A50,"") -> 34 | AC11: =协会公示!E35 -> 50-100亿元 | AD11: =协会公示!F35 -> 大规模 | AE11: =协会公示!G35 -> 本次公示未见相关提示 | AF11: =协会公示!R35 -> https://gs.amac.org.cn/amac-infodisc/res/pof/manager/101000000790.html
A12: =IF(ISNUMBER('Sheet2-计算明细'!AT65),'Sheet2-计算明细'!AT65,"") -> 7 | B12: =IF('Sheet2-计算明细'!B65="","",'Sheet2-计算明细'!B65) -> 祁腾蜂赢1号 | C12: =IF('Sheet2-计算明细'!C65="","",'Sheet2-计算明细'!C65) -> SEV580 | D12: =IF('Sheet2-计算明细'!D65="","",'Sheet2-计算明细'!D65) -> 宁波祁腾投资 | E12: =IF('Sheet2-计算明细'!G65="","",'Sheet2-计算明细'!G65) -> 入池 | F12: =IF(ISNUMBER('Sheet2-计算明细'!I65),'Sheet2-计算明细'!I65,"") -> 60 | G12: =IF(ISNUMBER('Sheet2-计算明细'!K65),'Sheet2-计算明细'!K65,"") -> 100 | H12: =IF(ISNUMBER('Sheet2-计算明细'!L65),'Sheet2-计算明细'!L65,"") -> 100 | I12: =IF(ISNUMBER('Sheet2-计算明细'!S65),'Sheet2-计算明细'!S65,"") -> 77.81 | J12: =IF(ISNUMBER('Sheet2-计算明细'!Y65),'Sheet2-计算明细'!Y65,"") -> 77.82 | K12: =IF(ISNUMBER('Sheet2-计算明细'!AC65),'Sheet2-计算明细'!AC65,"") -> 86.49 | L12: =IF(ISNUMBER('Sheet2-计算明细'!AI65),'Sheet2-计算明细'!AI65,"") -> 89.05 | M12: =IF(ISNUMBER('Sheet2-计算明细'!AK65),'Sheet2-计算明细'!AK65,"") -> 100 | N12: =IF(ISNUMBER('Sheet2-计算明细'!AL65),'Sheet2-计算明细'!AL65,"") -> 84 | O12: =IF(ISNUMBER('Sheet2-计算明细'!AM65),'Sheet2-计算明细'!AM65,"") -> 77.81 | P12: =IF(ISNUMBER('Sheet2-计算明细'!AN65),'Sheet2-计算明细'!AN65,"") -> 86.49 | Q12: =IF(ISNUMBER('Sheet2-计算明细'!AO65),'Sheet2-计算明细'!AO65,"") -> 89.05 | R12: =IF(ISNUMBER('Sheet2-计算明细'!AP65),'Sheet2-计算明细'!AP65,"") -> 100 | S12: =IF(ISNUMBER('Sheet2-计算明细'!AQ65),'Sheet2-计算明细'!AQ65,"") -> 1 | T12: =IF(ISNUMBER('Sheet2-计算明细'!AR65),'Sheet2-计算明细'!AR65,"") -> 86.500171 | U12: =IF(ISNUMBER('Sheet2-计算明细'!AS65),'Sheet2-计算明细'!AS65,"") -> 86.5 | V12: =IF(ISNUMBER('Sheet2-计算明细'!AV65),'Sheet2-计算明细'!AV65,"") -> 86.500171 | W12: =IF('Sheet2-计算明细'!AU65="","",'Sheet2-计算明细'!AU65) | X12: =49 -> 49 | Y12: =IF('Sheet2-计算明细'!AX65="","",'Sheet2-计算明细'!AX65) -> 套利策略 | Z12: =IF('Sheet2-计算明细'!AY65="","",'Sheet2-计算明细'!AY65) -> 期货套利 | AA12: =IF('Sheet2-计算明细'!AW65="","",'Sheet2-计算明细'!AW65) -> 完整赋分 | AB12: =IF(ISNUMBER('Sheet2-计算明细'!A65),'Sheet2-计算明细'!A65,"") -> 49 | AC12: =协会公示!E50 -> 0-5亿元 | AD12: =协会公示!F50 -> 小规模 | AE12: =协会公示!G50 -> 协会提示／已整改异常 | AF12: =协会公示!R50 -> https://gs.amac.org.cn/amac-infodisc/res/pof/manager/1809041559102185.html
A13: =IF(ISNUMBER('Sheet2-计算明细'!AT89),'Sheet2-计算明细'!AT89,"") -> 8 | B13: =IF('Sheet2-计算明细'!B89="","",'Sheet2-计算明细'!B89) -> 裕锦量化专享1号 | C13: =IF('Sheet2-计算明细'!C89="","",'Sheet2-计算明细'!C89) -> SNE165 | D13: =IF('Sheet2-计算明细'!D89="","",'Sheet2-计算明细'!D89) -> 深圳裕锦 | E13: =IF('Sheet2-计算明细'!G89="","",'Sheet2-计算明细'!G89) -> 入池 | F13: =IF(ISNUMBER('Sheet2-计算明细'!I89),'Sheet2-计算明细'!I89,"") -> 80 | G13: =IF(ISNUMBER('Sheet2-计算明细'!K89),'Sheet2-计算明细'!K89,"") -> 100 | H13: =IF(ISNUMBER('Sheet2-计算明细'!L89),'Sheet2-计算明细'!L89,"") -> 100 | I13: =IF(ISNUMBER('Sheet2-计算明细'!S89),'Sheet2-计算明细'!S89,"") -> 89.01 | J13: =IF(ISNUMBER('Sheet2-计算明细'!Y89),'Sheet2-计算明细'!Y89,"") -> 81.15 | K13: =IF(ISNUMBER('Sheet2-计算明细'!AC89),'Sheet2-计算明细'!AC89,"") -> 71.62 | L13: =IF(ISNUMBER('Sheet2-计算明细'!AI89),'Sheet2-计算明细'!AI89,"") -> 90.34 | M13: =IF(ISNUMBER('Sheet2-计算明细'!AK89),'Sheet2-计算明细'!AK89,"") -> 100 | N13: =IF(ISNUMBER('Sheet2-计算明细'!AL89),'Sheet2-计算明细'!AL89,"") -> 92 | O13: =IF(ISNUMBER('Sheet2-计算明细'!AM89),'Sheet2-计算明细'!AM89,"") -> 86.65 | P13: =IF(ISNUMBER('Sheet2-计算明细'!AN89),'Sheet2-计算明细'!AN89,"") -> 71.62 | Q13: =IF(ISNUMBER('Sheet2-计算明细'!AO89),'Sheet2-计算明细'!AO89,"") -> 90.34 | R13: =IF(ISNUMBER('Sheet2-计算明细'!AP89),'Sheet2-计算明细'!AP89,"") -> 100 | S13: =IF(ISNUMBER('Sheet2-计算明细'!AQ89),'Sheet2-计算明细'!AQ89,"") -> 1 | T13: =IF(ISNUMBER('Sheet2-计算明细'!AR89),'Sheet2-计算明细'!AR89,"") -> 86.1365 | U13: =IF(ISNUMBER('Sheet2-计算明细'!AS89),'Sheet2-计算明细'!AS89,"") -> 86.14 | V13: =IF(ISNUMBER('Sheet2-计算明细'!AV89),'Sheet2-计算明细'!AV89,"") -> 86.1365 | W13: =IF('Sheet2-计算明细'!AU89="","",'Sheet2-计算明细'!AU89) | X13: =73 -> 73 | Y13: =IF('Sheet2-计算明细'!AX89="","",'Sheet2-计算明细'!AX89) -> 套利策略 | Z13: =IF('Sheet2-计算明细'!AY89="","",'Sheet2-计算明细'!AY89) -> 期货套利 | AA13: =IF('Sheet2-计算明细'!AW89="","",'Sheet2-计算明细'!AW89) -> 完整赋分 | AB13: =IF(ISNUMBER('Sheet2-计算明细'!A89),'Sheet2-计算明细'!A89,"") -> 73 | AC13: =协会公示!E74 -> 10-20亿元 | AD13: =协会公示!F74 -> 大规模 | AE13: =协会公示!G74 -> 协会提示／已整改异常 | AF13: =协会公示!R74 -> https://gs.amac.org.cn/amac-infodisc/res/pof/manager/2003241828108999.html
A14: =IF(ISNUMBER('Sheet2-计算明细'!AT92),'Sheet2-计算明细'!AT92,"") -> 9 | B14: =IF('Sheet2-计算明细'!B92="","",'Sheet2-计算明细'!B92) -> 哲石君顺易安壹号 | C14: =IF('Sheet2-计算明细'!C92="","",'Sheet2-计算明细'!C92) -> SAVN21 | D14: =IF('Sheet2-计算明细'!D92="","",'Sheet2-计算明细'!D92) -> 杭州哲石 | E14: =IF('Sheet2-计算明细'!G92="","",'Sheet2-计算明细'!G92) -> 入池 | F14: =IF(ISNUMBER('Sheet2-计算明细'!I92),'Sheet2-计算明细'!I92,"") -> 80 | G14: =IF(ISNUMBER('Sheet2-计算明细'!K92),'Sheet2-计算明细'!K92,"") -> 100 | H14: =IF(ISNUMBER('Sheet2-计算明细'!L92),'Sheet2-计算明细'!L92,"") -> 70 | I14: =IF(ISNUMBER('Sheet2-计算明细'!S92),'Sheet2-计算明细'!S92,"") | J14: =IF(ISNUMBER('Sheet2-计算明细'!Y92),'Sheet2-计算明细'!Y92,"") | K14: =IF(ISNUMBER('Sheet2-计算明细'!AC92),'Sheet2-计算明细'!AC92,"") | L14: =IF(ISNUMBER('Sheet2-计算明细'!AI92),'Sheet2-计算明细'!AI92,"") | M14: =IF(ISNUMBER('Sheet2-计算明细'!AK92),'Sheet2-计算明细'!AK92,"") | N14: =IF(ISNUMBER('Sheet2-计算明细'!AL92),'Sheet2-计算明细'!AL92,"") -> 83 | O14: =IF(ISNUMBER('Sheet2-计算明细'!AM92),'Sheet2-计算明细'!AM92,"") -> 100 | P14: =IF(ISNUMBER('Sheet2-计算明细'!AN92),'Sheet2-计算明细'!AN92,"") | Q14: =IF(ISNUMBER('Sheet2-计算明细'!AO92),'Sheet2-计算明细'!AO92,"") | R14: =IF(ISNUMBER('Sheet2-计算明细'!AP92),'Sheet2-计算明细'!AP92,"") | S14: =IF(ISNUMBER('Sheet2-计算明细'!AQ92),'Sheet2-计算明细'!AQ92,"") -> 0.174 | T14: =IF(ISNUMBER('Sheet2-计算明细'!AR92),'Sheet2-计算明细'!AR92,"") -> 14.85 | U14: =IF(ISNUMBER('Sheet2-计算明细'!AS92),'Sheet2-计算明细'!AS92,"") -> 85.34 | V14: =IF(ISNUMBER('Sheet2-计算明细'!AV92),'Sheet2-计算明细'!AV92,"") | W14: =IF('Sheet2-计算明细'!AU92="","",'Sheet2-计算明细'!AU92) -> 近一年收益；近一年胜率；近三年收益；近三年胜率；近三年回撤；近一年卡玛；成立以来年化； | X14: =76 -> 76 | Y14: =IF('Sheet2-计算明细'!AX92="","",'Sheet2-计算明细'!AX92) -> 套利策略 | Z14: =IF('Sheet2-计算明细'!AY92="","",'Sheet2-计算明细'!AY92) -> 期货套利 | AA14: =IF('Sheet2-计算明细'!AW92="","",'Sheet2-计算明细'!AW92) -> 暂定分／数据不完整 | AB14: =IF(ISNUMBER('Sheet2-计算明细'!A92),'Sheet2-计算明细'!A92,"") -> 76 | AC14: =协会公示!E77 -> 10-20亿元 | AD14: =协会公示!F77 -> 大规模 | AE14: =协会公示!G77 -> 本次公示未见相关提示 | AF14: =协会公示!R77 -> https://gs.amac.org.cn/amac-infodisc/res/pof/manager/101000047057.html
A15: =IF(ISNUMBER('Sheet2-计算明细'!AT41),'Sheet2-计算明细'!AT41,"") -> 10 | B15: =IF('Sheet2-计算明细'!B41="","",'Sheet2-计算明细'!B41) -> 阶石稳健7号 | C15: =IF('Sheet2-计算明细'!C41="","",'Sheet2-计算明细'!C41) -> SAWS84 | D15: =IF('Sheet2-计算明细'!D41="","",'Sheet2-计算明细'!D41) -> 深圳阶石 | E15: =IF('Sheet2-计算明细'!G41="","",'Sheet2-计算明细'!G41) -> 入池 | F15: =IF(ISNUMBER('Sheet2-计算明细'!I41),'Sheet2-计算明细'!I41,"") -> 80 | G15: =IF(ISNUMBER('Sheet2-计算明细'!K41),'Sheet2-计算明细'!K41,"") -> 100 | H15: =IF(ISNUMBER('Sheet2-计算明细'!L41),'Sheet2-计算明细'!L41,"") -> 70 | I15: =IF(ISNUMBER('Sheet2-计算明细'!S41),'Sheet2-计算明细'!S41,"") -> 68.06 | J15: =IF(ISNUMBER('Sheet2-计算明细'!Y41),'Sheet2-计算明细'!Y41,"") -> 90.77 | K15: =IF(ISNUMBER('Sheet2-计算明细'!AC41),'Sheet2-计算明细'!AC41,"") -> 90.54 | L15: =IF(ISNUMBER('Sheet2-计算明细'!AI41),'Sheet2-计算明细'!AI41,"") -> 84.51 | M15: =IF(ISNUMBER('Sheet2-计算明细'!AK41),'Sheet2-计算明细'!AK41,"") | N15: =IF(ISNUMBER('Sheet2-计算明细'!AL41),'Sheet2-计算明细'!AL41,"") -> 83 | O15: =IF(ISNUMBER('Sheet2-计算明细'!AM41),'Sheet2-计算明细'!AM41,"") -> 77.52 | P15: =IF(ISNUMBER('Sheet2-计算明细'!AN41),'Sheet2-计算明细'!AN41,"") -> 90.54 | Q15: =IF(ISNUMBER('Sheet2-计算明细'!AO41),'Sheet2-计算明细'!AO41,"") -> 84.51 | R15: =IF(ISNUMBER('Sheet2-计算明细'!AP41),'Sheet2-计算明细'!AP41,"") | S15: =IF(ISNUMBER('Sheet2-计算明细'!AQ41),'Sheet2-计算明细'!AQ41,"") -> 0.724 | T15: =IF(ISNUMBER('Sheet2-计算明细'!AR41),'Sheet2-计算明细'!AR41,"") -> 61.459994 | U15: =IF(ISNUMBER('Sheet2-计算明细'!AS41),'Sheet2-计算明细'!AS41,"") -> 84.89 | V15: =IF(ISNUMBER('Sheet2-计算明细'!AV41),'Sheet2-计算明细'!AV41,"") | W15: =IF('Sheet2-计算明细'!AU41="","",'Sheet2-计算明细'!AU41) -> 近三年收益；近三年胜率；近三年回撤；成立以来年化； | X15: =25 -> 25 | Y15: =IF('Sheet2-计算明细'!AX41="","",'Sheet2-计算明细'!AX41) -> 套利策略 | Z15: =IF('Sheet2-计算明细'!AY41="","",'Sheet2-计算明细'!AY41) -> 基金套利 | AA15: =IF('Sheet2-计算明细'!AW41="","",'Sheet2-计算明细'!AW41) -> 暂定分／数据不完整 | AB15: =IF(ISNUMBER('Sheet2-计算明细'!A41),'Sheet2-计算明细'!A41,"") -> 25 | AC15: =协会公示!E26 -> 10-20亿元 | AD15: =协会公示!F26 -> 大规模 | AE15: =协会公示!G26 -> 协会提示／已整改异常 | AF15: =协会公示!R26 -> https://gs.amac.org.cn/amac-infodisc/res/pof/manager/1903261812109866.html
A16: =IF(ISNUMBER('Sheet2-计算明细'!AT91),'Sheet2-计算明细'!AT91,"") -> 11 | B16: =IF('Sheet2-计算明细'!B91="","",'Sheet2-计算明细'!B91) -> 哲石君顺易安贰号 | C16: =IF('Sheet2-计算明细'!C91="","",'Sheet2-计算明细'!C91) -> SBBC37 | D16: =IF('Sheet2-计算明细'!D91="","",'Sheet2-计算明细'!D91) -> 杭州哲石 | E16: =IF('Sheet2-计算明细'!G91="","",'Sheet2-计算明细'!G91) -> 入池 | F16: =IF(ISNUMBER('Sheet2-计算明细'!I91),'Sheet2-计算明细'!I91,"") -> 80 | G16: =IF(ISNUMBER('Sheet2-计算明细'!K91),'Sheet2-计算明细'!K91,"") -> 100 | H16: =IF(ISNUMBER('Sheet2-计算明细'!L91),'Sheet2-计算明细'!L91,"") -> 70 | I16: =IF(ISNUMBER('Sheet2-计算明细'!S91),'Sheet2-计算明细'!S91,"") -> 43.79 | J16: =IF(ISNUMBER('Sheet2-计算明细'!Y91),'Sheet2-计算明细'!Y91,"") -> 100 | K16: =IF(ISNUMBER('Sheet2-计算明细'!AC91),'Sheet2-计算明细'!AC91,"") -> 94.59 | L16: =IF(ISNUMBER('Sheet2-计算明细'!AI91),'Sheet2-计算明细'!AI91,"") -> 83.1 | M16: =IF(ISNUMBER('Sheet2-计算明细'!AK91),'Sheet2-计算明细'!AK91,"") -> 100 | N16: =IF(ISNUMBER('Sheet2-计算明细'!AL91),'Sheet2-计算明细'!AL91,"") -> 83 | O16: =IF(ISNUMBER('Sheet2-计算明细'!AM91),'Sheet2-计算明细'!AM91,"") -> 60.65 | P16: =IF(ISNUMBER('Sheet2-计算明细'!AN91),'Sheet2-计算明细'!AN91,"") -> 94.59 | Q16: =IF(ISNUMBER('Sheet2-计算明细'!AO91),'Sheet2-计算明细'!AO91,"") -> 83.1 | R16: =IF(ISNUMBER('Sheet2-计算明细'!AP91),'Sheet2-计算明细'!AP91,"") -> 100 | S16: =IF(ISNUMBER('Sheet2-计算明细'!AQ91),'Sheet2-计算明细'!AQ91,"") -> 0.88 | T16: =IF(ISNUMBER('Sheet2-计算明细'!AR91),'Sheet2-计算明细'!AR91,"") -> 73.18582 | U16: =IF(ISNUMBER('Sheet2-计算明细'!AS91),'Sheet2-计算明细'!AS91,"") -> 83.17 | V16: =IF(ISNUMBER('Sheet2-计算明细'!AV91),'Sheet2-计算明细'!AV91,"") | W16: =IF('Sheet2-计算明细'!AU91="","",'Sheet2-计算明细'!AU91) -> 近三年收益；近三年胜率；近三年回撤；DD_long不可识别； | X16: =75 -> 75 | Y16: =IF('Sheet2-计算明细'!AX91="","",'Sheet2-计算明细'!AX91) -> 套利策略 | Z16: =IF('Sheet2-计算明细'!AY91="","",'Sheet2-计算明细'!AY91) -> 期货套利 | AA16: =IF('Sheet2-计算明细'!AW91="","",'Sheet2-计算明细'!AW91) -> 暂定分／数据不完整 | AB16: =IF(ISNUMBER('Sheet2-计算明细'!A91),'Sheet2-计算明细'!A91,"") -> 75 | AC16: =协会公示!E76 -> 10-20亿元 | AD16: =协会公示!F76 -> 大规模 | AE16: =协会公示!G76 -> 本次公示未见相关提示 | AF16: =协会公示!R76 -> https://gs.amac.org.cn/amac-infodisc/res/pof/manager/101000047057.html
A17: =IF(ISNUMBER('Sheet2-计算明细'!AT61),'Sheet2-计算明细'!AT61,"") -> 12 | B17: =IF('Sheet2-计算明细'!B61="","",'Sheet2-计算明细'!B61) -> 奶酪鑫鑫宝二号 | C17: =IF('Sheet2-计算明细'!C61="","",'Sheet2-计算明细'!C61) -> SB2838 | D17: =IF('Sheet2-计算明细'!D61="","",'Sheet2-计算明细'!D61) -> 广东奶酪 | E17: =IF('Sheet2-计算明细'!G61="","",'Sheet2-计算明细'!G61) -> 入池 | F17: =IF(ISNUMBER('Sheet2-计算明细'!I61),'Sheet2-计算明细'!I61,"") -> 80 | G17: =IF(ISNUMBER('Sheet2-计算明细'!K61),'Sheet2-计算明细'!K61,"") -> 100 | H17: =IF(ISNUMBER('Sheet2-计算明细'!L61),'Sheet2-计算明细'!L61,"") -> 100 | I17: =IF(ISNUMBER('Sheet2-计算明细'!S61),'Sheet2-计算明细'!S61,"") -> 21.14 | J17: =IF(ISNUMBER('Sheet2-计算明细'!Y61),'Sheet2-计算明细'!Y61,"") -> 100 | K17: =IF(ISNUMBER('Sheet2-计算明细'!AC61),'Sheet2-计算明细'!AC61,"") -> 100 | L17: =IF(ISNUMBER('Sheet2-计算明细'!AI61),'Sheet2-计算明细'!AI61,"") | M17: =IF(ISNUMBER('Sheet2-计算明细'!AK61),'Sheet2-计算明细'!AK61,"") -> 100 | N17: =IF(ISNUMBER('Sheet2-计算明细'!AL61),'Sheet2-计算明细'!AL61,"") -> 92 | O17: =IF(ISNUMBER('Sheet2-计算明细'!AM61),'Sheet2-计算明细'!AM61,"") -> 44.8 | P17: =IF(ISNUMBER('Sheet2-计算明细'!AN61),'Sheet2-计算明细'!AN61,"") -> 100 | Q17: =IF(ISNUMBER('Sheet2-计算明细'!AO61),'Sheet2-计算明细'!AO61,"") | R17: =IF(ISNUMBER('Sheet2-计算明细'!AP61),'Sheet2-计算明细'!AP61,"") -> 100 | S17: =IF(ISNUMBER('Sheet2-计算明细'!AQ61),'Sheet2-计算明细'!AQ61,"") -> 0.7 | T17: =IF(ISNUMBER('Sheet2-计算明细'!AR61),'Sheet2-计算明细'!AR61,"") -> 57.75932 | U17: =IF(ISNUMBER('Sheet2-计算明细'!AS61),'Sheet2-计算明细'!AS61,"") -> 82.51 | V17: =IF(ISNUMBER('Sheet2-计算明细'!AV61),'Sheet2-计算明细'!AV61,"") | W17: =IF('Sheet2-计算明细'!AU61="","",'Sheet2-计算明细'!AU61) -> 近一年卡玛；DD_long不可识别； | X17: =45 -> 45 | Y17: =IF('Sheet2-计算明细'!AX61="","",'Sheet2-计算明细'!AX61) -> 套利策略 | Z17: =IF('Sheet2-计算明细'!AY61="","",'Sheet2-计算明细'!AY61) -> 期货套利 | AA17: =IF('Sheet2-计算明细'!AW61="","",'Sheet2-计算明细'!AW61) -> 暂定分／数据不完整 | AB17: =IF(ISNUMBER('Sheet2-计算明细'!A61),'Sheet2-计算明细'!A61,"") -> 45 | AC17: =协会公示!E46 -> 10-20亿元 | AD17: =协会公示!F46 -> 大规模 | AE17: =协会公示!G46 -> 本次公示未见相关提示 | AF17: =协会公示!R46 -> https://gs.amac.org.cn/amac-infodisc/res/pof/manager/101000045017.html
A18: =IF(ISNUMBER('Sheet2-计算明细'!AT96),'Sheet2-计算明细'!AT96,"") -> 13 | B18: =IF('Sheet2-计算明细'!B96="","",'Sheet2-计算明细'!B96) -> 智领泽临套利六号 | C18: =IF('Sheet2-计算明细'!C96="","",'Sheet2-计算明细'!C96) -> SAYU23 | D18: =IF('Sheet2-计算明细'!D96="","",'Sheet2-计算明细'!D96) -> 福州智领三联 | E18: =IF('Sheet2-计算明细'!G96="","",'Sheet2-计算明细'!G96) -> 入池 | F18: =IF(ISNUMBER('Sheet2-计算明细'!I96),'Sheet2-计算明细'!I96,"") -> 90 | G18: =IF(ISNUMBER('Sheet2-计算明细'!K96),'Sheet2-计算明细'!K96,"") -> 100 | H18: =IF(ISNUMBER('Sheet2-计算明细'!L96),'Sheet2-计算明细'!L96,"") -> 70 | I18: =IF(ISNUMBER('Sheet2-计算明细'!S96),'Sheet2-计算明细'!S96,"") -> 77.04 | J18: =IF(ISNUMBER('Sheet2-计算明细'!Y96),'Sheet2-计算明细'!Y96,"") -> 95.39 | K18: =IF(ISNUMBER('Sheet2-计算明细'!AC96),'Sheet2-计算明细'!AC96,"") -> 85.14 | L18: =IF(ISNUMBER('Sheet2-计算明细'!AI96),'Sheet2-计算明细'!AI96,"") -> 76.06 | M18: =IF(ISNUMBER('Sheet2-计算明细'!AK96),'Sheet2-计算明细'!AK96,"") -> 80 | N18: =IF(ISNUMBER('Sheet2-计算明细'!AL96),'Sheet2-计算明细'!AL96,"") -> 87 | O18: =IF(ISNUMBER('Sheet2-计算明细'!AM96),'Sheet2-计算明细'!AM96,"") -> 82.55 | P18: =IF(ISNUMBER('Sheet2-计算明细'!AN96),'Sheet2-计算明细'!AN96,"") -> 85.14 | Q18: =IF(ISNUMBER('Sheet2-计算明细'!AO96),'Sheet2-计算明细'!AO96,"") -> 76.06 | R18: =IF(ISNUMBER('Sheet2-计算明细'!AP96),'Sheet2-计算明细'!AP96,"") -> 80 | S18: =IF(ISNUMBER('Sheet2-计算明细'!AQ96),'Sheet2-计算明细'!AQ96,"") -> 0.88 | T18: =IF(ISNUMBER('Sheet2-计算明细'!AR96),'Sheet2-计算明细'!AR96,"") -> 72.53484 | U18: =IF(ISNUMBER('Sheet2-计算明细'!AS96),'Sheet2-计算明细'!AS96,"") -> 82.43 | V18: =IF(ISNUMBER('Sheet2-计算明细'!AV96),'Sheet2-计算明细'!AV96,"") | W18: =IF('Sheet2-计算明细'!AU96="","",'Sheet2-计算明细'!AU96) -> 近三年收益；近三年胜率；近三年回撤；DD_long不可识别； | X18: =80 -> 80 | Y18: =IF('Sheet2-计算明细'!AX96="","",'Sheet2-计算明细'!AX96) -> 套利策略 | Z18: =IF('Sheet2-计算明细'!AY96="","",'Sheet2-计算明细'!AY96) | AA18: =IF('Sheet2-计算明细'!AW96="","",'Sheet2-计算明细'!AW96) -> 暂定分／数据不完整 | AB18: =IF(ISNUMBER('Sheet2-计算明细'!A96),'Sheet2-计算明细'!A96,"") -> 80 | AC18: =协会公示!E81 -> 20-50亿元 | AD18: =协会公示!F81 -> 大规模 | AE18: =协会公示!G81 -> 协会提示／已整改异常 | AF18: =协会公示!R81 -> https://gs.amac.org.cn/amac-infodisc/res/pof/manager/101000074295.html
A19: =IF(ISNUMBER('Sheet2-计算明细'!AT55),'Sheet2-计算明细'!AT55,"") -> 14 | B19: =IF('Sheet2-计算明细'!B55="","",'Sheet2-计算明细'!B55) -> 摩旗ETF套利1号 | C19: =IF('Sheet2-计算明细'!C55="","",'Sheet2-计算明细'!C55) -> STR466 | D19: =IF('Sheet2-计算明细'!D55="","",'Sheet2-计算明细'!D55) -> 上海摩旗投资 | E19: =IF('Sheet2-计算明细'!G55="","",'Sheet2-计算明细'!G55) -> 入池 | F19: =IF(ISNUMBER('Sheet2-计算明细'!I55),'Sheet2-计算明细'!I55,"") -> 80 | G19: =IF(ISNUMBER('Sheet2-计算明细'!K55),'Sheet2-计算明细'!K55,"") -> 100 | H19: =IF(ISNUMBER('Sheet2-计算明细'!L55),'Sheet2-计算明细'!L55,"") -> 100 | I19: =IF(ISNUMBER('Sheet2-计算明细'!S55),'Sheet2-计算明细'!S55,"") -> 76.74 | J19: =IF(ISNUMBER('Sheet2-计算明细'!Y55),'Sheet2-计算明细'!Y55,"") -> 93.72 | K19: =IF(ISNUMBER('Sheet2-计算明细'!AC55),'Sheet2-计算明细'!AC55,"") -> 83.78 | L19: =IF(ISNUMBER('Sheet2-计算明细'!AI55),'Sheet2-计算明细'!AI55,"") -> 71.83 | M19: =IF(ISNUMBER('Sheet2-计算明细'!AK55),'Sheet2-计算明细'!AK55,"") -> 80 | N19: =IF(ISNUMBER('Sheet2-计算明细'!AL55),'Sheet2-计算明细'!AL55,"") -> 92 | O19: =IF(ISNUMBER('Sheet2-计算明细'!AM55),'Sheet2-计算明细'!AM55,"") -> 81.84 | P19: =IF(ISNUMBER('Sheet2-计算明细'!AN55),'Sheet2-计算明细'!AN55,"") -> 83.78 | Q19: =IF(ISNUMBER('Sheet2-计算明细'!AO55),'Sheet2-计算明细'!AO55,"") -> 71.83 | R19: =IF(ISNUMBER('Sheet2-计算明细'!AP55),'Sheet2-计算明细'!AP55,"") -> 80 | S19: =IF(ISNUMBER('Sheet2-计算明细'!AQ55),'Sheet2-计算明细'!AQ55,"") -> 0.88 | T19: =IF(ISNUMBER('Sheet2-计算明细'!AR55),'Sheet2-计算明细'!AR55,"") -> 72.04152 | U19: =IF(ISNUMBER('Sheet2-计算明细'!AS55),'Sheet2-计算明细'!AS55,"") -> 81.87 | V19: =IF(ISNUMBER('Sheet2-计算明细'!AV55),'Sheet2-计算明细'!AV55,"") | W19: =IF('Sheet2-计算明细'!AU55="","",'Sheet2-计算明细'!AU55) -> DD_long不可识别； | X19: =39 -> 39 | Y19: =IF('Sheet2-计算明细'!AX55="","",'Sheet2-计算明细'!AX55) -> 套利策略 | Z19: =IF('Sheet2-计算明细'!AY55="","",'Sheet2-计算明细'!AY55) -> 基金套利 | AA19: =IF('Sheet2-计算明细'!AW55="","",'Sheet2-计算明细'!AW55) -> 暂定分／数据不完整 | AB19: =IF(ISNUMBER('Sheet2-计算明细'!A55),'Sheet2-计算明细'!A55,"") -> 39 | AC19: =协会公示!E40 -> 10-20亿元 | AD19: =协会公示!F40 -> 大规模 | AE19: =协会公示!G40 -> 本次公示未见相关提示 | AF19: =协会公示!R40 -> https://gs.amac.org.cn/amac-infodisc/res/pof/manager/101000000297.html
