Workbook

Sheet sheet1-指标体系
A1: 二、优化后的完整赋分汇总表（字段一一对应）
A3: 大类指标 | B3: 权重 | C3: 二级指标 | D3: 二级权重 | E3: 数据来源/计算方法（重要） | F3: 时间口径权重 | G3: 综合权重 | I3: 计算参数 | J3: 值
A4: 管理人及产品 （不变） | B4: 0.15 | C4: 管理人规模 | D4: 0.4 | E4: 基金业协会管理人公示“管理规模区间”：0-5亿=60；5-10亿=70；10-20亿=80；20-100亿=90；100亿以上=100 | F4: 最新时点 | G4: =B4*D4 | I4: 产品规模标识阈值（万元） | J4: 1000
C5: 产品规模 | D5: 0.3 | E5: 基金业协会产品公示出现“存续规模低于1000万人民币”标识=0；未出现该标识=100 | F5: 最新时点 | G5: =$B$4*D5 | I5: 近一年胜率观察数 | J5: 13
C6: 成立年限 | D6: 0.3 | E6: 按产品成立日期计算：≥3年=100分；1~3年=70分；<1年不入池 | F6: 当前日期 | G6: =$B$4*D6 | I6: 近三年胜率观察数 | J6: 37
A7: 收益能力 （彻底消除重叠） | B7: 0.2 | C7: 年化收益 | D7: 0.7 | E7: 短期：直接用 R_1y 排名赋分 长期：用计算出的 R_early 排名赋分 | F7: 短期60%（近12月） 长期40%（早期区间） | G7: =B7*D7 | I7: 早期胜率观察数 | J7: =J6-J5
C8: 月度胜率 | D8: 0.3 | E8: 近12月胜率（60%）+早期历史胜率（40%） 若早期不足6个月，早期子项直接给满分 | F8: 同上 | G8: =$B$7*D8 | I8: 短期时间权重 | J8: 0.6
A9: 风险控制 （简化，不拆分） | B9: 0.25 | C9: 最大回撤 | D9: 1 | E9: 直接用 MAX(DD_1y, DD_3y) 作为统一风险敞口 | F9: 覆盖近3年（含近期） | G9: =B9*D9 | I9: 长期时间权重 | J9: 0.4
A10: 风险调整收益 （核心指标） | B10: 0.3 | C10: 卡玛比率 | D10: 1 | E10: 短期卡玛=R_1y/DD_1y（60%） 长期卡玛=R_early/DD_long（40%） | F10: 短期60% 长期40% | G10: =B10*D10 | I10: 趋势差距阈值 | J10: 0.2
A11: 业绩一致性/趋势 （新增，替代原有重复项） | B11: 0.1 | C11: 收益趋势 | D11: 1 | E11: 比较 R_1y 与 R_3y：近期不低于长期=100分；差距<20个百分点=80分；否则=60分。成立不足3年改用 R_incep。 | F11: — | G11: =B11*D11 | I11: DD识别容差 | J11: 0.0001
A14: 计算实现说明
A15: 1 | B15: 协会公示抓取日期为2026-09-07。管理人规模来源为基金业协会私募基金管理人公示，产品规模标识来源为基金业协会私募基金公示。
A16: 2 | B16: R_early：满3年时=((1+R_3y)^3/(1+R_1y))^(1/2)-1；不足3年且补录R_incep时，按存续期剔除最近1年后年化。
A17: 3 | B17: 早期月胜率按源数据精度默认使用37期总观察、13期近期观察，早期为24期；参数可在右侧修改。
A18: 4 | B18: DD_1y由ABS(R_1y/近一年卡玛)反推。仅当DD_3y明显大于DD_1y时，才能识别早期DD_long；其余记录留空。
A19: 5 | B19: 管理人规模按公示区间分档赋分；20-50亿元和50-100亿元均归入20-100亿元档，赋90分。
A20: 6 | B20: 产品成立年限由原始数据中的产品成立日期计算。未匹配到协会产品页或管理人页的规模项留空，缺失数据不按0分处理。
A23: 评分范围与数据口径 | B23: 本模板Sheet2的314只产品；按备案号匹配第二表；压缩包按各文件最新净值截至2026-09-11补算。第二表未提供统一业绩截止日。
A24: 协会信息 | B24: 管理规模、处罚/警示按协会公示核验；5亿元边界按公示区间分组。

Sheet sheet2-计算明细
A1: 私募基金指标计算明细
A2: H/J/AV:BD为基金业协会公示补录和追溯字段；O为待补录输入；绿字为原始数据或外部公示链接；黑字为计算。缺失项不按0分，综合分按有效权重归一。
A4: 大类指标 | B4: 大类权重 | C4: 二级指标 | D4: 二级权重 | E4: 综合权重 | F4: 计算
A5: ='sheet1-指标体系'!A4 | B5: ='sheet1-指标体系'!B4 | C5: ='sheet1-指标体系'!C4 | D5: ='sheet1-指标体系'!D4 | E5: =B5*D5 | F5: 大类权重×二级权重
A6: ='sheet1-指标体系'!A4 | B6: ='sheet1-指标体系'!B4 | C6: ='sheet1-指标体系'!C5 | D6: ='sheet1-指标体系'!D5 | E6: =B6*D6 | F6: 大类权重×二级权重
A7: ='sheet1-指标体系'!A4 | B7: ='sheet1-指标体系'!B4 | C7: ='sheet1-指标体系'!C6 | D7: ='sheet1-指标体系'!D6 | E7: =B7*D7 | F7: 大类权重×二级权重
A8: ='sheet1-指标体系'!A7 | B8: ='sheet1-指标体系'!B7 | C8: ='sheet1-指标体系'!C7 | D8: ='sheet1-指标体系'!D7 | E8: =B8*D8 | F8: 大类权重×二级权重
A9: ='sheet1-指标体系'!A7 | B9: ='sheet1-指标体系'!B7 | C9: ='sheet1-指标体系'!C8 | D9: ='sheet1-指标体系'!D8 | E9: =B9*D9 | F9: 大类权重×二级权重
A10: ='sheet1-指标体系'!A9 | B10: ='sheet1-指标体系'!B9 | C10: ='sheet1-指标体系'!C9 | D10: ='sheet1-指标体系'!D9 | E10: =B10*D10 | F10: 大类权重×二级权重
A11: ='sheet1-指标体系'!A10 | B11: ='sheet1-指标体系'!B10 | C11: ='sheet1-指标体系'!C10 | D11: ='sheet1-指标体系'!D10 | E11: =B11*D11 | F11: 大类权重×二级权重
A12: ='sheet1-指标体系'!A11 | B12: ='sheet1-指标体系'!B11 | C12: ='sheet1-指标体系'!C11 | D12: ='sheet1-指标体系'!D11 | E12: =B12*D12 | F12: 大类权重×二级权重
C13: 综合权重合计 | E13: =SUM(E5:E12)
A15: 基础信息 | H15: 管理人及产品 | M15: 年化收益 | T15: 月度胜率 | Z15: 最大回撤 | AD15: 卡玛比率 | AJ15: 收益趋势 | AL15: 大类辅助、总分与排序 | AV15: 基金业协会公示追溯
A16: 序号 | B16: 产品名称 | C16: 备案号 | D16: 管理人 | E16: 产品成立日期 | F16: 产品成立年限（年） | G16: 入池状态 | H16: 管理规模区间（亿元，协会） | I16: 管理人规模分 | J16: 产品规模公示标识 | K16: 产品规模分 | L16: 成立年限分 | M16: R_1y | N16: R_3y | O16: R_incep（补录） | P16: R_early | Q16: R_1y排名分 | R16: R_early排名分 | S16: 年化收益分（可用折算） | T16: 近1年月胜率 | U16: 近3年月胜率 | V16: 早期月胜率 | W16: 近1年月胜率分 | X16: 早期月胜率分 | Y16: 月度胜率分（可用折算） | Z16: DD_1y | AA16: DD_3y | AB16: 统一最大回撤 | AC16: 最大回撤分 | AD16: 短期卡玛 | AE16: 可识别DD_long | AF16: 长期卡玛 | AG16: 短期卡玛分 | AH16: 长期卡玛分 | AI16: 卡玛比率分（可用折算） | AJ16: 趋势比较基准 | AK16: 收益趋势分 | AL16: 管理人及产品大类分 | AM16: 收益能力大类分 | AN16: 风险控制大类分 | AO16: 风险调整收益大类分 | AP16: 趋势大类分 | AQ16: 有效二级权重 | AR16: 加权总分（不补缺） | AS16: 可比总分（归一） | AT16: 唯一排名 | AU16: 数据缺口 | AV16: 管理规模下限（亿元） | AW16: 协会管理人全称 | AX16: 管理人信息更新时间 | AY16: 管理人公示URL | AZ16: 协会产品名称 | BA16: 基金信息更新时间 | BB16: 产品标识季度 | BC16: 基金公示URL | BD16: AMAC匹配状态
A17: 1 | B17: 新视野智能量化2号 | C17: ='sheet4-原始数据'!B2 | D17: 杭州探融投资 | E17: 2017-01-09 | F17: 9.681 | G17: =IF(F17="","",IF(F17<1,"不入池","入池")) | H17: 0-5亿元 | I17: 60 | J17: 无低于1000万元标识 | K17: 100 | L17: 100 | M17: -0.0204 | N17: 0.0205 | P17: 0.04158598 | Q17: 11.11 | R17: 29.5 | S17: 18.47 | T17: 0.3846 | U17: 0.5405 | V17: 0.62494583 | W17: 38.46 | X17: 62.494583 | Y17: 48.07 | Z17: 0.055284553 | AA17: 0.0554 | AB17: 0.0554 | AC17: 41.11 | AD17: -0.369 | AE17: 0.0554 | AF17: 0.75064945 | AG17: 9.09 | AH17: 30.15 | AI17: 17.51 | AJ17: 0.0205 | AK17: 80 | AL17: 84 | AM17: 27.35 | AN17: 41.11 | AO17: 17.51 | AP17: 80 | AQ17: 1 | AR17: 41.60137 | AS17: 41.6 | AT17: 256 | AU17: =IF(I17="","管理人规模；","")&IF(J17="","产品规模标识；","")&IF(AND(F17<3,O17=""),"R_incep；","")&IF(N17="","近三年收益；","")&IF(U17="","近三年胜率；","")&IF(AND(V17<>"",OR(V17<0,V17>1)),"胜率窗口口径不一致；","")&IF(AA17="","近三年回撤；","")&IF(AD17="","短期卡玛；","")&IF(AND(P17<>"",AE17=""),"DD_long不可识别；","") | AV17: 41.60137 | AW17: 0-5亿元 | AX17: 2025-05-22 | AY17: 杭州探融投资管理有限公司 | AZ17: 2025-05-22 | BA17: https://gs.amac.org.cn/amac-infodisc/res/pof/manager/101000049159.html | BB17: 新视野智能量化私募基金2号 | BC17: 2026-05-12 | BD17: 已匹配 | BE17: https://gs.amac.org.cn/amac-infodisc/res/pof/fund/351000611236.html | BF17: 已核验
A18: 2 | B18: 探融新视野智能量化1号 | C18: ='sheet4-原始数据'!B3 | D18: 杭州探融投资 | E18: 2016-09-22 | F18: 9.9795 | G18: =IF(F18="","",IF(F18<1,"不入池","入池")) | H18: 0-5亿元 | I18: 60 | J18: 无低于1000万元标识 | K18: 100 | L18: 100 | M18: -0.0048 | N18: 0.0123 | P18: 0.020959869 | Q18: 15.28 | R18: 10 | S18: 13.17 | T18: 0.3846 | U18: 0.5676 | V18: 0.666725 | W18: 38.46 | X18: 66.6725 | Y18: 49.75 | Z18: 0.025263158 | AA18: 0.0251 | AB18: 0.025263158 | AC18: 66.2 | AD18: -0.19 | AG18: 11.89 | AI18: 11.89 | AJ18: 0.0123 | AK18: 80 | AL18: 84 | AM18: 24.14 | AN18: 66.2 | AO18: 11.89 | AP18: 80 | AQ18: 0.88 | AR18: 44.11842 | AS18: 50.13 | AT18: 222 | AU18: =IF(I18="","管理人规模；","")&IF(J18="","产品规模标识；","")&IF(AND(F18<3,O18=""),"R_incep；","")&IF(N18="","近三年收益；","")&IF(U18="","近三年胜率；","")&IF(AND(V18<>"",OR(V18<0,V18>1)),"胜率窗口口径不一致；","")&IF(AA18="","近三年回撤；","")&IF(AD18="","短期卡玛；","")&IF(AND(P18<>"",AE18=""),"DD_long不可识别；","") | AW18: 0-5亿元 | AX18: 2025-05-22 | AY18: 杭州探融投资管理有限公司 | AZ18: 2025-05-22 | BA18: https://gs.amac.org.cn/amac-infodisc/res/pof/manager/101000049159.html | BB18: 探融新视野智能量化私募证券投资基金1号 | BC18: 2026-05-25 | BD18: 已匹配 | BE18: https://gs.amac.org.cn/amac-infodisc/res/pof/fund/351000500099.html | BF18: 已核验
A19: 3 | B19: 辉毅4号 | C19: ='sheet4-原始数据'!B4 | D19: 上海申毅投资 | E19: 2016-09-14 | F19: 10.0014 | G19: =IF(F19="","",IF(F19<1,"不入池","入池")) | H19: 100亿元以上 | I19: 100 | J19: 无低于1000万元标识 | K19: 100 | L19: 100 | M19: -0.0025 | N19: 0.0488 | P19: 0.075431036 | Q19: 16.49 | R19: 61 | S19: 34.29 | T19: 0.4615 | U19: 0.7568 | V19: 0.91675417 | W19: 46.15 | X19: 91.675417 | Y19: 64.36 | Z19: 0.024366472 | AA19: 0.0246 | AB19: 0.0246 | AC19: 68.12 | AD19: -0.1026 | AE19: 0.0246 | AF19: 3.0663023 | AG19: 14.69 | AH19: 76.47 | AI19: 39.4 | AJ19: 0.0488 | AK19: 80 | AL19: 100 | AM19: 43.31 | AN19: 68.12 | AO19: 39.4 | AP19: 80 | AQ19: 1 | AR19: 60.51337 | AS19: 60.51 | AT19: 165 | AU19: =IF(I19="","管理人规模；","")&IF(J19="","产品规模标识；","")&IF(AND(F19<3,O19=""),"R_incep；","")&IF(N19="","近三年收益；","")&IF(U19="","近三年胜率；","")&IF(AND(V19<>"",OR(V19<0,V19>1)),"胜率窗口口径不一致；","")&IF(AA19="","近三年回撤；","")&IF(AD19="","短期卡玛；","")&IF(AND(P19<>"",AE19=""),"DD_long不可识别；","") | AV19: 60.51337 | AW19: 100亿元以上 | AX19: 2026-04-28 | AY19: 上海申毅投资股份有限公司 | AZ19: 2026-04-28 | BA19: https://gs.amac.org.cn/amac-infodisc/res/pof/manager/101000000870.html | BB19: 辉毅4号 | BC19: 2025-04-02 | BD19: 已匹配 | BE19: https://gs.amac.org.cn/amac-infodisc/res/pof/fund/351000509057.html | BF19: 已核验
A20: 4 | B20: 平凡悟鑫 | C20: ='sheet4-原始数据'!B5 | D20: 北京平凡 | E20: 2016-04-19 | F20: 10.4066 | G20: =IF(F20="","",IF(F20<1,"不入池","入池")) | H20: 50-100亿元 | I20: 90 | J20: 无低于1000万元标识 | K20: 100 | L20: 100 | M20: 0.0607 | N20: 0.0649 | P20: 0.067006232 | Q20: 51.39 | R20: 54 | S20: 52.43 | T20: 0.9231 | U20: 0.8919 | V20: 0.875 | W20: 92.31 | X20: 87.5 | Y20: 90.39 | Z20: 0.0097124662 | AA20: 0.0097 | AB20: 0.0097124662 | AC20: 86.06 | AD20: 6.2497 | AG20: 71.33 | AI20: 71.33 | AJ20: 0.0649 | AK20: 80 | AL20: 96 | AM20: 63.82 | AN20: 86.06 | AO20: 71.33 | AP20: 80 | AQ20: 0.88 | AR20: 69.51832 | AS20: 79 | AT20: 69 | AU20: =IF(I20="","管理人规模；","")&IF(J20="","产品规模标识；","")&IF(AND(F20<3,O20=""),"R_incep；","")&IF(N20="","近三年收益；","")&IF(U20="","近三年胜率；","")&IF(AND(V20<>"",OR(V20<0,V20>1)),"胜率窗口口径不一致；","")&IF(AA20="","近三年回撤；","")&IF(AD20="","短期卡玛；","")&IF(AND(P20<>"",AE20=""),"DD_long不可识别；","") | AW20: 50-100亿元 | AX20: 2026-08-05 | AY20: 北京平凡私募基金管理有限公司 | AZ20: 2026-08-05 | BA20: https://gs.amac.org.cn/amac-infodisc/res/pof/manager/101000030286.html | BB20: 平凡悟鑫证券投资基金 | BC20: 2026-05-27 | BD20: 已匹配 | BE20: https://gs.amac.org.cn/amac-infodisc/res/pof/fund/351000410825.html | BF20: 已核验
A21: 5 | B21: 致同稳盈对冲 | C21: ='sheet4-原始数据'!B6 | D21: 上海致同投资 | E21: 2017-05-02 | F21: 9.3717 | G21: =IF(F21="","",IF(F21<1,"不入池","入池")) | H21: 20-50亿元 | I21: 90 | J21: 无低于1000万元标识 | K21: 100 | L21: 100 | M21: 0.0405 | N21: 0.0489 | P21: 0.053125396 | Q21: 39.93 | R21: 39.5 | S21: 39.76 | T21: 0.7692 | U21: 0.7838 | V21: 0.79170833 | W21: 76.92 | X21: 79.170833 | Y21: 77.82 | Z21: 0.013372515 | AA21: 0.0134 | AB21: 0.0134 | AC21: 80.49 | AD21: 3.0286 | AG21: 54.9 | AI21: 54.9 | AJ21: 0.0489 | AK21: 80 | AL21: 96 | AM21: 51.18 | AN21: 80.49 | AO21: 54.9 | AP21: 80 | AQ21: 0.88 | AR21: 62.63984 | AS21: 71.18 | AT21: 110 | AU21: =IF(I21="","管理人规模；","")&IF(J21="","产品规模标识；","")&IF(AND(F21<3,O21=""),"R_incep；","")&IF(N21="","近三年收益；","")&IF(U21="","近三年胜率；","")&IF(AND(V21<>"",OR(V21<0,V21>1)),"胜率窗口口径不一致；","")&IF(AA21="","近三年回撤；","")&IF(AD21="","短期卡玛；","")&IF(AND(P21<>"",AE21=""),"DD_long不可识别；","") | AW21: 20-50亿元 | AX21: 2026-03-16 | AY21: 上海致同投资管理有限公司 | AZ21: 2026-03-16 | BA21: https://gs.amac.org.cn/amac-infodisc/res/pof/manager/101000004339.html | BB21: 致同稳盈对冲私募基金 | BC21: 2026-07-06 | BD21: 已匹配 | BE21: https://gs.amac.org.cn/amac-infodisc/res/pof/fund/1705051025108658.html | BF21: 已核验
A22: 6 | B22: 哈福尊享一号 | C22: ='sheet4-原始数据'!B7 | D22: 哈福基金 | E22: 2017-05-10 | F22: 9.3498 | G22: =IF(F22="","",IF(F22<1,"不入池","入池")) | H22: 0-5亿元 | I22: 60 | J22: 无低于1000万元标识 | K22: 100 | L22: 100 | M22: 0.0289 | N22: 0.0225 | P22: 0.019314944 | Q22: 29.51 | R22: 9 | S22: 21.31 | T22: 0.6923 | U22: 0.7297 | V22: 0.74995833 | W22: 69.23 | X22: 74.995833 | Y22: 71.54 | Z22: 0.028402948 | AA22: 0.0658 | AB22: 0.0658 | AC22: 36.93 | AD22: 1.0175 | AE22: 0.0658 | AF22: 0.29354018 | AG22: 34.62 | AH22: 13.24 | AI22: 26.07 | AJ22: 0.0225 | AK22: 100 | AL22: 84 | AM22: 36.38 | AN22: 36.93 | AO22: 26.07 | AP22: 100 | AQ22: 1 | AR22: 46.92792 | AS22: 46.93 | AT22: 236 | AU22: =IF(I22="","管理人规模；","")&IF(J22="","产品规模标识；","")&IF(AND(F22<3,O22=""),"R_incep；","")&IF(N22="","近三年收益；","")&IF(U22="","近三年胜率；","")&IF(AND(V22<>"",OR(V22<0,V22>1)),"胜率窗口口径不一致；","")&IF(AA22="","近三年回撤；","")&IF(AD22="","短期卡玛；","")&IF(AND(P22<>"",AE22=""),"DD_long不可识别；","") | AV22: 46.92792 | AW22: 0-5亿元 | AX22: 2026-06-05 | AY22: 广东哈福私募证券投资基金管理有限公司 | AZ22: 2026-06-05 | BA22: https://gs.amac.org.cn/amac-infodisc/res/pof/manager/101000010078.html | BB22: 哈福尊享一号私募证券投资基金 | BC22: 2024-10-29 | BD22: 已匹配 | BE22: https://gs.amac.org.cn/amac-infodisc/res/pof/fund/1705180919103330.html | BF22: 已核验
A23: 7 | B23: 远澜翠柏1号 | C23: ='sheet4-原始数据'!B8 | D23: 上海远澜 | E23: 2017-05-12 | F23: 9.3443 | G23: =IF(F23="","",IF(F23<1,"不入池","入池")) | H23: 100亿元以上 | I23: 100 | J23: 无低于1000万元标识 | K23: 100 | L23: 100 | M23: 0.0546 | N23: 0.0457 | P23: 0.041278206 | Q23: 47.22 | R23: 29 | S23: 39.93 | T23: 0.4615 | U23: 0.5135 | V23: 0.54166667 | W23: 46.15 | X23: 54.166667 | Y23: 49.36 | Z23: 0.15388952 | AA23: 0.154 | AB23: 0.154 | AC23: 15.33 | AD23: 0.3548 | AE23: 0.154 | AF23: 0.2680403 | AG23: 22.73 | AH23: 12.5 | AI23: 18.64 | AJ23: 0.0457 | AK23: 100 | AL23: 100 | AM23: 42.76 | AN23: 15.33 | AO23: 18.64 | AP23: 100 | AQ23: 1 | AR23: 42.97578 | AS23: 42.98 | AT23: 253 | AU23: =IF(I23="","管理人规模；","")&IF(J23="","产品规模标识；","")&IF(AND(F23<3,O23=""),"R_incep；","")&IF(N23="","近三年收益；","")&IF(U23="","近三年胜率；","")&IF(AND(V23<>"",OR(V23<0,V23>1)),"胜率窗口口径不一致；","")&IF(AA23="","近三年回撤；","")&IF(AD23="","短期卡玛；","")&IF(AND(P23<>"",AE23=""),"DD_long不可识别；","") | AV23: 42.97578 | AW23: 100亿元以上 | AX23: 2026-05-08 | AY23: 上海远澜私募基金管理有限公司 | AZ23: 2026-05-08 | BA23: https://gs.amac.org.cn/amac-infodisc/res/pof/manager/101000022626.html | BB23: 远澜翠柏1号私募证券投资基金 | BC23: 2024-11-07 | BD23: 已匹配 | BE23: https://gs.amac.org.cn/amac-infodisc/res/pof/fund/1706161700107643.html | BF23: 已核验
A24: 8 | B24: 擎丰1号 | C24: ='sheet4-原始数据'!B9 | D24: 上海擎丰 | E24: 2018-06-06 | F24: 8.2765 | G24: =IF(F24="","",IF(F24<1,"不入池","入池")) | H24: 0-5亿元 | I24: 60 | J24: 无低于1000万元标识 | K24: 100 | L24: 100 | M24: 0.0786 | N24: 0.0506 | P24: 0.036873767 | Q24: 64.93 | R24: 22.5 | S24: 47.96 | T24: 0.9231 | U24: 0.8378 | V24: 0.79159583 | W24: 92.31 | X24: 79.159583 | Y24: 87.05 | Z24: 0.0069003055 | AA24: 0.0069 | AB24: 0.0069003055 | AC24: 89.9 | AD24: 11.3908 | AG24: 84.27 | AI24: 84.27 | AJ24: 0.0506 | AK24: 100 | AL24: 84 | AM24: 59.69 | AN24: 89.9 | AO24: 84.27 | AP24: 100 | AQ24: 0.88 | AR24: 72.18071 | AS24: 82.02 | AT24: 51 | AU24: =IF(I24="","管理人规模；","")&IF(J24="","产品规模标识；","")&IF(AND(F24<3,O24=""),"R_incep；","")&IF(N24="","近三年收益；","")&IF(U24="","近三年胜率；","")&IF(AND(V24<>"",OR(V24<0,V24>1)),"胜率窗口口径不一致；","")&IF(AA24="","近三年回撤；","")&IF(AD24="","短期卡玛；","")&IF(AND(P24<>"",AE24=""),"DD_long不可识别；","") | AW24: 0-5亿元 | AX24: 2026-08-06 | AY24: 上海擎丰私募基金管理有限公司 | AZ24: 2026-08-06 | BA24: https://gs.amac.org.cn/amac-infodisc/res/pof/manager/1707071820104466.html | BB24: 擎丰1号私募投资基金 | BC24: 2023-01-16 | BD24: 已匹配 | BE24: https://gs.amac.org.cn/amac-infodisc/res/pof/fund/1806141444102951.html | BF24: 已核验
A25: 9 | B25: 新时代智能量化3号 | C25: ='sheet4-原始数据'!B10 | D25: 杭州探融投资 | E25: 2018-10-29 | F25: 7.8795 | G25: =IF(F25="","",IF(F25<1,"不入池","入池")) | H25: 0-5亿元 | I25: 60 | J25: 无低于1000万元标识 | K25: 100 | L25: 100 | M25: 0.012 | N25: 0.0312 | P25: 0.040936172 | Q25: 21.53 | R25: 28.5 | S25: 24.32 | T25: 0.4615 | U25: 0.5676 | V25: 0.62507083 | W25: 46.15 | X25: 62.507083 | Y25: 52.69 | Z25: 0.032994226 | AA25: 0.033 | AB25: 0.033 | AC25: 56.79 | AD25: 0.3637 | AG25: 23.43 | AI25: 23.43 | AJ25: 0.0312 | AK25: 80 | AL25: 84 | AM25: 32.83 | AN25: 56.79 | AO25: 23.43 | AP25: 80 | AQ25: 0.88 | AR25: 45.58099 | AS25: 51.8 | AT25: 212 | AU25: =IF(I25="","管理人规模；","")&IF(J25="","产品规模标识；","")&IF(AND(F25<3,O25=""),"R_incep；","")&IF(N25="","近三年收益；","")&IF(U25="","近三年胜率；","")&IF(AND(V25<>"",OR(V25<0,V25>1)),"胜率窗口口径不一致；","")&IF(AA25="","近三年回撤；","")&IF(AD25="","短期卡玛；","")&IF(AND(P25<>"",AE25=""),"DD_long不可识别；","") | AW25: 0-5亿元 | AX25: 2025-05-22 | AY25: 杭州探融投资管理有限公司 | AZ25: 2025-05-22 | BA25: https://gs.amac.org.cn/amac-infodisc/res/pof/manager/101000049159.html | BB25: 新时代智能量化3号私募投资基金 | BC25: 2026-05-12 | BD25: 已匹配 | BE25: https://gs.amac.org.cn/amac-infodisc/res/pof/fund/1811011729102590.html | BF25: 已核验
A26: 10 | B26: 悬铃C号2期 | C26: ='sheet4-原始数据'!B11 | D26: 上海悬铃 | E26: 2019-04-24 | F26: 7.3949 | G26: =IF(F26="","",IF(F26<1,"不入池","入池")) | H26: 20-50亿元 | I26: 90 | J26: 无低于1000万元标识 | K26: 100 | L26: 100 | M26: -0.0865 | N26: 0.0183 | P26: 0.075125939 | Q26: 5.21 | R26: 60 | S26: 27.13 | T26: 0.3077 | U26: 0.5676 | V26: 0.70837917 | W26: 30.77 | X26: 70.837917 | Y26: 46.8 | Z26: 0.087861859 | AA26: 0.1306 | AB26: 0.1306 | AC26: 19.16 | AD26: -0.9845 | AE26: 0.1306 | AF26: 0.5752369 | AG26: 0 | AH26: 20.59 | AI26: 8.24 | AJ26: 0.0183 | AK26: 80 | AL26: 96 | AM26: 33.03 | AN26: 19.16 | AO26: 8.24 | AP26: 80 | AQ26: 1 | AR26: 36.26627 | AS26: 36.27 | AT26: 281 | AU26: =IF(I26="","管理人规模；","")&IF(J26="","产品规模标识；","")&IF(AND(F26<3,O26=""),"R_incep；","")&IF(N26="","近三年收益；","")&IF(U26="","近三年胜率；","")&IF(AND(V26<>"",OR(V26<0,V26>1)),"胜率窗口口径不一致；","")&IF(AA26="","近三年回撤；","")&IF(AD26="","短期卡玛；","")&IF(AND(P26<>"",AE26=""),"DD_long不可识别；","") | AV26: 36.26627 | AW26: 20-50亿元 | AX26: 2026-07-13 | AY26: 上海悬铃私募基金管理有限公司 | AZ26: 2026-07-13 | BA26: https://gs.amac.org.cn/amac-infodisc/res/pof/manager/1701161209103763.html | BB26: 悬铃C号2期私募证券投资基金 | BC26: 2025-03-12 | BD26: 已匹配 | BE26: https://gs.amac.org.cn/amac-infodisc/res/pof/fund/1904291722104146.html | BF26: 已核验
A27: 11 | B27: 爱凡哲九号 | C27: ='sheet4-原始数据'!B12 | D27: 爱凡哲投资 | E27: 2019-09-02 | F27: 7.0363 | G27: =IF(F27="","",IF(F27<1,"不入池","入池")) | H27: 20-50亿元 | I27: 90 | J27: 无低于1000万元标识 | K27: 100 | L27: 100 | M27: 0.1158 | N27: 0.1178 | P27: 0.11880134 | Q27: 81.6 | R27: 79.5 | S27: 80.76 | T27: 0.8462 | U27: 0.8919 | V27: 0.91665417 | W27: 84.62 | X27: 91.665417 | Y27: 87.44 | Z27: 0.0035857832 | AA27: 0.0129 | AB27: 0.0129 | AC27: 82.23 | AD27: 32.2942 | AE27: 0.0129 | AF27: 9.2094065 | AG27: 94.76 | AH27: 90.44 | AI27: 93.03 | AJ27: 0.1178 | AK27: 80 | AL27: 96 | AM27: 82.76 | AN27: 82.23 | AO27: 93.03 | AP27: 80 | AQ27: 1 | AR27: 87.41979 | AS27: 87.42 | AT27: 20 | AU27: =IF(I27="","管理人规模；","")&IF(J27="","产品规模标识；","")&IF(AND(F27<3,O27=""),"R_incep；","")&IF(N27="","近三年收益；","")&IF(U27="","近三年胜率；","")&IF(AND(V27<>"",OR(V27<0,V27>1)),"胜率窗口口径不一致；","")&IF(AA27="","近三年回撤；","")&IF(AD27="","短期卡玛；","")&IF(AND(P27<>"",AE27=""),"DD_long不可识别；","") | AV27: 87.41979 | AW27: 20-50亿元 | AX27: 2025-04-30 | AY27: 爱凡哲投资管理有限公司 | AZ27: 2025-04-30 | BA27: https://gs.amac.org.cn/amac-infodisc/res/pof/manager/1709181131101311.html | BB27: 爱凡哲九号私募证券投资基金 | BC27: 2026-08-06 | BD27: 已匹配 | BE27: https://gs.amac.org.cn/amac-infodisc/res/pof/fund/1909051919107161.html | BF27: 已核验
A28: 12 | B28: 恒如套利三号 | C28: ='sheet4-原始数据'!B13 | D28: 上海恒如投资 | E28: 2019-09-19 | F28: 6.9897 | G28: =IF(F28="","",IF(F28<1,"不入池","入池")) | H28: 5-10亿元 | I28: 70 | J28: 无低于1000万元标识 | K28: 100 | L28: 100 | M28: 0.0213 | N28: 0.057 | P28: 0.075315275 | Q28: 24.65 | R28: 60.5 | S28: 38.99 | T28: 0.6154 | U28: 0.7297 | V28: 0.7916125 | W28: 61.54 | X28: 79.16125 | Y28: 68.59 | Z28: 0.0079353252 | AA28: 0.015 | AB28: 0.015 | AC28: 78.05 | AD28: 2.6842 | AE28: 0.015 | AF28: 5.0210183 | AG28: 52.8 | AH28: 86.03 | AI28: 66.09 | AJ28: 0.057 | AK28: 80 | AL28: 88 | AM28: 47.87 | AN28: 78.05 | AO28: 66.09 | AP28: 80 | AQ28: 1 | AR28: 70.11401 | AS28: 70.11 | AT28: 119 | AU28: =IF(I28="","管理人规模；","")&IF(J28="","产品规模标识；","")&IF(AND(F28<3,O28=""),"R_incep；","")&IF(N28="","近三年收益；","")&IF(U28="","近三年胜率；","")&IF(AND(V28<>"",OR(V28<0,V28>1)),"胜率窗口口径不一致；","")&IF(AA28="","近三年回撤；","")&IF(AD28="","短期卡玛；","")&IF(AND(P28<>"",AE28=""),"DD_long不可识别；","") | AV28: 70.11401 | AW28: 5-10亿元 | AX28: 2026-05-28 | AY28: 上海恒如投资管理有限公司 | AZ28: 2026-05-28 | BA28: https://gs.amac.org.cn/amac-infodisc/res/pof/manager/101000001221.html | BB28: 恒如套利三号私募证券投资基金 | BC28: 2024-11-21 | BD28: 已匹配 | BE28: https://gs.amac.org.cn/amac-infodisc/res/pof/fund/1910121042102347.html | BF28: 已核验
A29: 13 | B29: 鹿秀驯鹿二号 | C29: ='sheet4-原始数据'!B14 | D29: 青岛鹿秀投资 | E29: 2019-10-17 | F29: 6.9131 | G29: =IF(F29="","",IF(F29<1,"不入池","入池")) | H29: 50-100亿元 | I29: 90 | J29: 低于1000万元 | K29: 0 | L29: 100 | M29: 0.0399 | N29: 0.0246 | P29: 0.017034624 | Q29: 38.19 | R29: 7.5 | S29: 25.91 | T29: 0.9231 | U29: 0.8108 | V29: 0.74997083 | W29: 92.31 | X29: 74.997083 | Y29: 85.38 | Z29: 0.00021691856 | AA29: 0.0463 | AB29: 0.0463 | AC29: 46.69 | AD29: 183.94 | AE29: 0.0463 | AF29: 0.36791844 | AG29: 100 | AH29: 16.18 | AI29: 66.47 | AJ29: 0.0246 | AK29: 100 | AL29: 66 | AM29: 43.76 | AN29: 46.69 | AO29: 66.47 | AP29: 100 | AQ29: 1 | AR29: 60.26515 | AS29: 60.27 | AT29: 167 | AU29: =IF(I29="","管理人规模；","")&IF(J29="","产品规模标识；","")&IF(AND(F29<3,O29=""),"R_incep；","")&IF(N29="","近三年收益；","")&IF(U29="","近三年胜率；","")&IF(AND(V29<>"",OR(V29<0,V29>1)),"胜率窗口口径不一致；","")&IF(AA29="","近三年回撤；","")&IF(AD29="","短期卡玛；","")&IF(AND(P29<>"",AE29=""),"DD_long不可识别；","") | AV29: 60.26515 | AW29: 50-100亿元 | AX29: 2025-01-10 | AY29: 青岛鹿秀投资管理有限公司 | AZ29: 2025-01-10 | BA29: https://gs.amac.org.cn/amac-infodisc/res/pof/manager/1612231708101923.html | BB29: 鹿秀驯鹿二号私募证券投资基金 | BC29: 2026-07-15 | BD29: 已匹配 | BE29: https://gs.amac.org.cn/amac-infodisc/res/pof/fund/1910231722102267.html | BF29: 已核验
A30: 14 | B30: 本利达利磐一号 | C30: ='sheet4-原始数据'!B15 | D30: 深圳本利达资管 | E30: 2019-11-01 | F30: 6.872 | G30: =IF(F30="","",IF(F30<1,"不入池","入池")) | H30: 0-5亿元 | I30: 60 | J30: 无低于1000万元标识 | K30: 100 | L30: 100 | M30: 0.11 | N30: 0.1208 | P30: 0.12623934 | Q30: 80.21 | R30: 82 | S30: 80.93 | T30: 0.7692 | U30: 0.6757 | V30: 0.62505417 | W30: 76.92 | X30: 62.505417 | Y30: 71.15 | Z30: 0.11350738 | AA30: 0.1144 | AB30: 0.1144 | AC30: 24.04 | AD30: 0.9691 | AE30: 0.1144 | AF30: 1.1034907 | AG30: 33.92 | AH30: 44.85 | AI30: 38.29 | AJ30: 0.1208 | AK30: 80 | AL30: 84 | AM30: 77.99 | AN30: 24.04 | AO30: 38.29 | AP30: 80 | AQ30: 1 | AR30: 53.69649 | AS30: 53.7 | AT30: 203 | AU30: =IF(I30="","管理人规模；","")&IF(J30="","产品规模标识；","")&IF(AND(F30<3,O30=""),"R_incep；","")&IF(N30="","近三年收益；","")&IF(U30="","近三年胜率；","")&IF(AND(V30<>"",OR(V30<0,V30>1)),"胜率窗口口径不一致；","")&IF(AA30="","近三年回撤；","")&IF(AD30="","短期卡玛；","")&IF(AND(P30<>"",AE30=""),"DD_long不可识别；","") | AV30: 53.69649 | AW30: 0-5亿元 | AX30: 2026-06-16 | AY30: 深圳市本利达资产管理有限公司 | AZ30: 2026-06-16 | BA30: https://gs.amac.org.cn/amac-infodisc/res/pof/manager/101000028552.html | BB30: 本利达利磐一号私募证券投资基金 | BC30: 2025-04-01 | BD30: 已匹配 | BE30: https://gs.amac.org.cn/amac-infodisc/res/pof/fund/1911061732126237.html | BF30: 已核验
A31: 15 | B31: 和熙新月1号 | C31: ='sheet4-原始数据'!B16 | D31: 浙江和熙资管 | E31: 2019-11-14 | F31: 6.8364 | G31: =IF(F31="","",IF(F31<1,"不入池","入池")) | H31: 5-10亿元 | I31: 70 | J31: 无低于1000万元标识 | K31: 100 | L31: 100 | M31: -0.0029 | N31: 0.0207 | P31: 0.032708648 | Q31: 15.63 | R31: 18.5 | S31: 16.78 | T31: 0.4615 | U31: 0.4865 | V31: 0.50004167 | W31: 46.15 | X31: 50.004167 | Y31: 47.69 | Z31: 0.086053412 | AA31: 0.0853 | AB31: 0.086053412 | AC31: 30.31 | AD31: -0.0337 | AG31: 16.43 | AI31: 16.43 | AJ31: 0.0207 | AK31: 80 | AL31: 88 | AM31: 26.05 | AN31: 30.31 | AO31: 16.43 | AP31: 80 | AQ31: 0.88 | AR31: 36.94532 | AS31: 41.98 | AT31: 254 | AU31: =IF(I31="","管理人规模；","")&IF(J31="","产品规模标识；","")&IF(AND(F31<3,O31=""),"R_incep；","")&IF(N31="","近三年收益；","")&IF(U31="","近三年胜率；","")&IF(AND(V31<>"",OR(V31<0,V31>1)),"胜率窗口口径不一致；","")&IF(AA31="","近三年回撤；","")&IF(AD31="","短期卡玛；","")&IF(AND(P31<>"",AE31=""),"DD_long不可识别；","") | AW31: 5-10亿元 | AX31: 2026-02-10 | AY31: 浙江和熙资产管理有限公司 | AZ31: 2026-02-10 | BA31: https://gs.amac.org.cn/amac-infodisc/res/pof/manager/101000072213.html | BB31: 和熙新月1号私募证券投资基金 | BC31: 2025-03-20 | BD31: 已匹配 | BE31: https://gs.amac.org.cn/amac-infodisc/res/pof/fund/1911201726147441.html | BF31: 已核验
A32: 16 | B32: 鹿秀统计套利1号 | C32: ='sheet4-原始数据'!B17 | D32: 青岛鹿秀投资 | E32: 2019-12-02 | F32: 6.7871 | G32: =IF(F32="","",IF(F32<1,"不入池","入池")) | H32: 50-100亿元 | I32: 90 | J32: 无低于1000万元标识 | K32: 100 | L32: 100 | M32: 0.0304 | N32: 0.0355 | P32: 0.038059458 | Q32: 30.73 | R32: 24.25 | S32: 28.14 | T32: 1 | U32: 0.9189 | V32: 0.87497083 | W32: 100 | X32: 87.497083 | Y32: 95 | Z32: 0.00079323247 | AA32: 0.0009 | AB32: 0.0009 | AC32: 99.65 | AD32: 38.3242 | AE32: 0.0009 | AF32: 42.288287 | AG32: 96.15 | AH32: 100 | AI32: 97.69 | AJ32: 0.0355 | AK32: 80 | AL32: 96 | AM32: 48.2 | AN32: 99.65 | AO32: 97.69 | AP32: 80 | AQ32: 1 | AR32: 86.25875 | AS32: 86.26 | AT32: 25 | AU32: =IF(I32="","管理人规模；","")&IF(J32="","产品规模标识；","")&IF(AND(F32<3,O32=""),"R_incep；","")&IF(N32="","近三年收益；","")&IF(U32="","近三年胜率；","")&IF(AND(V32<>"",OR(V32<0,V32>1)),"胜率窗口口径不一致；","")&IF(AA32="","近三年回撤；","")&IF(AD32="","短期卡玛；","")&IF(AND(P32<>"",AE32=""),"DD_long不可识别；","") | AV32: 86.25875 | AW32: 50-100亿元 | AX32: 2025-01-10 | AY32: 青岛鹿秀投资管理有限公司 | AZ32: 2025-01-10 | BA32: https://gs.amac.org.cn/amac-infodisc/res/pof/manager/1612231708101923.html | BB32: 鹿秀统计套利1号私募证券基金 | BC32: 2026-07-14 | BD32: 已匹配 | BE32: https://gs.amac.org.cn/amac-infodisc/res/pof/fund/1912061240100295.html | BF32: 已核验
A33: 17 | B33: 唐龙量化对冲99号 | C33: ='sheet4-原始数据'!B18 | D33: 福建平潭唐龙资管 | E33: 2020-02-24 | F33: 6.5572 | G33: =IF(F33="","",IF(F33<1,"不入池","入池")) | H33: 5-10亿元 | I33: 70 | J33: 无低于1000万元标识 | K33: 100 | L33: 100 | M33: 0.0177 | N33: 0.0434 | P33: 0.056492361 | Q33: 23.26 | R33: 45 | S33: 31.96 | T33: 0.6154 | U33: 0.6757 | V33: 0.7083625 | W33: 61.54 | X33: 70.83625 | Y33: 65.26 | Z33: 0.0033091535 | AA33: 0.1407 | AB33: 0.1407 | AC33: 16.38 | AD33: 5.3488 | AE33: 0.1407 | AF33: 0.40150932 | AG33: 67.13 | AH33: 16.91 | AI33: 47.04 | AJ33: 0.0434 | AK33: 80 | AL33: 88 | AM33: 41.95 | AN33: 16.38 | AO33: 47.04 | AP33: 80 | AQ33: 1 | AR33: 47.79695 | AS33: 47.8 | AT33: 232 | AU33: =IF(I33="","管理人规模；","")&IF(J33="","产品规模标识；","")&IF(AND(F33<3,O33=""),"R_incep；","")&IF(N33="","近三年收益；","")&IF(U33="","近三年胜率；","")&IF(AND(V33<>"",OR(V33<0,V33>1)),"胜率窗口口径不一致；","")&IF(AA33="","近三年回撤；","")&IF(AD33="","短期卡玛；","")&IF(AND(P33<>"",AE33=""),"DD_long不可识别；","") | AV33: 47.79695 | AW33: 5-10亿元 | AX33: 2026-03-31 | AY33: 福建平潭唐龙资产管理有限公司 | AZ33: 2026-03-31 | BA33: https://gs.amac.org.cn/amac-infodisc/res/pof/manager/1708091719102142.html | BB33: 唐龙量化对冲99号私募证券投资基金 | BC33: 2023-11-29 | BD33: 已匹配 | BE33: https://gs.amac.org.cn/amac-infodisc/res/pof/fund/2002251051107073.html | BF33: 已核验
A34: 18 | B34: 凡德量化八号 | C34: ='sheet4-原始数据'!B19 | D34: 广东凡德投资 | E34: 2020-03-02 | F34: 6.538 | G34: =IF(F34="","",IF(F34<1,"不入池","入池")) | H34: 5-10亿元 | I34: 70 | J34: 无低于1000万元标识 | K34: 100 | L34: 100 | M34: -0.0136 | N34: 0.0421 | P34: 0.071118603 | Q34: 13.72 | R34: 57.5 | S34: 31.23 | T34: 0.5385 | U34: 0.5676 | V34: 0.5833625 | W34: 53.85 | X34: 58.33625 | Y34: 55.64 | Z34: 0.122633 | AA34: 0.1226 | AB34: 0.122633 | AC34: 20.21 | AD34: -0.1109 | AG34: 14.34 | AI34: 14.34 | AJ34: 0.0421 | AK34: 80 | AL34: 88 | AM34: 38.56 | AN34: 20.21 | AO34: 14.34 | AP34: 80 | AQ34: 0.88 | AR34: 36.54485 | AS34: 41.53 | AT34: 257 | AU34: =IF(I34="","管理人规模；","")&IF(J34="","产品规模标识；","")&IF(AND(F34<3,O34=""),"R_incep；","")&IF(N34="","近三年收益；","")&IF(U34="","近三年胜率；","")&IF(AND(V34<>"",OR(V34<0,V34>1)),"胜率窗口口径不一致；","")&IF(AA34="","近三年回撤；","")&IF(AD34="","短期卡玛；","")&IF(AND(P34<>"",AE34=""),"DD_long不可识别；","") | AW34: 5-10亿元 | AX34: 2026-04-15 | AY34: 广东凡德投资有限公司 | AZ34: 2026-04-15 | BA34: https://gs.amac.org.cn/amac-infodisc/res/pof/manager/101000000695.html | BB34: 凡德量化八号私募证券投资基金 | BC34: 2025-03-27 | BD34: 已匹配 | BE34: https://gs.amac.org.cn/amac-infodisc/res/pof/fund/2003030835104240.html | BF34: 已核验
A35: 19 | B35: 百奕传家一号 | C35: ='sheet4-原始数据'!B20 | D35: 上海百奕投资 | E35: 2020-03-23 | F35: 6.4805 | G35: =IF(F35="","",IF(F35<1,"不入池","入池")) | H35: 0-5亿元 | I35: 60 | J35: 无低于1000万元标识 | K35: 100 | L35: 100 | M35: 0.1386 | N35: 0.0598 | P35: 0.022469314 | Q35: 86.11 | R35: 11.5 | S35: 56.27 | T35: 0.5385 | U35: 0.6216 | V35: 0.6666125 | W35: 53.85 | X35: 66.66125 | Y35: 58.97 | Z35: 0.040054331 | AA35: 0.1117 | AB35: 0.1117 | AC35: 24.74 | AD35: 3.4603 | AE35: 0.1117 | AF35: 0.20115769 | AG35: 59.09 | AH35: 11.03 | AI35: 39.87 | AJ35: 0.0598 | AK35: 100 | AL35: 84 | AM35: 57.08 | AN35: 24.74 | AO35: 39.87 | AP35: 100 | AQ35: 1 | AR35: 52.16051 | AS35: 52.16 | AT35: 211 | AU35: =IF(I35="","管理人规模；","")&IF(J35="","产品规模标识；","")&IF(AND(F35<3,O35=""),"R_incep；","")&IF(N35="","近三年收益；","")&IF(U35="","近三年胜率；","")&IF(AND(V35<>"",OR(V35<0,V35>1)),"胜率窗口口径不一致；","")&IF(AA35="","近三年回撤；","")&IF(AD35="","短期卡玛；","")&IF(AND(P35<>"",AE35=""),"DD_long不可识别；","") | AV35: 52.16051 | AW35: 0-5亿元 | AX35: 2026-07-24 | AY35: 上海百奕投资管理中心（有限合伙） | AZ35: 2026-07-24 | BA35: https://gs.amac.org.cn/amac-infodisc/res/pof/manager/101000019935.html | BB35: 百奕传家一号私募证券投资基金 | BC35: 2025-04-24 | BD35: 已匹配 | BE35: https://gs.amac.org.cn/amac-infodisc/res/pof/fund/2003301654103531.html | BF35: 已核验
A36: 20 | B36: 蒙森斯道特恒星三号 | C36: ='sheet4-原始数据'!B21 | D36: 上海蒙森投资 | E36: 2020-04-03 | F36: 6.4504 | G36: =IF(F36="","",IF(F36<1,"不入池","入池")) | H36: 0-5亿元 | I36: 60 | J36: 无低于1000万元标识 | K36: 100 | L36: 100 | M36: 0.0715 | N36: 0.0706 | P36: 0.070150284 | Q36: 59.72 | R36: 57 | S36: 58.63 | T36: 0.3077 | U36: 0.4865 | V36: 0.58335 | W36: 30.77 | X36: 58.335 | Y36: 41.8 | Z36: 0.033411215 | AA36: 0.0797 | AB36: 0.0797 | AC36: 33.1 | AD36: 2.14 | AE36: 0.0797 | AF36: 0.88017922 | AG36: 49.65 | AH36: 37.5 | AI36: 44.79 | AJ36: 0.0706 | AK36: 100 | AL36: 84 | AM36: 53.58 | AN36: 33.1 | AO36: 44.79 | AP36: 100 | AQ36: 1 | AR36: 55.02824 | AS36: 55.03 | AT36: 194 | AU36: =IF(I36="","管理人规模；","")&IF(J36="","产品规模标识；","")&IF(AND(F36<3,O36=""),"R_incep；","")&IF(N36="","近三年收益；","")&IF(U36="","近三年胜率；","")&IF(AND(V36<>"",OR(V36<0,V36>1)),"胜率窗口口径不一致；","")&IF(AA36="","近三年回撤；","")&IF(AD36="","短期卡玛；","")&IF(AND(P36<>"",AE36=""),"DD_long不可识别；","") | AV36: 55.02824 | AW36: 0-5亿元 | AX36: 2026-03-30 | AY36: 蒙森（上海）投资管理有限公司 | AZ36: 2026-03-30 | BA36: https://gs.amac.org.cn/amac-infodisc/res/pof/manager/101000010726.html | BB36: 蒙森斯道特恒星三号私募证券投资基金 | BC36: 2025-05-07 | BD36: 已匹配 | BE36: https://gs.amac.org.cn/amac-infodisc/res/pof/fund/2004141727126733.html | BF36: 已核验
A37: 21 | B37: 银瓴运通对冲套利致远3号 | C37: ='sheet4-原始数据'!B22 | D37: 广西银瓴资产 | E37: 2020-06-16 | F37: 6.2478 | G37: =IF(F37="","",IF(F37<1,"不入池","入池")) | H37: 0-5亿元 | I37: 60 | J37: 低于1000万元 | K37: 0 | L37: 100 | M37: -0.0415 | N37: 0.0004 | P37: 0.022031934 | Q37: 9.03 | R37: 11 | S37: 9.82 | T37: 0.6154 | U37: 0.5405 | V37: 0.49992917 | W37: 61.54 | X37: 49.992917 | Y37: 56.92 | Z37: 0.10295212 | AA37: 0.113 | AB37: 0.113 | AC37: 24.39 | AD37: -0.4031 | AE37: 0.113 | AF37: 0.19497287 | AG37: 7.34 | AH37: 10.29 | AI37: 8.52 | AJ37: 0.0004 | AK37: 80 | AL37: 54 | AM37: 23.95 | AN37: 24.39 | AO37: 8.52 | AP37: 80 | AQ37: 1 | AR37: 29.54329 | AS37: 29.54 | AT37: 296 | AU37: =IF(I37="","管理人规模；","")&IF(J37="","产品规模标识；","")&IF(AND(F37<3,O37=""),"R_incep；","")&IF(N37="","近三年收益；","")&IF(U37="","近三年胜率；","")&IF(AND(V37<>"",OR(V37<0,V37>1)),"胜率窗口口径不一致；","")&IF(AA37="","近三年回撤；","")&IF(AD37="","短期卡玛；","")&IF(AND(P37<>"",AE37=""),"DD_long不可识别；","") | AV37: 29.54329 | AW37: 0-5亿元 | AX37: 2026-07-09 | AY37: 广西银瓴资产管理有限公司 | AZ37: 2026-07-09 | BA37: https://gs.amac.org.cn/amac-infodisc/res/pof/manager/101000035485.html | BB37: 银瓴运通对冲套利致远3号私募证券投资基金 | BC37: 2024-12-04 | BD37: 已匹配 | BE37: https://gs.amac.org.cn/amac-infodisc/res/pof/fund/2006181800104261.html | BF37: 已核验
A38: 22 | B38: 银瓴运通对冲套利进取2号 | C38: ='sheet4-原始数据'!B23 | D38: 广西银瓴资产 | E38: 2020-06-16 | F38: 6.2478 | G38: =IF(F38="","",IF(F38<1,"不入池","入池")) | H38: 0-5亿元 | I38: 60 | J38: 无低于1000万元标识 | K38: 100 | L38: 100 | M38: -0.015 | N38: -0.0118 | P38: -0.010196104 | Q38: 13.19 | R38: 4 | S38: 9.51 | T38: 0.3846 | U38: 0.4324 | V38: 0.45829167 | W38: 38.46 | X38: 45.829167 | Y38: 41.41 | Z38: 0.076142132 | AA38: 0.1738 | AB38: 0.1738 | AC38: 13.59 | AD38: -0.197 | AE38: 0.1738 | AF38: -0.058665729 | AG38: 11.19 | AH38: 5.88 | AI38: 9.07 | AJ38: -0.0118 | AK38: 80 | AL38: 84 | AM38: 19.08 | AN38: 13.59 | AO38: 9.07 | AP38: 80 | AQ38: 1 | AR38: 30.53372 | AS38: 30.53 | AT38: 294 | AU38: =IF(I38="","管理人规模；","")&IF(J38="","产品规模标识；","")&IF(AND(F38<3,O38=""),"R_incep；","")&IF(N38="","近三年收益；","")&IF(U38="","近三年胜率；","")&IF(AND(V38<>"",OR(V38<0,V38>1)),"胜率窗口口径不一致；","")&IF(AA38="","近三年回撤；","")&IF(AD38="","短期卡玛；","")&IF(AND(P38<>"",AE38=""),"DD_long不可识别；","") | AV38: 30.53372 | AW38: 0-5亿元 | AX38: 2026-07-09 | AY38: 广西银瓴资产管理有限公司 | AZ38: 2026-07-09 | BA38: https://gs.amac.org.cn/amac-infodisc/res/pof/manager/101000035485.html | BB38: 银瓴运通对冲套利进取2号私募证券投资基金 | BC38: 2024-12-04 | BD38: 已匹配 | BE38: https://gs.amac.org.cn/amac-infodisc/res/pof/fund/2006192211107635.html | BF38: 已核验
A39: 23 | B39: 铭杉量化稳健5号 | C39: ='sheet4-原始数据'!B24 | D39: 上海铭杉投资 | E39: 2020-09-14 | F39: 6.0014 | G39: =IF(F39="","",IF(F39<1,"不入池","入池")) | H39: 0-5亿元 | I39: 60 | J39: 低于1000万元 | K39: 0 | L39: 100 | M39: 0.0563 | N39: 0.0578 | P39: 0.058550799 | Q39: 48.09 | R39: 48 | S39: 48.05 | T39: 0.7692 | U39: 0.8649 | V39: 0.9167375 | W39: 76.92 | X39: 91.67375 | Y39: 82.82 | Z39: 0.02510367 | AA39: 0.0251 | AB39: 0.02510367 | AC39: 66.55 | AD39: 2.2427 | AG39: 50 | AI39: 50 | AJ39: 0.0578 | AK39: 80 | AL39: 54 | AM39: 58.48 | AN39: 66.55 | AO39: 50 | AP39: 80 | AQ39: 0.88 | AR39: 53.43435 | AS39: 60.72 | AT39: 162 | AU39: =IF(I39="","管理人规模；","")&IF(J39="","产品规模标识；","")&IF(AND(F39<3,O39=""),"R_incep；","")&IF(N39="","近三年收益；","")&IF(U39="","近三年胜率；","")&IF(AND(V39<>"",OR(V39<0,V39>1)),"胜率窗口口径不一致；","")&IF(AA39="","近三年回撤；","")&IF(AD39="","短期卡玛；","")&IF(AND(P39<>"",AE39=""),"DD_long不可识别；","") | AW39: 0-5亿元 | AX39: 2025-05-20 | AY39: 上海铭杉投资管理有限公司 | AZ39: 2025-05-20 | BA39: https://gs.amac.org.cn/amac-infodisc/res/pof/manager/1708301158107602.html | BB39: 铭杉量化稳健5号私募证券投资基金 | BC39: 2026-07-08 | BD39: 已匹配 | BE39: https://gs.amac.org.cn/amac-infodisc/res/pof/fund/2009171717131963.html | BF39: 已核验
A40: 24 | B40: 数为道策套利一号 | C40: ='sheet4-原始数据'!B25 | D40: 福州数为 | E40: 2020-10-19 | F40: 5.9055 | G40: =IF(F40="","",IF(F40<1,"不入池","入池")) | H40: 0-5亿元 | I40: 60 | J40: 低于1000万元 | K40: 0 | L40: 100 | M40: -0.3489 | N40: -0.1122 | P40: 0.03668989 | Q40: 0.35 | R40: 22 | S40: 9.01 | T40: 0.2308 | U40: 0.4054 | V40: 0.499975 | W40: 23.08 | X40: 49.9975 | Y40: 33.85 | Z40: 0.37018568 | AA40: 0.3702 | AB40: 0.3702 | AC40: 1.05 | AD40: -0.9425 | AG40: 0.7 | AI40: 0.7 | AJ40: -0.1122 | AK40: 60 | AL40: 54 | AM40: 16.46 | AN40: 1.05 | AO40: 0.7 | AP40: 60 | AQ40: 0.88 | AR40: 17.78072 | AS40: 20.21 | AT40: 314 | AU40: =IF(I40="","管理人规模；","")&IF(J40="","产品规模标识；","")&IF(AND(F40<3,O40=""),"R_incep；","")&IF(N40="","近三年收益；","")&IF(U40="","近三年胜率；","")&IF(AND(V40<>"",OR(V40<0,V40>1)),"胜率窗口口径不一致；","")&IF(AA40="","近三年回撤；","")&IF(AD40="","短期卡玛；","")&IF(AND(P40<>"",AE40=""),"DD_long不可识别；","") | AW40: 0-5亿元 | AX40: 2025-07-31 | AY40: 福州数为私募基金管理有限公司 | AZ40: 2025-07-31 | BA40: https://gs.amac.org.cn/amac-infodisc/res/pof/manager/1705081548107725.html | BB40: 数为道策套利一号私募证券投资基金 | BC40: 2025-07-07 | BD40: 已匹配 | BE40: https://gs.amac.org.cn/amac-infodisc/res/pof/fund/2010271707103406.html | BF40: 已核验
A41: 25 | B41: 犇牛稳进3号 | C41: ='sheet4-原始数据'!B26 | D41: 上海犇牛 | E41: 2020-11-09 | F41: 5.848 | G41: =IF(F41="","",IF(F41<1,"不入池","入池")) | H41: 10-20亿元 | I41: 80 | J41: 无低于1000万元标识 | K41: 100 | L41: 100 | M41: 0.0374 | N41: 0.0455 | P41: 0.049573686 | Q41: 34.03 | R41: 37 | S41: 35.22 | T41: 0.7692 | U41: 0.5946 | V41: 0.500025 | W41: 76.92 | X41: 50.0025 | Y41: 66.15 | Z41: 0.0084277892 | AA41: 0.0265 | AB41: 0.0265 | AC41: 63.41 | AD41: 4.4377 | AE41: 0.0265 | AF41: 1.8707051 | AG41: 64.34 | AH41: 63.97 | AI41: 64.19 | AJ41: 0.0455 | AK41: 80 | AL41: 92 | AM41: 44.5 | AN41: 63.41 | AO41: 64.19 | AP41: 80 | AQ41: 1 | AR41: 65.8098 | AS41: 65.81 | AT41: 142 | AU41: =IF(I41="","管理人规模；","")&IF(J41="","产品规模标识；","")&IF(AND(F41<3,O41=""),"R_incep；","")&IF(N41="","近三年收益；","")&IF(U41="","近三年胜率；","")&IF(AND(V41<>"",OR(V41<0,V41>1)),"胜率窗口口径不一致；","")&IF(AA41="","近三年回撤；","")&IF(AD41="","短期卡玛；","")&IF(AND(P41<>"",AE41=""),"DD_long不可识别；","") | AV41: 65.8098 | AW41: 10-20亿元 | AX41: 2026-07-08 | AY41: 上海犇牛私募基金管理有限公司 | AZ41: 2026-07-08 | BA41: https://gs.amac.org.cn/amac-infodisc/res/pof/manager/101000013203.html | BB41: 犇牛稳进3号私募证券投资基金 | BC41: 2025-05-12 | BD41: 已匹配 | BE41: https://gs.amac.org.cn/amac-infodisc/res/pof/fund/2011121710129780.html | BF41: 已核验
A42: 26 | B42: 致同云峰A | C42: ='sheet4-原始数据'!B27 | D42: 上海致同投资 | E42: 2020-11-10 | F42: 5.8453 | G42: =IF(F42="","",IF(F42<1,"不入池","入池")) | H42: 20-50亿元 | I42: 90 | J42: 无低于1000万元标识 | K42: 100 | L42: 100 | M42: 0.0408 | N42: 0.0422 | P42: 0.042900706 | Q42: 40.63 | R42: 31 | S42: 36.78 | T42: 0.6923 | U42: 0.7297 | V42: 0.74995833 | W42: 69.23 | X42: 74.995833 | Y42: 71.54 | Z42: 0.014522674 | AA42: 0.0145 | AB42: 0.014522674 | AC42: 79.09 | AD42: 2.8094 | AG42: 53.5 | AI42: 53.5 | AJ42: 0.0422 | AK42: 80 | AL42: 96 | AM42: 47.21 | AN42: 79.09 | AO42: 53.5 | AP42: 80 | AQ42: 0.88 | AR42: 61.2436 | AS42: 69.6 | AT42: 123 | AU42: =IF(I42="","管理人规模；","")&IF(J42="","产品规模标识；","")&IF(AND(F42<3,O42=""),"R_incep；","")&IF(N42="","近三年收益；","")&IF(U42="","近三年胜率；","")&IF(AND(V42<>"",OR(V42<0,V42>1)),"胜率窗口口径不一致；","")&IF(AA42="","近三年回撤；","")&IF(AD42="","短期卡玛；","")&IF(AND(P42<>"",AE42=""),"DD_long不可识别；","") | AW42: 20-50亿元 | AX42: 2026-03-16 | AY42: 上海致同投资管理有限公司 | AZ42: 2026-03-16 | BA42: https://gs.amac.org.cn/amac-infodisc/res/pof/manager/101000004339.html | BB42: 致同云峰A私募证券投资基金 | BC42: 2025-05-27 | BD42: 已匹配 | BE42: https://gs.amac.org.cn/amac-infodisc/res/pof/fund/2011161541105858.html | BF42: 已核验
A43: 27 | B43: 橡杉量化套利十号 | C43: ='sheet4-原始数据'!B28 | D43: 上海橡杉资管 | E43: 2020-11-24 | F43: 5.807 | G43: =IF(F43="","",IF(F43<1,"不入池","入池")) | H43: 5-10亿元 | I43: 70 | J43: 无低于1000万元标识 | K43: 100 | L43: 100 | M43: 0.0465 | N43: 0.029 | P43: 0.020360049 | Q43: 43.4 | R43: 9.5 | S43: 29.84 | T43: 0.6154 | U43: 0.5946 | V43: 0.58333333 | W43: 61.54 | X43: 58.333333 | Y43: 60.26 | Z43: 0.0087540947 | AA43: 0.0088 | AB43: 0.0088 | AC43: 86.76 | AD43: 5.3118 | AG43: 66.78 | AI43: 66.78 | AJ43: 0.029 | AK43: 100 | AL43: 88 | AM43: 38.97 | AN43: 86.76 | AO43: 66.78 | AP43: 100 | AQ43: 0.88 | AR43: 64.70344 | AS43: 73.53 | AT43: 96 | AU43: =IF(I43="","管理人规模；","")&IF(J43="","产品规模标识；","")&IF(AND(F43<3,O43=""),"R_incep；","")&IF(N43="","近三年收益；","")&IF(U43="","近三年胜率；","")&IF(AND(V43<>"",OR(V43<0,V43>1)),"胜率窗口口径不一致；","")&IF(AA43="","近三年回撤；","")&IF(AD43="","短期卡玛；","")&IF(AND(P43<>"",AE43=""),"DD_long不可识别；","") | AW43: 5-10亿元 | AX43: 2026-02-12 | AY43: 上海橡杉资产管理有限公司 | AZ43: 2026-02-12 | BA43: https://gs.amac.org.cn/amac-infodisc/res/pof/manager/1609080127100430.html | BB43: 橡杉量化套利十号私募证券投资基金 | BC43: 2026-07-29 | BD43: 已匹配 | BE43: https://gs.amac.org.cn/amac-infodisc/res/pof/fund/2012021816130867.html | BF43: 已核验
A44: 28 | B44: 裕锦量化专享1号 | C44: ='sheet4-原始数据'!B29 | D44: 深圳裕锦 | E44: 2020-12-01 | F44: 5.7878 | G44: =IF(F44="","",IF(F44<1,"不入池","入池")) | H44: 10-20亿元 | I44: 80 | J44: 无低于1000万元标识 | K44: 100 | L44: 100 | M44: 0.1756 | N44: 0.172 | P44: 0.17020414 | Q44: 89.58 | R44: 91 | S44: 90.15 | T44: 0.7692 | U44: 0.8378 | V44: 0.87495833 | W44: 76.92 | X44: 87.495833 | Y44: 81.15 | Z44: 0.0046469041 | AA44: 0.0105 | AB44: 0.0105 | AC44: 85.71 | AD44: 37.7886 | AE44: 0.0105 | AF44: 16.209918 | AG44: 95.8 | AH44: 95.59 | AI44: 95.72 | AJ44: 0.172 | AK44: 100 | AL44: 92 | AM44: 87.45 | AN44: 85.71 | AO44: 95.72 | AP44: 100 | AQ44: 1 | AR44: 91.43204 | AS44: 91.43 | AT44: 8 | AU44: =IF(I44="","管理人规模；","")&IF(J44="","产品规模标识；","")&IF(AND(F44<3,O44=""),"R_incep；","")&IF(N44="","近三年收益；","")&IF(U44="","近三年胜率；","")&IF(AND(V44<>"",OR(V44<0,V44>1)),"胜率窗口口径不一致；","")&IF(AA44="","近三年回撤；","")&IF(AD44="","短期卡玛；","")&IF(AND(P44<>"",AE44=""),"DD_long不可识别；","") | AV44: 91.43204 | AW44: 10-20亿元 | AX44: 2023-05-26 | AY44: 深圳裕锦私募证券基金管理有限公司 | AZ44: 2023-05-26 | BA44: https://gs.amac.org.cn/amac-infodisc/res/pof/manager/2003241828108999.html | BB44: 裕锦量化专享1号私募证券投资基金 | BC44: 2026-07-20 | BD44: 已匹配 | BE44: https://gs.amac.org.cn/amac-infodisc/res/pof/fund/2012041657102605.html | BF44: 已核验
A45: 29 | B45: 杭州探融-锦鲤智能量化3号 | C45: ='sheet4-原始数据'!B30 | D45: 杭州探融投资 | E45: 2021-04-19 | F45: 5.4073 | G45: =IF(F45="","",IF(F45<1,"不入池","入池")) | H45: 0-5亿元 | I45: 60 | J45: 无低于1000万元标识 | K45: 100 | L45: 100 | M45: 0.0019 | N45: 0.0371 | P45: 0.055161078 | Q45: 17.36 | R45: 43.5 | S45: 27.82 | T45: 0.4615 | U45: 0.5946 | V45: 0.66669583 | W45: 46.15 | X45: 66.669583 | Y45: 54.36 | Z45: 0.023929471 | AA45: 0.0244 | AB45: 0.0244 | AC45: 68.82 | AD45: 0.0794 | AE45: 0.0244 | AF45: 2.2606999 | AG45: 17.83 | AH45: 69.12 | AI45: 38.35 | AJ45: 0.0371 | AK45: 80 | AL45: 84 | AM45: 35.78 | AN45: 68.82 | AO45: 38.35 | AP45: 80 | AQ45: 1 | AR45: 56.46451 | AS45: 56.46 | AT45: 189 | AU45: =IF(I45="","管理人规模；","")&IF(J45="","产品规模标识；","")&IF(AND(F45<3,O45=""),"R_incep；","")&IF(N45="","近三年收益；","")&IF(U45="","近三年胜率；","")&IF(AND(V45<>"",OR(V45<0,V45>1)),"胜率窗口口径不一致；","")&IF(AA45="","近三年回撤；","")&IF(AD45="","短期卡玛；","")&IF(AND(P45<>"",AE45=""),"DD_long不可识别；","") | AV45: 56.46451 | AW45: 0-5亿元 | AX45: 2025-05-22 | AY45: 杭州探融投资管理有限公司 | AZ45: 2025-05-22 | BA45: https://gs.amac.org.cn/amac-infodisc/res/pof/manager/101000049159.html | BB45: 杭州探融-锦鲤智能量化3号私募证券投资基金 | BC45: 2026-05-12 | BD45: 已匹配 | BE45: https://gs.amac.org.cn/amac-infodisc/res/pof/fund/2104231724118753.html | BF45: 已核验
A46: 30 | B46: 平凡笃行君享 | C46: ='sheet4-原始数据'!B31 | D46: 北京平凡 | E46: 2021-04-29 | F46: 5.3799 | G46: =IF(F46="","",IF(F46<1,"不入池","入池")) | H46: 50-100亿元 | I46: 90 | J46: 无低于1000万元标识 | K46: 100 | L46: 100 | M46: 0.0702 | N46: 0.0288 | P46: 0.0087045041 | Q46: 58.33 | R46: 6 | S46: 37.4 | T46: 0.6923 | U46: 0.5676 | V46: 0.50005417 | W46: 69.23 | X46: 50.005417 | Y46: 61.54 | Z46: 0.079582814 | AA46: 0.0796 | AB46: 0.0796 | AC46: 33.45 | AD46: 0.8821 | AG46: 32.52 | AI46: 32.52 | AJ46: 0.0288 | AK46: 100 | AL46: 96 | AM46: 44.64 | AN46: 33.45 | AO46: 32.52 | AP46: 100 | AQ46: 0.88 | AR46: 47.54423 | AS46: 54.03 | AT46: 201 | AU46: =IF(I46="","管理人规模；","")&IF(J46="","产品规模标识；","")&IF(AND(F46<3,O46=""),"R_incep；","")&IF(N46="","近三年收益；","")&IF(U46="","近三年胜率；","")&IF(AND(V46<>"",OR(V46<0,V46>1)),"胜率窗口口径不一致；","")&IF(AA46="","近三年回撤；","")&IF(AD46="","短期卡玛；","")&IF(AND(P46<>"",AE46=""),"DD_long不可识别；","") | AW46: 50-100亿元 | AX46: 2026-08-05 | AY46: 北京平凡私募基金管理有限公司 | AZ46: 2026-08-05 | BA46: https://gs.amac.org.cn/amac-infodisc/res/pof/manager/101000030286.html | BB46: 平凡笃行君享私募证券投资基金 | BC46: 2023-08-01 | BD46: 已匹配 | BE46: https://gs.amac.org.cn/amac-infodisc/res/pof/fund/2105121734101958.html | BF46: 已核验
A47: 31 | B47: 银瓴运通稳健1号五期 | C47: ='sheet4-原始数据'!B32 | D47: 广西银瓴资产 | E47: 2021-05-13 | F47: 5.3415 | G47: =IF(F47="","",IF(F47<1,"不入池","入池")) | H47: 0-5亿元 | I47: 60 | J47: 低于1000万元 | K47: 0 | L47: 100 | M47: 0.0185 | N47: 0.0181 | P47: 0.017900059 | Q47: 23.96 | R47: 8 | S47: 17.58 | T47: 0.6154 | U47: 0.5676 | V47: 0.54170833 | W47: 61.54 | X47: 54.170833 | Y47: 58.59 | Z47: 0.069184742 | AA47: 0.069 | AB47: 0.069184742 | AC47: 35.19 | AD47: 0.2674 | AG47: 20.28 | AI47: 20.28 | AJ47: 0.0181 | AK47: 100 | AL47: 54 | AM47: 29.88 | AN47: 35.19 | AO47: 20.28 | AP47: 100 | AQ47: 0.88 | AR47: 36.52408 | AS47: 41.5 | AT47: 258 | AU47: =IF(I47="","管理人规模；","")&IF(J47="","产品规模标识；","")&IF(AND(F47<3,O47=""),"R_incep；","")&IF(N47="","近三年收益；","")&IF(U47="","近三年胜率；","")&IF(AND(V47<>"",OR(V47<0,V47>1)),"胜率窗口口径不一致；","")&IF(AA47="","近三年回撤；","")&IF(AD47="","短期卡玛；","")&IF(AND(P47<>"",AE47=""),"DD_long不可识别；","") | AW47: 0-5亿元 | AX47: 2026-07-09 | AY47: 广西银瓴资产管理有限公司 | AZ47: 2026-07-09 | BA47: https://gs.amac.org.cn/amac-infodisc/res/pof/manager/101000035485.html | BB47: 银瓴运通稳健1号私募证券投资基金五期 | BC47: 2025-07-30 | BD47: 已匹配 | BE47: https://gs.amac.org.cn/amac-infodisc/res/pof/fund/2105191744101833.html | BF47: 已核验
A48: 32 | B48: 荣熙商品1号 | C48: ='sheet4-原始数据'!B33 | D48: 上海荣熙 | E48: 2021-06-10 | F48: 5.2649 | G48: =IF(F48="","",IF(F48<1,"不入池","入池")) | H48: 5-10亿元 | I48: 70 | J48: 无低于1000万元标识 | K48: 100 | L48: 100 | M48: 0.0144 | N48: 0.0688 | P48: 0.09708442 | Q48: 22.22 | R48: 71 | S48: 41.73 | T48: 0.4615 | U48: 0.5405 | V48: 0.58329167 | W48: 46.15 | X48: 58.329167 | Y48: 51.02 | Z48: 0.053116931 | AA48: 0.0586 | AB48: 0.0586 | AC48: 39.72 | AD48: 0.2711 | AE48: 0.0586 | AF48: 1.6567307 | AG48: 20.63 | AH48: 59.56 | AI48: 36.2 | AJ48: 0.0688 | AK48: 80 | AL48: 88 | AM48: 44.52 | AN48: 39.72 | AO48: 36.2 | AP48: 80 | AQ48: 1 | AR48: 50.89438 | AS48: 50.89 | AT48: 219 | AU48: =IF(I48="","管理人规模；","")&IF(J48="","产品规模标识；","")&IF(AND(F48<3,O48=""),"R_incep；","")&IF(N48="","近三年收益；","")&IF(U48="","近三年胜率；","")&IF(AND(V48<>"",OR(V48<0,V48>1)),"胜率窗口口径不一致；","")&IF(AA48="","近三年回撤；","")&IF(AD48="","短期卡玛；","")&IF(AND(P48<>"",AE48=""),"DD_long不可识别；","") | AV48: 50.89438 | AW48: 5-10亿元 | AX48: 2026-07-22 | AY48: 上海荣熙私募基金管理有限公司 | AZ48: 2026-07-22 | BA48: https://gs.amac.org.cn/amac-infodisc/res/pof/manager/101000027208.html | BB48: 荣熙商品1号私募证券投资基金 | BC48: 2022-01-12 | BD48: 已匹配 | BE48: https://gs.amac.org.cn/amac-infodisc/res/pof/fund/2106221011108981.html | BF48: 已核验
A49: 33 | B49: 银瓴多德价值投资1号 | C49: ='sheet4-原始数据'!B34 | D49: 广西银瓴资产 | E49: 2021-07-05 | F49: 5.1964 | G49: =IF(F49="","",IF(F49<1,"不入池","入池")) | H49: 0-5亿元 | I49: 60 | J49: 低于1000万元 | K49: 0 | L49: 100 | M49: -0.0258 | N49: -0.0271 | P49: -0.027749349 | Q49: 10.76 | R49: 1.5 | S49: 7.06 | T49: 0.4615 | U49: 0.4595 | V49: 0.45841667 | W49: 46.15 | X49: 45.841667 | Y49: 46.03 | Z49: 0.16195857 | AA49: 0.2391 | AB49: 0.2391 | AC49: 8.01 | AD49: -0.1593 | AE49: 0.2391 | AF49: -0.1160575 | AG49: 13.29 | AH49: 2.21 | AI49: 8.86 | AJ49: -0.0271 | AK49: 100 | AL49: 54 | AM49: 18.75 | AN49: 8.01 | AO49: 8.86 | AP49: 100 | AQ49: 1 | AR49: 26.50934 | AS49: 26.51 | AT49: 306 | AU49: =IF(I49="","管理人规模；","")&IF(J49="","产品规模标识；","")&IF(AND(F49<3,O49=""),"R_incep；","")&IF(N49="","近三年收益；","")&IF(U49="","近三年胜率；","")&IF(AND(V49<>"",OR(V49<0,V49>1)),"胜率窗口口径不一致；","")&IF(AA49="","近三年回撤；","")&IF(AD49="","短期卡玛；","")&IF(AND(P49<>"",AE49=""),"DD_long不可识别；","") | AV49: 26.50934 | AW49: 0-5亿元 | AX49: 2026-07-09 | AY49: 广西银瓴资产管理有限公司 | AZ49: 2026-07-09 | BA49: https://gs.amac.org.cn/amac-infodisc/res/pof/manager/101000035485.html | BB49: 银瓴多德价值投资1号私募证券投资基金 | BC49: 2025-12-15 | BD49: 已匹配 | BE49: https://gs.amac.org.cn/amac-infodisc/res/pof/fund/2107081734103311.html | BF49: 已核验
A50: 34 | B50: 银瓴运通对冲套利宝城6号 | C50: ='sheet4-原始数据'!B35 | D50: 广西银瓴资产 | E50: 2021-07-15 | F50: 5.1691 | G50: =IF(F50="","",IF(F50<1,"不入池","入池")) | H50: 0-5亿元 | I50: 60 | J50: 低于1000万元 | K50: 0 | L50: 100 | M50: -0.0915 | N50: -0.0412 | P50: -0.015015101 | Q50: 4.51 | R50: 3 | S50: 3.91 | T50: 0.4615 | U50: 0.4595 | V50: 0.45841667 | W50: 46.15 | X50: 45.841667 | Y50: 46.03 | Z50: 0.15988118 | AA50: 0.1989 | AB50: 0.1989 | AC50: 10.1 | AD50: -0.5723 | AE50: 0.1989 | AF50: -0.075490705 | AG50: 5.77 | AH50: 3.68 | AI50: 4.93 | AJ50: -0.0412 | AK50: 80 | AL50: 54 | AM50: 16.54 | AN50: 10.1 | AO50: 4.93 | AP50: 80 | AQ50: 1 | AR50: 23.41364 | AS50: 23.41 | AT50: 310 | AU50: =IF(I50="","管理人规模；","")&IF(J50="","产品规模标识；","")&IF(AND(F50<3,O50=""),"R_incep；","")&IF(N50="","近三年收益；","")&IF(U50="","近三年胜率；","")&IF(AND(V50<>"",OR(V50<0,V50>1)),"胜率窗口口径不一致；","")&IF(AA50="","近三年回撤；","")&IF(AD50="","短期卡玛；","")&IF(AND(P50<>"",AE50=""),"DD_long不可识别；","") | AV50: 23.41364 | AW50: 0-5亿元 | AX50: 2026-07-09 | AY50: 广西银瓴资产管理有限公司 | AZ50: 2026-07-09 | BA50: https://gs.amac.org.cn/amac-infodisc/res/pof/manager/101000035485.html | BB50: 银瓴运通对冲套利宝城6号私募证券投资基金 | BC50: 2026-03-25 | BD50: 已匹配 | BE50: https://gs.amac.org.cn/amac-infodisc/res/pof/fund/2107201405108222.html | BF50: 已核验
A51: 35 | B51: 银瓴运通对冲套利进取2号二期 | C51: ='sheet4-原始数据'!B36 | D51: 广西银瓴资产 | E51: 2021-07-15 | F51: 5.1691 | G51: =IF(F51="","",IF(F51<1,"不入池","入池")) | H51: 0-5亿元 | I51: 60 | J51: 低于1000万元 | K51: 0 | L51: 100 | M51: 0.0309 | N51: 0.048 | P51: 0.056656075 | Q51: 31.6 | R51: 45.5 | S51: 37.16 | T51: 0.5385 | U51: 0.6216 | V51: 0.6666125 | W51: 53.85 | X51: 66.66125 | Y51: 58.97 | Z51: 0.059791022 | AA51: 0.0788 | AB51: 0.0788 | AC51: 34.15 | AD51: 0.5168 | AE51: 0.0788 | AF51: 0.71898572 | AG51: 25.87 | AH51: 27.21 | AI51: 26.41 | AJ51: 0.048 | AK51: 80 | AL51: 54 | AM51: 43.7 | AN51: 34.15 | AO51: 26.41 | AP51: 80 | AQ51: 1 | AR51: 41.30017 | AS51: 41.3 | AT51: 259 | AU51: =IF(I51="","管理人规模；","")&IF(J51="","产品规模标识；","")&IF(AND(F51<3,O51=""),"R_incep；","")&IF(N51="","近三年收益；","")&IF(U51="","近三年胜率；","")&IF(AND(V51<>"",OR(V51<0,V51>1)),"胜率窗口口径不一致；","")&IF(AA51="","近三年回撤；","")&IF(AD51="","短期卡玛；","")&IF(AND(P51<>"",AE51=""),"DD_long不可识别；","") | AV51: 41.30017 | AW51: 0-5亿元 | AX51: 2026-07-09 | AY51: 广西银瓴资产管理有限公司 | AZ51: 2026-07-09 | BA51: https://gs.amac.org.cn/amac-infodisc/res/pof/manager/101000035485.html | BB51: 银瓴运通对冲套利进取2号私募证券投资基金二期 | BC51: 2026-06-17 | BD51: 已匹配 | BE51: https://gs.amac.org.cn/amac-infodisc/res/pof/fund/2107201405108177.html | BF51: 已核验
A52: 36 | B52: 福邑共赢一号 | C52: ='sheet4-原始数据'!B37 | D52: 上海福邑 | E52: 2021-08-24 | F52: 5.0595 | G52: =IF(F52="","",IF(F52<1,"不入池","入池")) | H52: 0-5亿元 | I52: 60 | J52: 无低于1000万元标识 | K52: 100 | L52: 100 | M52: 0.218 | N52: 0.0909 | P52: 0.032413723 | Q52: 92.71 | R52: 18 | S52: 62.83 | T52: 0.6154 | U52: 0.5405 | V52: 0.49992917 | W52: 61.54 | X52: 49.992917 | Y52: 56.92 | Z52: 0.20034923 | AA52: 0.2004 | AB52: 0.2004 | AC52: 9.76 | AD52: 1.0881 | AG52: 36.01 | AI52: 36.01 | AJ52: 0.0909 | AK52: 100 | AL52: 84 | AM52: 61.05 | AN52: 9.76 | AO52: 36.01 | AP52: 100 | AQ52: 0.88 | AR52: 43.73271 | AS52: 49.7 | AT52: 226 | AU52: =IF(I52="","管理人规模；","")&IF(J52="","产品规模标识；","")&IF(AND(F52<3,O52=""),"R_incep；","")&IF(N52="","近三年收益；","")&IF(U52="","近三年胜率；","")&IF(AND(V52<>"",OR(V52<0,V52>1)),"胜率窗口口径不一致；","")&IF(AA52="","近三年回撤；","")&IF(AD52="","短期卡玛；","")&IF(AND(P52<>"",AE52=""),"DD_long不可识别；","") | AW52: 0-5亿元 | AX52: 2026-02-09 | AY52: 上海福邑私募基金管理有限公司 | AZ52: 2026-02-09 | BA52: https://gs.amac.org.cn/amac-infodisc/res/pof/manager/1710271949105945.html | BB52: 福邑共赢一号私募证券投资基金 | BC52: 2025-03-27 | BD52: 已匹配 | BE52: https://gs.amac.org.cn/amac-infodisc/res/pof/fund/2108261802107823.html | BF52: 已核验
A53: 37 | B53: 银瓴汇金6号 | C53: ='sheet4-原始数据'!B38 | D53: 广西银瓴资产 | E53: 2021-09-01 | F53: 5.0376 | G53: =IF(F53="","",IF(F53<1,"不入池","入池")) | H53: 0-5亿元 | I53: 60 | J53: 低于1000万元 | K53: 0 | L53: 100 | M53: 0.2044 | N53: 0.0511 | P53: -0.018069657 | Q53: 91.67 | R53: 2.5 | S53: 56 | T53: 0.3846 | U53: 0.3784 | V53: 0.37504167 | W53: 38.46 | X53: 37.504167 | Y53: 38.08 | Z53: 0.11692026 | AA53: 0.1169 | AB53: 0.11692026 | AC53: 23 | AD53: 1.7482 | AG53: 44.41 | AI53: 44.41 | AJ53: 0.0511 | AK53: 100 | AL53: 54 | AM53: 50.62 | AN53: 23 | AO53: 44.41 | AP53: 100 | AQ53: 0.88 | AR53: 41.96874 | AS53: 47.69 | AT53: 234 | AU53: =IF(I53="","管理人规模；","")&IF(J53="","产品规模标识；","")&IF(AND(F53<3,O53=""),"R_incep；","")&IF(N53="","近三年收益；","")&IF(U53="","近三年胜率；","")&IF(AND(V53<>"",OR(V53<0,V53>1)),"胜率窗口口径不一致；","")&IF(AA53="","近三年回撤；","")&IF(AD53="","短期卡玛；","")&IF(AND(P53<>"",AE53=""),"DD_long不可识别；","") | AW53: 0-5亿元 | AX53: 2026-07-09 | AY53: 广西银瓴资产管理有限公司 | AZ53: 2026-07-09 | BA53: https://gs.amac.org.cn/amac-infodisc/res/pof/manager/101000035485.html | BB53: 银瓴汇金6号私募证券投资基金 | BC53: 2025-06-24 | BD53: 已匹配 | BE53: https://gs.amac.org.cn/amac-infodisc/res/pof/fund/2109061712115673.html | BF53: 已核验
A54: 38 | B54: 岳皋泰山核心一号 | C54: ='sheet4-原始数据'!B39 | D54: 上海岳皋投资 | E54: 2021-09-08 | F54: 5.0185 | G54: =IF(F54="","",IF(F54<1,"不入池","入池")) | H54: 0-5亿元 | I54: 60 | J54: 无低于1000万元标识 | K54: 100 | L54: 100 | M54: 0.0252 | N54: 0.0299 | P54: 0.032258074 | Q54: 26.74 | R54: 17.5 | S54: 23.04 | T54: 0.6923 | U54: 0.7027 | V54: 0.70833333 | W54: 69.23 | X54: 70.833333 | Y54: 69.87 | Z54: 0.028902397 | AA54: 0.0464 | AB54: 0.0464 | AC54: 46.34 | AD54: 0.8719 | AE54: 0.0464 | AF54: 0.69521711 | AG54: 32.17 | AH54: 26.47 | AI54: 29.89 | AJ54: 0.0299 | AK54: 80 | AL54: 84 | AM54: 37.09 | AN54: 46.34 | AO54: 29.89 | AP54: 80 | AQ54: 1 | AR54: 48.57044 | AS54: 48.57 | AT54: 230 | AU54: =IF(I54="","管理人规模；","")&IF(J54="","产品规模标识；","")&IF(AND(F54<3,O54=""),"R_incep；","")&IF(N54="","近三年收益；","")&IF(U54="","近三年胜率；","")&IF(AND(V54<>"",OR(V54<0,V54>1)),"胜率窗口口径不一致；","")&IF(AA54="","近三年回撤；","")&IF(AD54="","短期卡玛；","")&IF(AND(P54<>"",AE54=""),"DD_long不可识别；","") | AV54: 48.57044 | AW54: 0-5亿元 | AX54: 2026-01-15 | AY54: 上海岳皋投资管理有限公司 | AZ54: 2026-01-15 | BA54: https://gs.amac.org.cn/amac-infodisc/res/pof/manager/1812180906104012.html | BB54: 岳皋泰山核心一号私募证券投资基金 | BC54: 2025-03-13 | BD54: 已匹配 | BE54: https://gs.amac.org.cn/amac-infodisc/res/pof/fund/2109101536101557.html | BF54: 已核验
A55: 39 | B55: 龙帆恒盛稳固8号 | C55: ='sheet4-原始数据'!B40 | D55: 厦门龙帆资管 | E55: 2021-09-23 | F55: 4.9774 | G55: =IF(F55="","",IF(F55<1,"不入池","入池")) | H55: 5-10亿元 | I55: 70 | J55: 无低于1000万元标识 | K55: 100 | L55: 100 | M55: 0.091 | N55: 0.0528 | P55: 0.034204538 | Q55: 73.26 | R55: 20 | S55: 51.96 | T55: 0.8462 | U55: 0.7297 | V55: 0.66659583 | W55: 84.62 | X55: 66.659583 | Y55: 77.44 | Z55: 0.014303678 | AA55: 0.0543 | AB55: 0.0543 | AC55: 41.99 | AD55: 6.362 | AE55: 0.0543 | AF55: 0.62991783 | AG55: 72.38 | AH55: 22.06 | AI55: 52.25 | AJ55: 0.0528 | AK55: 100 | AL55: 88 | AM55: 59.6 | AN55: 41.99 | AO55: 52.25 | AP55: 100 | AQ55: 1 | AR55: 61.29309 | AS55: 61.29 | AT55: 158 | AU55: =IF(I55="","管理人规模；","")&IF(J55="","产品规模标识；","")&IF(AND(F55<3,O55=""),"R_incep；","")&IF(N55="","近三年收益；","")&IF(U55="","近三年胜率；","")&IF(AND(V55<>"",OR(V55<0,V55>1)),"胜率窗口口径不一致；","")&IF(AA55="","近三年回撤；","")&IF(AD55="","短期卡玛；","")&IF(AND(P55<>"",AE55=""),"DD_long不可识别；","") | AV55: 61.29309 | AW55: 5-10亿元 | AX55: 2026-03-11 | AY55: 厦门龙帆资产管理有限公司 | AZ55: 2026-09-07 | BA55: https://gs.amac.org.cn/amac-infodisc/res/pof/manager/1611020850101525.html | BB55: 龙帆恒盛稳固8号私募证券投资基金 | BC55: 2026-07-27 | BD55: 已匹配 | BE55: https://gs.amac.org.cn/amac-infodisc/res/pof/fund/2109231448100717.html | BF55: 已核验
A56: 40 | B56: 龙帆恒盛稳固9号 | C56: ='sheet4-原始数据'!B41 | D56: 厦门龙帆资管 | E56: 2021-10-20 | F56: 4.9035 | G56: =IF(F56="","",IF(F56<1,"不入池","入池")) | H56: 5-10亿元 | I56: 70 | J56: 无低于1000万元标识 | K56: 100 | L56: 100 | M56: 0.0868 | N56: 0.0501 | P56: 0.032217393 | Q56: 69.62 | R56: 17 | S56: 48.57 | T56: 0.7692 | U56: 0.7297 | V56: 0.70830417 | W56: 76.92 | X56: 70.830417 | Y56: 74.48 | Z56: 0.0042048967 | AA56: 0.013 | AB56: 0.013 | AC56: 81.53 | AD56: 20.6426 | AE56: 0.013 | AF56: 2.478261 | AG56: 91.61 | AH56: 70.59 | AI56: 83.2 | AJ56: 0.0501 | AK56: 100 | AL56: 88 | AM56: 56.35 | AN56: 81.53 | AO56: 83.2 | AP56: 100 | AQ56: 1 | AR56: 79.81223 | AS56: 79.81 | AT56: 64 | AU56: =IF(I56="","管理人规模；","")&IF(J56="","产品规模标识；","")&IF(AND(F56<3,O56=""),"R_incep；","")&IF(N56="","近三年收益；","")&IF(U56="","近三年胜率；","")&IF(AND(V56<>"",OR(V56<0,V56>1)),"胜率窗口口径不一致；","")&IF(AA56="","近三年回撤；","")&IF(AD56="","短期卡玛；","")&IF(AND(P56<>"",AE56=""),"DD_long不可识别；","") | AV56: 79.81223 | AW56: 5-10亿元 | AX56: 2026-03-11 | AY56: 厦门龙帆资产管理有限公司 | AZ56: 2026-09-07 | BA56: https://gs.amac.org.cn/amac-infodisc/res/pof/manager/1611020850101525.html | BB56: 龙帆恒盛稳固9号私募证券投资基金 | BC56: 2026-07-27 | BD56: 已匹配 | BE56: https://gs.amac.org.cn/amac-infodisc/res/pof/fund/2110191748104317.html | BF56: 已核验
A57: 41 | B57: 中安鼎盛善行可转债1号 | C57: ='sheet4-原始数据'!B42 | D57: 深圳中安鼎盛 | E57: 2021-11-26 | F57: 4.8022 | G57: =IF(F57="","",IF(F57<1,"不入池","入池")) | H57: 0-5亿元 | I57: 60 | J57: 无低于1000万元标识 | K57: 100 | L57: 100 | M57: -0.0645 | N57: 0.0203 | P57: 0.065540433 | Q57: 6.25 | R57: 52.5 | S57: 24.75 | T57: 0.3077 | U57: 0.4865 | V57: 0.58335 | W57: 30.77 | X57: 58.335 | Y57: 41.8 | Z57: 0.080203929 | AA57: 0.1042 | AB57: 0.1042 | AC57: 25.44 | AD57: -0.8042 | AE57: 0.1042 | AF57: 0.62898688 | AG57: 2.8 | AH57: 21.32 | AI57: 10.21 | AJ57: 0.0203 | AK57: 80 | AL57: 84 | AM57: 29.86 | AN57: 25.44 | AO57: 10.21 | AP57: 80 | AQ57: 1 | AR57: 35.99516 | AS57: 36 | AT57: 283 | AU57: =IF(I57="","管理人规模；","")&IF(J57="","产品规模标识；","")&IF(AND(F57<3,O57=""),"R_incep；","")&IF(N57="","近三年收益；","")&IF(U57="","近三年胜率；","")&IF(AND(V57<>"",OR(V57<0,V57>1)),"胜率窗口口径不一致；","")&IF(AA57="","近三年回撤；","")&IF(AD57="","短期卡玛；","")&IF(AND(P57<>"",AE57=""),"DD_long不可识别；","") | AV57: 35.99516 | AW57: 0-5亿元 | AX57: 2026-02-12 | AY57: 中安鼎盛（深圳）私募证券投资基金管理有限公司 | AZ57: 2026-02-12 | BA57: https://gs.amac.org.cn/amac-infodisc/res/pof/manager/1807021606107284.html | BB57: 中安鼎盛善行可转债1号私募证券投资基金 | BC57: 2025-12-23 | BD57: 已匹配 | BE57: https://gs.amac.org.cn/amac-infodisc/res/pof/fund/2112061843108745.html | BF57: 已核验
A58: 42 | B58: 九招真格量化商品套利一号 | C58: ='sheet4-原始数据'!B43 | D58: 武汉九招 | E58: 2021-12-13 | F58: 4.7556 | G58: =IF(F58="","",IF(F58<1,"不入池","入池")) | H58: 5-10亿元 | I58: 70 | J58: 无低于1000万元标识 | K58: 100 | L58: 100 | M58: 0.1089 | N58: 0.0844 | P58: 0.072353742 | Q58: 79.17 | R58: 58.5 | S58: 70.9 | T58: 0.4615 | U58: 0.6486 | V58: 0.74994583 | W58: 46.15 | X58: 74.994583 | Y58: 57.69 | Z58: 0.017323661 | AA58: 0.0322 | AB58: 0.0322 | AC58: 57.49 | AD58: 6.2862 | AE58: 0.0322 | AF58: 2.2470106 | AG58: 72.03 | AH58: 68.38 | AI58: 70.57 | AJ58: 0.0844 | AK58: 100 | AL58: 88 | AM58: 66.94 | AN58: 57.49 | AO58: 70.57 | AP58: 100 | AQ58: 1 | AR58: 72.13105 | AS58: 72.13 | AT58: 104 | AU58: =IF(I58="","管理人规模；","")&IF(J58="","产品规模标识；","")&IF(AND(F58<3,O58=""),"R_incep；","")&IF(N58="","近三年收益；","")&IF(U58="","近三年胜率；","")&IF(AND(V58<>"",OR(V58<0,V58>1)),"胜率窗口口径不一致；","")&IF(AA58="","近三年回撤；","")&IF(AD58="","短期卡玛；","")&IF(AND(P58<>"",AE58=""),"DD_long不可识别；","") | AV58: 72.13105 | AW58: 5-10亿元 | AX58: 2026-07-21 | AY58: 武汉九招私募基金管理有限公司 | AZ58: 2026-07-21 | BA58: https://gs.amac.org.cn/amac-infodisc/res/pof/manager/2301051740101642.html | BB58: 九招真格量化商品套利一号私募证券投资基金 | BC58: 2025-08-04 | BD58: 已匹配 | BE58: https://gs.amac.org.cn/amac-infodisc/res/pof/fund/2112202208108154.html | BF58: 已核验
A59: 43 | B59: 博润小牛3号 | C59: ='sheet4-原始数据'!B44 | D59: 北京博润银泰投资 | E59: 2022-03-04 | F59: 4.5339 | G59: =IF(F59="","",IF(F59<1,"不入池","入池")) | H59: 100亿元以上 | I59: 100 | J59: 无低于1000万元标识 | K59: 100 | L59: 100 | M59: 0.1383 | N59: 0.1662 | P59: 0.1804054 | Q59: 85.76 | R59: 91.5 | S59: 88.06 | T59: 0.7692 | U59: 0.8378 | V59: 0.87495833 | W59: 76.92 | X59: 87.495833 | Y59: 81.15 | Z59: 0.021516919 | AA59: 0.0223 | AB59: 0.0223 | AC59: 71.78 | AD59: 6.4275 | AE59: 0.0223 | AF59: 8.0899283 | AG59: 72.73 | AH59: 89.71 | AI59: 79.52 | AJ59: 0.1662 | AK59: 80 | AL59: 100 | AM59: 85.98 | AN59: 71.78 | AO59: 79.52 | AP59: 80 | AQ59: 1 | AR59: 81.99846 | AS59: 82 | AT59: 52 | AU59: =IF(I59="","管理人规模；","")&IF(J59="","产品规模标识；","")&IF(AND(F59<3,O59=""),"R_incep；","")&IF(N59="","近三年收益；","")&IF(U59="","近三年胜率；","")&IF(AND(V59<>"",OR(V59<0,V59>1)),"胜率窗口口径不一致；","")&IF(AA59="","近三年回撤；","")&IF(AD59="","短期卡玛；","")&IF(AND(P59<>"",AE59=""),"DD_long不可识别；","") | AV59: 81.99846 | AW59: 100亿元以上 | AX59: 2026-02-10 | AY59: 北京博润银泰投资管理有限公司 | AZ59: 2026-02-10 | BA59: https://gs.amac.org.cn/amac-infodisc/res/pof/manager/101000005082.html | BB59: 博润小牛3号私募证券投资基金 | BC59: 2026-06-24 | BD59: 已匹配 | BE59: https://gs.amac.org.cn/amac-infodisc/res/pof/fund/2203041707107702.html | BF59: 已核验
A60: 44 | B60: 银杏善投1号 | C60: ='sheet4-原始数据'!B45 | D60: 上海银杏 | E60: 2022-02-25 | F60: 4.553 | G60: =IF(F60="","",IF(F60<1,"不入池","入池")) | H60: 0-5亿元 | I60: 60 | J60: 无低于1000万元标识 | K60: 100 | L60: 100 | M60: 0.0103 | N60: 0.0424 | P60: 0.058830463 | Q60: 20.14 | R60: 48.5 | S60: 31.48 | T60: 0.6154 | U60: 0.7027 | V60: 0.7499875 | W60: 61.54 | X60: 74.99875 | Y60: 66.92 | Z60: 0.19109462 | AA60: 0.1904 | AB60: 0.19109462 | AC60: 11.15 | AD60: 0.0539 | AG60: 17.48 | AI60: 17.48 | AJ60: 0.0424 | AK60: 80 | AL60: 84 | AM60: 42.12 | AN60: 11.15 | AO60: 17.48 | AP60: 80 | AQ60: 0.88 | AR60: 34.95707 | AS60: 39.72 | AT60: 269 | AU60: =IF(I60="","管理人规模；","")&IF(J60="","产品规模标识；","")&IF(AND(F60<3,O60=""),"R_incep；","")&IF(N60="","近三年收益；","")&IF(U60="","近三年胜率；","")&IF(AND(V60<>"",OR(V60<0,V60>1)),"胜率窗口口径不一致；","")&IF(AA60="","近三年回撤；","")&IF(AD60="","短期卡玛；","")&IF(AND(P60<>"",AE60=""),"DD_long不可识别；","") | AW60: 0-5亿元 | AX60: 2026-03-06 | AY60: 上海银杏私募基金管理有限公司 | AZ60: 2026-03-06 | BA60: https://gs.amac.org.cn/amac-infodisc/res/pof/manager/2105100905108445.html | BB60: 银杏善投1号私募证券投资基金 | BC60: 2026-08-07 | BD60: 已匹配 | BE60: https://gs.amac.org.cn/amac-infodisc/res/pof/fund/2203111741100604.html | BF60: 已核验
A61: 45 | B61: 悬铃C号9期 | C61: ='sheet4-原始数据'!B46 | D61: 上海悬铃 | E61: 2022-04-20 | F61: 4.4052 | G61: =IF(F61="","",IF(F61<1,"不入池","入池")) | H61: 20-50亿元 | I61: 90 | J61: 无低于1000万元标识 | K61: 100 | L61: 100 | M61: 0.0658 | N61: 0.1068 | P61: 0.12788772 | Q61: 55.9 | R61: 82.5 | S61: 66.54 | T61: 0.6154 | U61: 0.7027 | V61: 0.7499875 | W61: 61.54 | X61: 74.99875 | Y61: 66.92 | Z61: 0.035627267 | AA61: 0.083 | AB61: 0.083 | AC61: 31.36 | AD61: 1.8469 | AE61: 0.083 | AF61: 1.5408159 | AG61: 45.45 | AH61: 56.62 | AI61: 49.92 | AJ61: 0.1068 | AK61: 80 | AL61: 96 | AM61: 66.66 | AN61: 31.36 | AO61: 49.92 | AP61: 80 | AQ61: 1 | AR61: 58.54641 | AS61: 58.55 | AT61: 179 | AU61: =IF(I61="","管理人规模；","")&IF(J61="","产品规模标识；","")&IF(AND(F61<3,O61=""),"R_incep；","")&IF(N61="","近三年收益；","")&IF(U61="","近三年胜率；","")&IF(AND(V61<>"",OR(V61<0,V61>1)),"胜率窗口口径不一致；","")&IF(AA61="","近三年回撤；","")&IF(AD61="","短期卡玛；","")&IF(AND(P61<>"",AE61=""),"DD_long不可识别；","") | AV61: 58.54641 | AW61: 20-50亿元 | AX61: 2026-07-13 | AY61: 上海悬铃私募基金管理有限公司 | AZ61: 2026-07-13 | BA61: https://gs.amac.org.cn/amac-infodisc/res/pof/manager/1701161209103763.html | BB61: 悬铃C号9期私募证券投资基金 | BC61: 2025-06-20 | BD61: 已匹配 | BE61: https://gs.amac.org.cn/amac-infodisc/res/pof/fund/2204271846104957.html | BF61: 已核验
A62: 46 | B62: 爱凡哲AH多空1号 | C62: ='sheet4-原始数据'!B47 | D62: 爱凡哲投资 | E62: 2022-04-22 | F62: 4.3997 | G62: =IF(F62="","",IF(F62<1,"不入池","入池")) | H62: 20-50亿元 | I62: 90 | J62: 无低于1000万元标识 | K62: 100 | L62: 100 | M62: 0.0794 | N62: 0.1005 | P62: 0.11120417 | Q62: 65.97 | R62: 76 | S62: 69.98 | T62: 0.9231 | U62: 0.8649 | V62: 0.833375 | W62: 92.31 | X62: 83.3375 | Y62: 88.72 | Z62: 0.012711118 | AA62: 0.0204 | AB62: 0.0204 | AC62: 73.17 | AD62: 6.2465 | AE62: 0.0204 | AF62: 5.4511849 | AG62: 70.98 | AH62: 87.5 | AI62: 77.59 | AJ62: 0.1005 | AK62: 80 | AL62: 96 | AM62: 75.6 | AN62: 73.17 | AO62: 77.59 | AP62: 80 | AQ62: 1 | AR62: 79.08964 | AS62: 79.09 | AT62: 67 | AU62: =IF(I62="","管理人规模；","")&IF(J62="","产品规模标识；","")&IF(AND(F62<3,O62=""),"R_incep；","")&IF(N62="","近三年收益；","")&IF(U62="","近三年胜率；","")&IF(AND(V62<>"",OR(V62<0,V62>1)),"胜率窗口口径不一致；","")&IF(AA62="","近三年回撤；","")&IF(AD62="","短期卡玛；","")&IF(AND(P62<>"",AE62=""),"DD_long不可识别；","") | AV62: 79.08964 | AW62: 20-50亿元 | AX62: 2025-04-30 | AY62: 爱凡哲投资管理有限公司 | AZ62: 2025-04-30 | BA62: https://gs.amac.org.cn/amac-infodisc/res/pof/manager/1709181131101311.html | BB62: 爱凡哲AH多空1号私募证券投资基金 | BC62: 2026-07-27 | BD62: 已匹配 | BE62: https://gs.amac.org.cn/amac-infodisc/res/pof/fund/2204271846105720.html | BF62: 已核验
A63: 47 | B63: 钧誉酬勤量化3号 | C63: ='sheet4-原始数据'!B48 | D63: 珠海钧誉资管 | E63: 2022-05-05 | F63: 4.3641 | G63: =IF(F63="","",IF(F63<1,"不入池","入池")) | H63: 0-5亿元 | I63: 60 | J63: 无低于1000万元标识 | K63: 100 | L63: 100 | M63: 0.0632 | N63: 0.0521 | P63: 0.046593533 | Q63: 54.34 | R63: 33 | S63: 45.8 | T63: 0.9231 | U63: 0.7297 | V63: 0.62494167 | W63: 92.31 | X63: 62.494167 | Y63: 80.38 | Z63: 0.010949601 | AA63: 0.0136 | AB63: 0.0136 | AC63: 80.14 | AD63: 5.7719 | AE63: 0.0136 | AF63: 3.4259951 | AG63: 69.58 | AH63: 77.94 | AI63: 72.92 | AJ63: 0.0521 | AK63: 100 | AL63: 84 | AM63: 56.18 | AN63: 80.14 | AO63: 72.92 | AP63: 100 | AQ63: 1 | AR63: 75.74778 | AS63: 75.75 | AT63: 84 | AU63: =IF(I63="","管理人规模；","")&IF(J63="","产品规模标识；","")&IF(AND(F63<3,O63=""),"R_incep；","")&IF(N63="","近三年收益；","")&IF(U63="","近三年胜率；","")&IF(AND(V63<>"",OR(V63<0,V63>1)),"胜率窗口口径不一致；","")&IF(AA63="","近三年回撤；","")&IF(AD63="","短期卡玛；","")&IF(AND(P63<>"",AE63=""),"DD_long不可识别；","") | AV63: 75.74778 | AW63: 0-5亿元 | AX63: 2024-06-28 | AY63: 珠海钧誉资产管理有限公司 | AZ63: 2024-06-28 | BA63: https://gs.amac.org.cn/amac-infodisc/res/pof/manager/1801241613109731.html | BB63: 钧誉酬勤量化3号私募证券投资基金 | BC63: 2025-10-22 | BD63: 已匹配 | BE63: https://gs.amac.org.cn/amac-infodisc/res/pof/fund/2205121655102793.html | BF63: 已核验
A64: 48 | B64: 汇富联合日盈12号 | C64: ='sheet4-原始数据'!B49 | D64: 深圳前海汇富联合 | E64: 2022-05-12 | F64: 4.345 | G64: =IF(F64="","",IF(F64<1,"不入池","入池")) | H64: 20-50亿元 | I64: 90 | J64: 无低于1000万元标识 | K64: 100 | L64: 100 | M64: 0.2827 | N64: 0.0869 | P64: 0.0005109262 | Q64: 95.49 | R64: 5.5 | S64: 59.49 | T64: 0.8462 | U64: 0.7838 | V64: 0.75 | W64: 84.62 | X64: 75 | Y64: 80.77 | Z64: 0.018166512 | AA64: 0.0575 | AB64: 0.0575 | AC64: 40.07 | AD64: 15.5616 | AE64: 0.0575 | AF64: 0.008885673 | AG64: 87.06 | AH64: 7.35 | AI64: 55.18 | AJ64: 0.0869 | AK64: 100 | AL64: 96 | AM64: 65.88 | AN64: 40.07 | AO64: 55.18 | AP64: 100 | AQ64: 1 | AR64: 64.14578 | AS64: 64.15 | AT64: 151 | AU64: =IF(I64="","管理人规模；","")&IF(J64="","产品规模标识；","")&IF(AND(F64<3,O64=""),"R_incep；","")&IF(N64="","近三年收益；","")&IF(U64="","近三年胜率；","")&IF(AND(V64<>"",OR(V64<0,V64>1)),"胜率窗口口径不一致；","")&IF(AA64="","近三年回撤；","")&IF(AD64="","短期卡玛；","")&IF(AND(P64<>"",AE64=""),"DD_long不可识别；","") | AV64: 64.14578 | AW64: 20-50亿元 | AX64: 2025-11-21 | AY64: 深圳前海汇富联合私募证券基金管理有限公司 | AZ64: 2025-11-21 | BA64: https://gs.amac.org.cn/amac-infodisc/res/pof/manager/101000012095.html | BB64: 汇富联合日盈12号私募证券投资基金 | BC64: 2025-09-15 | BD64: 已匹配 | BE64: https://gs.amac.org.cn/amac-infodisc/res/pof/fund/2205111752107815.html | BF64: 已核验
A65: 49 | B65: 融相慎远一号 | C65: ='sheet4-原始数据'!B50 | D65: 海南融相 | E65: 2022-05-09 | F65: 4.3532 | G65: =IF(F65="","",IF(F65<1,"不入池","入池")) | H65: 0-5亿元 | I65: 60 | J65: 无低于1000万元标识 | K65: 100 | L65: 100 | M65: -0.0025 | N65: 0.0449 | P65: 0.069438074 | Q65: 16.49 | R65: 56.5 | S65: 32.49 | T65: 0.6154 | U65: 0.7297 | V65: 0.7916125 | W65: 61.54 | X65: 79.16125 | Y65: 68.59 | Z65: 0.06443299 | AA65: 0.0653 | AB65: 0.0653 | AC65: 37.28 | AD65: -0.0388 | AE65: 0.0653 | AF65: 1.0633702 | AG65: 16.08 | AH65: 43.38 | AI65: 27 | AJ65: 0.0449 | AK65: 80 | AL65: 84 | AM65: 43.32 | AN65: 37.28 | AO65: 27 | AP65: 80 | AQ65: 1 | AR65: 46.68447 | AS65: 46.68 | AT65: 238 | AU65: =IF(I65="","管理人规模；","")&IF(J65="","产品规模标识；","")&IF(AND(F65<3,O65=""),"R_incep；","")&IF(N65="","近三年收益；","")&IF(U65="","近三年胜率；","")&IF(AND(V65<>"",OR(V65<0,V65>1)),"胜率窗口口径不一致；","")&IF(AA65="","近三年回撤；","")&IF(AD65="","短期卡玛；","")&IF(AND(P65<>"",AE65=""),"DD_long不可识别；","") | AV65: 46.68447 | AW65: 0-5亿元 | AX65: 2025-11-05 | AY65: 海南融相私募基金管理有限公司 | AZ65: 2025-11-05 | BA65: https://gs.amac.org.cn/amac-infodisc/res/pof/manager/2111241451102645.html | BB65: 融相慎远一号私募证券投资基金 | BC65: 2024-10-09 | BD65: 已匹配 | BE65: https://gs.amac.org.cn/amac-infodisc/res/pof/fund/2205181829100640.html | BF65: 已核验
A66: 50 | B66: 晨翰11号 | C66: ='sheet4-原始数据'!B51 | D66: 晋江晨翰 | E66: 2022-06-10 | F66: 4.2656 | G66: =IF(F66="","",IF(F66<1,"不入池","入池")) | H66: 5-10亿元 | I66: 70 | J66: 无低于1000万元标识 | K66: 100 | L66: 100 | M66: 0.0347 | N66: 0.0343 | P66: 0.034100058 | Q66: 33.33 | R66: 19.5 | S66: 27.8 | T66: 0.6154 | U66: 0.6486 | V66: 0.66658333 | W66: 61.54 | X66: 66.658333 | Y66: 63.59 | Z66: 0.015217296 | AA66: 0.0239 | AB66: 0.0239 | AC66: 69.69 | AD66: 2.2803 | AE66: 0.0239 | AF66: 1.4267807 | AG66: 50.35 | AH66: 53.68 | AI66: 51.68 | AJ66: 0.0343 | AK66: 100 | AL66: 88 | AM66: 38.53 | AN66: 69.69 | AO66: 51.68 | AP66: 100 | AQ66: 1 | AR66: 63.83406 | AS66: 63.83 | AT66: 152 | AU66: =IF(I66="","管理人规模；","")&IF(J66="","产品规模标识；","")&IF(AND(F66<3,O66=""),"R_incep；","")&IF(N66="","近三年收益；","")&IF(U66="","近三年胜率；","")&IF(AND(V66<>"",OR(V66<0,V66>1)),"胜率窗口口径不一致；","")&IF(AA66="","近三年回撤；","")&IF(AD66="","短期卡玛；","")&IF(AND(P66<>"",AE66=""),"DD_long不可识别；","") | AV66: 63.83406 | AW66: 5-10亿元 | AX66: 2026-07-31 | AY66: 晋江市晨翰私募基金管理有限公司 | AZ66: 2026-07-31 | BA66: https://gs.amac.org.cn/amac-infodisc/res/pof/manager/2002211754119480.html | BB66: 晨翰11号私募证券投资基金 | BC66: 2026-05-27 | BD66: 已匹配 | BE66: https://gs.amac.org.cn/amac-infodisc/res/pof/fund/2206171628103559.html | BF66: 已核验
A67: 51 | B67: 致同添利套利多策略三期 | C67: ='sheet4-原始数据'!B52 | D67: 上海致同投资 | E67: 2022-07-28 | F67: 4.1342 | G67: =IF(F67="","",IF(F67<1,"不入池","入池")) | H67: 20-50亿元 | I67: 90 | J67: 无低于1000万元标识 | K67: 100 | L67: 100 | M67: 0.0294 | N67: 0.0357 | P67: 0.038864444 | Q67: 29.86 | R67: 25.5 | S67: 28.12 | T67: 0.7692 | U67: 0.7568 | V67: 0.75008333 | W67: 76.92 | X67: 75.008333 | Y67: 76.16 | Z67: 0.0084826452 | AA67: 0.0085 | AB67: 0.0085 | AC67: 87.46 | AD67: 3.4659 | AG67: 59.44 | AI67: 59.44 | AJ67: 0.0357 | AK67: 80 | AL67: 96 | AM67: 42.53 | AN67: 87.46 | AO67: 59.44 | AP67: 80 | AQ67: 0.88 | AR67: 63.46976 | AS67: 72.12 | AT67: 105 | AU67: =IF(I67="","管理人规模；","")&IF(J67="","产品规模标识；","")&IF(AND(F67<3,O67=""),"R_incep；","")&IF(N67="","近三年收益；","")&IF(U67="","近三年胜率；","")&IF(AND(V67<>"",OR(V67<0,V67>1)),"胜率窗口口径不一致；","")&IF(AA67="","近三年回撤；","")&IF(AD67="","短期卡玛；","")&IF(AND(P67<>"",AE67=""),"DD_long不可识别；","") | AW67: 20-50亿元 | AX67: 2026-03-16 | AY67: 上海致同投资管理有限公司 | AZ67: 2026-03-16 | BA67: https://gs.amac.org.cn/amac-infodisc/res/pof/manager/101000004339.html | BB67: 致同添利套利多策略三期私募证券投资基金 | BC67: 2022-08-02 | BD67: 已匹配 | BE67: https://gs.amac.org.cn/amac-infodisc/res/pof/fund/2208021712112777.html | BF67: 已核验
A68: 52 | B68: 博牛转债策略2号 | C68: ='sheet4-原始数据'!B53 | D68: 广州博牛 | E68: 2022-08-15 | F68: 4.0849 | G68: =IF(F68="","",IF(F68<1,"不入池","入池")) | H68: 5-10亿元 | I68: 70 | J68: 无低于1000万元标识 | K68: 100 | L68: 100 | M68: -0.0167 | N68: 0.0419 | P68: 0.07249688 | Q68: 12.5 | R68: 59 | S68: 31.1 | T68: 0.3077 | U68: 0.5946 | V68: 0.75000417 | W68: 30.77 | X68: 75.000417 | Y68: 48.46 | Z68: 0.044977107 | AA68: 0.045 | AB68: 0.045 | AC68: 48.08 | AD68: -0.3713 | AG68: 8.74 | AI68: 8.74 | AJ68: 0.0419 | AK68: 80 | AL68: 88 | AM68: 36.31 | AN68: 48.08 | AO68: 8.74 | AP68: 80 | AQ68: 0.88 | AR68: 42.05493 | AS68: 47.79 | AT68: 233 | AU68: =IF(I68="","管理人规模；","")&IF(J68="","产品规模标识；","")&IF(AND(F68<3,O68=""),"R_incep；","")&IF(N68="","近三年收益；","")&IF(U68="","近三年胜率；","")&IF(AND(V68<>"",OR(V68<0,V68>1)),"胜率窗口口径不一致；","")&IF(AA68="","近三年回撤；","")&IF(AD68="","短期卡玛；","")&IF(AND(P68<>"",AE68=""),"DD_long不可识别；","") | AW68: 5-10亿元 | AX68: 2026-05-21 | AY68: 广州博牛私募证券投资管理有限公司 | AZ68: 2026-05-21 | BA68: https://gs.amac.org.cn/amac-infodisc/res/pof/manager/1801020956105866.html | BB68: 博牛转债策略2号私募证券投资基金 | BC68: 2022-08-15 | BD68: 已匹配 | BE68: https://gs.amac.org.cn/amac-infodisc/res/pof/fund/2208121907108282.html | BF68: 已核验
A69: 53 | B69: 银瓴运通致远3号五期 | C69: ='sheet4-原始数据'!B54 | D69: 广西银瓴资产 | E69: 2022-08-31 | F69: 4.0411 | G69: =IF(F69="","",IF(F69<1,"不入池","入池")) | H69: 0-5亿元 | I69: 60 | J69: 低于1000万元 | K69: 0 | L69: 100 | M69: -0.0448 | N69: 0.0266 | P69: 0.064277138 | Q69: 8.33 | R69: 51 | S69: 25.4 | T69: 0.3077 | U69: 0.5135 | V69: 0.624975 | W69: 30.77 | X69: 62.4975 | Y69: 43.46 | Z69: 0.079263977 | AA69: 0.0858 | AB69: 0.0858 | AC69: 30.66 | AD69: -0.5652 | AE69: 0.0858 | AF69: 0.74915079 | AG69: 6.29 | AH69: 29.41 | AI69: 15.54 | AJ69: 0.0266 | AK69: 80 | AL69: 54 | AM69: 30.82 | AN69: 30.66 | AO69: 15.54 | AP69: 80 | AQ69: 1 | AR69: 34.58978 | AS69: 34.59 | AT69: 287 | AU69: =IF(I69="","管理人规模；","")&IF(J69="","产品规模标识；","")&IF(AND(F69<3,O69=""),"R_incep；","")&IF(N69="","近三年收益；","")&IF(U69="","近三年胜率；","")&IF(AND(V69<>"",OR(V69<0,V69>1)),"胜率窗口口径不一致；","")&IF(AA69="","近三年回撤；","")&IF(AD69="","短期卡玛；","")&IF(AND(P69<>"",AE69=""),"DD_long不可识别；","") | AV69: 34.58978 | AW69: 0-5亿元 | AX69: 2026-07-09 | AY69: 广西银瓴资产管理有限公司 | AZ69: 2026-07-09 | BA69: https://gs.amac.org.cn/amac-infodisc/res/pof/manager/101000035485.html | BB69: 银瓴运通致远3号私募证券投资基金五期 | BC69: 2025-05-26 | BD69: 已匹配 | BE69: https://gs.amac.org.cn/amac-infodisc/res/pof/fund/2209051807103258.html | BF69: 已核验
A70: 54 | B70: 汉盛浩远1号 | C70: ='sheet4-原始数据'!B55 | D70: 上海汉鸿 | E70: 2022-09-06 | F70: 4.0246 | G70: =IF(F70="","",IF(F70<1,"不入池","入池")) | H70: 10-20亿元 | I70: 80 | J70: 无低于1000万元标识 | K70: 100 | L70: 100 | M70: 0.0084 | N70: 0.1561 | P70: 0.23787469 | Q70: 19.1 | R70: 95.5 | S70: 49.66 | T70: 0.6154 | U70: 0.7297 | V70: 0.7916125 | W70: 61.54 | X70: 79.16125 | Y70: 68.59 | Z70: 0.091304348 | AA70: 0.1179 | AB70: 0.1179 | AC70: 21.95 | AD70: 0.092 | AE70: 0.1179 | AF70: 2.017597 | AG70: 18.18 | AH70: 66.91 | AI70: 37.67 | AJ70: 0.1561 | AK70: 80 | AL70: 92 | AM70: 55.34 | AN70: 21.95 | AO70: 37.67 | AP70: 80 | AQ70: 1 | AR70: 49.65681 | AS70: 49.66 | AT70: 227 | AU70: =IF(I70="","管理人规模；","")&IF(J70="","产品规模标识；","")&IF(AND(F70<3,O70=""),"R_incep；","")&IF(N70="","近三年收益；","")&IF(U70="","近三年胜率；","")&IF(AND(V70<>"",OR(V70<0,V70>1)),"胜率窗口口径不一致；","")&IF(AA70="","近三年回撤；","")&IF(AD70="","短期卡玛；","")&IF(AND(P70<>"",AE70=""),"DD_long不可识别；","") | AV70: 49.65681 | AW70: 10-20亿元 | AX70: 2026-07-27 | AY70: 上海汉鸿私募基金管理有限公司 | AZ70: 2026-07-27 | BA70: https://gs.amac.org.cn/amac-infodisc/res/pof/manager/2108171651109816.html | BB70: 汉盛浩远1号私募证券投资基金 | BC70: 2026-04-20 | BD70: 已匹配 | BE70: https://gs.amac.org.cn/amac-infodisc/res/pof/fund/2209131707102448.html | BF70: 已核验
A71: 55 | B71: 泽盈毅明1号 | C71: ='sheet4-原始数据'!B56 | D71: 青岛泽盈资管 | E71: 2022-10-17 | F71: 3.9124 | G71: =IF(F71="","",IF(F71<1,"不入池","入池")) | H71: 10-20亿元 | I71: 80 | J71: 无低于1000万元标识 | K71: 100 | L71: 100 | M71: 0.0373 | N71: 0.2303 | P71: 0.33987519 | Q71: 33.68 | R71: 99 | S71: 59.81 | T71: 0.7692 | U71: 0.8108 | V71: 0.83333333 | W71: 76.92 | X71: 83.333333 | Y71: 79.49 | Z71: 0.0036882855 | AA71: 0.0347 | AB71: 0.0347 | AC71: 55.23 | AD71: 10.1131 | AE71: 0.0347 | AF71: 9.7946742 | AG71: 80.77 | AH71: 91.18 | AI71: 84.93 | AJ71: 0.2303 | AK71: 80 | AL71: 92 | AM71: 65.71 | AN71: 55.23 | AO71: 84.93 | AP71: 80 | AQ71: 1 | AR71: 74.22994 | AS71: 74.23 | AT71: 93 | AU71: =IF(I71="","管理人规模；","")&IF(J71="","产品规模标识；","")&IF(AND(F71<3,O71=""),"R_incep；","")&IF(N71="","近三年收益；","")&IF(U71="","近三年胜率；","")&IF(AND(V71<>"",OR(V71<0,V71>1)),"胜率窗口口径不一致；","")&IF(AA71="","近三年回撤；","")&IF(AD71="","短期卡玛；","")&IF(AND(P71<>"",AE71=""),"DD_long不可识别；","") | AV71: 74.22994 | AW71: 10-20亿元 | AX71: 2026-03-05 | AY71: 青岛泽盈资产管理有限公司 | AZ71: 2026-03-05 | BA71: https://gs.amac.org.cn/amac-infodisc/res/pof/manager/1710271352104113.html | BB71: 泽盈毅明1号私募证券投资基金 | BC71: 2026-02-13 | BD71: 已匹配 | BE71: https://gs.amac.org.cn/amac-infodisc/res/pof/fund/2210211605104676.html | BF71: 已核验
A72: 56 | B72: 银杏善利3号 | C72: ='sheet4-原始数据'!B57 | D72: 上海银杏 | E72: 2022-10-19 | F72: 3.9069 | G72: =IF(F72="","",IF(F72<1,"不入池","入池")) | H72: 0-5亿元 | I72: 60 | J72: 无低于1000万元标识 | K72: 100 | L72: 100 | M72: 0.0758 | N72: 0.0701 | P72: 0.067261335 | Q72: 63.19 | R72: 54.5 | S72: 59.71 | T72: 0.6154 | U72: 0.7297 | V72: 0.7916125 | W72: 61.54 | X72: 79.16125 | Y72: 68.59 | Z72: 0.022512623 | AA72: 0.0253 | AB72: 0.0253 | AC72: 65.85 | AD72: 3.367 | AE72: 0.0253 | AF72: 2.6585508 | AG72: 57.69 | AH72: 73.53 | AI72: 64.03 | AJ72: 0.0701 | AK72: 100 | AL72: 84 | AM72: 62.38 | AN72: 65.85 | AO72: 64.03 | AP72: 100 | AQ72: 1 | AR72: 70.74557 | AS72: 70.75 | AT72: 113 | AU72: =IF(I72="","管理人规模；","")&IF(J72="","产品规模标识；","")&IF(AND(F72<3,O72=""),"R_incep；","")&IF(N72="","近三年收益；","")&IF(U72="","近三年胜率；","")&IF(AND(V72<>"",OR(V72<0,V72>1)),"胜率窗口口径不一致；","")&IF(AA72="","近三年回撤；","")&IF(AD72="","短期卡玛；","")&IF(AND(P72<>"",AE72=""),"DD_long不可识别；","") | AV72: 70.74557 | AW72: 0-5亿元 | AX72: 2026-03-06 | AY72: 上海银杏私募基金管理有限公司 | AZ72: 2026-03-06 | BA72: https://gs.amac.org.cn/amac-infodisc/res/pof/manager/2105100905108445.html | BB72: 银杏善利3号私募证券投资基金 | BC72: 2025-07-09 | BD72: 已匹配 | BE72: https://gs.amac.org.cn/amac-infodisc/res/pof/fund/2210241718105120.html | BF72: 已核验
A73: 57 | B73: 银杏善利6号 | C73: ='sheet4-原始数据'!B58 | D73: 上海银杏 | E73: 2022-11-10 | F73: 3.8467 | G73: =IF(F73="","",IF(F73<1,"不入池","入池")) | H73: 0-5亿元 | I73: 60 | J73: 低于1000万元 | K73: 0 | L73: 100 | M73: 0.0137 | N73: 0.0599 | P73: 0.0837837 | Q73: 21.88 | R73: 68 | S73: 40.33 | T73: 0.6154 | U73: 0.7027 | V73: 0.7499875 | W73: 61.54 | X73: 74.99875 | Y73: 66.92 | Z73: 0.021598613 | AA73: 0.0424 | AB73: 0.0424 | AC73: 49.48 | AD73: 0.6343 | AE73: 0.0424 | AF73: 1.9760307 | AG73: 28.67 | AH73: 66.18 | AI73: 43.67 | AJ73: 0.0599 | AK73: 80 | AL73: 54 | AM73: 48.31 | AN73: 49.48 | AO73: 43.67 | AP73: 80 | AQ73: 1 | AR73: 51.23353 | AS73: 51.23 | AT73: 215 | AU73: =IF(I73="","管理人规模；","")&IF(J73="","产品规模标识；","")&IF(AND(F73<3,O73=""),"R_incep；","")&IF(N73="","近三年收益；","")&IF(U73="","近三年胜率；","")&IF(AND(V73<>"",OR(V73<0,V73>1)),"胜率窗口口径不一致；","")&IF(AA73="","近三年回撤；","")&IF(AD73="","短期卡玛；","")&IF(AND(P73<>"",AE73=""),"DD_long不可识别；","") | AV73: 51.23353 | AW73: 0-5亿元 | AX73: 2026-03-06 | AY73: 上海银杏私募基金管理有限公司 | AZ73: 2026-03-06 | BA73: https://gs.amac.org.cn/amac-infodisc/res/pof/manager/2105100905108445.html | BB73: 银杏善利6号私募证券投资基金 | BC73: 2026-08-11 | BD73: 已匹配 | BE73: https://gs.amac.org.cn/amac-infodisc/res/pof/fund/2211161803111351.html | BF73: 已核验
A74: 58 | B74: 博润易量稳健1号 | C74: ='sheet4-原始数据'!B59 | D74: 北京博润银泰投资 | E74: 2022-11-30 | F74: 3.7919 | G74: =IF(F74="","",IF(F74<1,"不入池","入池")) | H74: 100亿元以上 | I74: 100 | J74: 无低于1000万元标识 | K74: 100 | L74: 100 | M74: 0.0783 | N74: 0.0519 | P74: 0.03894338 | Q74: 64.24 | R74: 26 | S74: 48.94 | T74: 0.5385 | U74: 0.6216 | V74: 0.6666125 | W74: 53.85 | X74: 66.66125 | Y74: 58.97 | Z74: 0.036974076 | AA74: 0.037 | AB74: 0.037 | AC74: 53.66 | AD74: 2.1177 | AG74: 48.25 | AI74: 48.25 | AJ74: 0.0519 | AK74: 100 | AL74: 100 | AM74: 51.95 | AN74: 53.66 | AO74: 48.25 | AP74: 100 | AQ74: 0.88 | AR74: 57.49063 | AS74: 65.33 | AT74: 145 | AU74: =IF(I74="","管理人规模；","")&IF(J74="","产品规模标识；","")&IF(AND(F74<3,O74=""),"R_incep；","")&IF(N74="","近三年收益；","")&IF(U74="","近三年胜率；","")&IF(AND(V74<>"",OR(V74<0,V74>1)),"胜率窗口口径不一致；","")&IF(AA74="","近三年回撤；","")&IF(AD74="","短期卡玛；","")&IF(AND(P74<>"",AE74=""),"DD_long不可识别；","") | AW74: 100亿元以上 | AX74: 2026-02-10 | AY74: 北京博润银泰投资管理有限公司 | AZ74: 2026-02-10 | BA74: https://gs.amac.org.cn/amac-infodisc/res/pof/manager/101000005082.html | BB74: 博润易量稳健1号私募证券投资基金 | BC74: 2025-06-27 | BD74: 已匹配 | BE74: https://gs.amac.org.cn/amac-infodisc/res/pof/fund/2211291710107928.html | BF74: 已核验
A75: 59 | B75: 金麦穗卓诚一号 | C75: ='sheet4-原始数据'!B60 | D75: 山东金麦穗 | E75: 2022-12-01 | F75: 3.7892 | G75: =IF(F75="","",IF(F75<1,"不入池","入池")) | H75: 0-5亿元 | I75: 60 | J75: 低于1000万元 | K75: 0 | L75: 100 | M75: 0.0608 | N75: 0.0883 | P75: 0.1023162 | Q75: 51.74 | R75: 72 | S75: 59.84 | T75: 0.4615 | U75: 0.6486 | V75: 0.74994583 | W75: 46.15 | X75: 74.994583 | Y75: 57.69 | Z75: 0.043553009 | AA75: 0.0739 | AB75: 0.0739 | AC75: 34.84 | AD75: 1.396 | AE75: 0.0739 | AF75: 1.3845223 | AG75: 39.51 | AH75: 52.21 | AI75: 44.59 | AJ75: 0.0883 | AK75: 80 | AL75: 54 | AM75: 59.2 | AN75: 34.84 | AO75: 44.59 | AP75: 80 | AQ75: 1 | AR75: 50.02643 | AS75: 50.03 | AT75: 223 | AU75: =IF(I75="","管理人规模；","")&IF(J75="","产品规模标识；","")&IF(AND(F75<3,O75=""),"R_incep；","")&IF(N75="","近三年收益；","")&IF(U75="","近三年胜率；","")&IF(AND(V75<>"",OR(V75<0,V75>1)),"胜率窗口口径不一致；","")&IF(AA75="","近三年回撤；","")&IF(AD75="","短期卡玛；","")&IF(AND(P75<>"",AE75=""),"DD_long不可识别；","") | AV75: 50.02643 | AW75: 0-5亿元 | AX75: 2026-04-30 | AY75: 金麦穗（山东）私募基金管理有限公司 | AZ75: 2026-04-30 | BA75: https://gs.amac.org.cn/amac-infodisc/res/pof/manager/101000032909.html | BB75: 金麦穗卓诚一号私募证券投资基金 | BC75: 2022-12-08 | BD75: 已匹配 | BE75: https://gs.amac.org.cn/amac-infodisc/res/pof/fund/2212081848110819.html | BF75: 已核验
A76: 60 | B76: 慕途稳健2号 | C76: ='sheet4-原始数据'!B61 | D76: 慕途基金 | E76: 2022-12-13 | F76: 3.7563 | G76: =IF(F76="","",IF(F76<1,"不入池","入池")) | H76: 10-20亿元 | I76: 80 | J76: 无低于1000万元标识 | K76: 100 | L76: 100 | M76: 0.0763 | N76: 0.076 | P76: 0.075850031 | Q76: 63.54 | R76: 61.5 | S76: 62.72 | T76: 0.9231 | U76: 0.973 | V76: 1.0000292 | W76: 92.31 | Y76: 92.31 | Z76: 0.0077175166 | AA76: 0.0077 | AB76: 0.0077175166 | AC76: 88.5 | AD76: 9.8866 | AG76: 80.07 | AI76: 80.07 | AJ76: 0.076 | AK76: 100 | AL76: 92 | AM76: 68.78 | AN76: 88.5 | AO76: 80.07 | AP76: 100 | AQ76: 0.856 | AR76: 72.44212 | AS76: 84.63 | AT76: 33 | AU76: =IF(I76="","管理人规模；","")&IF(J76="","产品规模标识；","")&IF(AND(F76<3,O76=""),"R_incep；","")&IF(N76="","近三年收益；","")&IF(U76="","近三年胜率；","")&IF(AND(V76<>"",OR(V76<0,V76>1)),"胜率窗口口径不一致；","")&IF(AA76="","近三年回撤；","")&IF(AD76="","短期卡玛；","")&IF(AND(P76<>"",AE76=""),"DD_long不可识别；","") | AW76: 10-20亿元 | AX76: 2026-06-12 | AY76: 上海慕途私募基金管理有限公司 | AZ76: 2026-06-12 | BA76: https://gs.amac.org.cn/amac-infodisc/res/pof/manager/2106221238106983.html | BB76: 慕途稳健2号私募证券投资基金 | BC76: 2026-05-14 | BD76: 已匹配 | BE76: https://gs.amac.org.cn/amac-infodisc/res/pof/fund/2212152201105746.html | BF76: 已核验
A77: 61 | B77: 方普安享二号 | C77: ='sheet4-原始数据'!B62 | D77: 珠海横琴方普 | E77: 2022-12-16 | F77: 3.7481 | G77: =IF(F77="","",IF(F77<1,"不入池","入池")) | H77: 10-20亿元 | I77: 80 | J77: 无低于1000万元标识 | K77: 100 | L77: 100 | M77: 0.0381 | Q77: 34.38 | S77: 34.38 | T77: 0.5385 | W77: 53.85 | Y77: 53.85 | Z77: 0.024838647 | AB77: 0.024838647 | AC77: 67.25 | AD77: 1.5339 | AG77: 40.91 | AI77: 40.91 | AL77: 92 | AM77: 40.22 | AN77: 67.25 | AO77: 40.91 | AQ77: 0.7 | AR77: 42.80282 | AS77: 61.15 | AT77: 159 | AU77: =IF(I77="","管理人规模；","")&IF(J77="","产品规模标识；","")&IF(AND(F77<3,O77=""),"R_incep；","")&IF(N77="","近三年收益；","")&IF(U77="","近三年胜率；","")&IF(AND(V77<>"",OR(V77<0,V77>1)),"胜率窗口口径不一致；","")&IF(AA77="","近三年回撤；","")&IF(AD77="","短期卡玛；","")&IF(AND(P77<>"",AE77=""),"DD_long不可识别；","") | AW77: 10-20亿元 | AX77: 2026-08-12 | AY77: 珠海横琴方普私募基金管理有限公司 | AZ77: 2026-08-12 | BA77: https://gs.amac.org.cn/amac-infodisc/res/pof/manager/1804051826107605.html | BB77: 方普安享二号私募证券投资基金 | BC77: 2026-07-31 | BD77: 已匹配 | BE77: https://gs.amac.org.cn/amac-infodisc/res/pof/fund/2212271123105087.html | BF77: 已核验
A78: 62 | B78: 佳泽信享5号 | C78: ='sheet4-原始数据'!B63 | D78: 海南佳泽 | E78: 2023-01-10 | F78: 3.6797 | G78: =IF(F78="","",IF(F78<1,"不入池","入池")) | H78: 0-5亿元 | I78: 60 | J78: 无低于1000万元标识 | K78: 100 | L78: 100 | M78: 0.0629 | N78: 0.0478 | P78: 0.040330635 | Q78: 53.65 | R78: 27.5 | S78: 43.19 | T78: 0.8462 | U78: 0.7027 | V78: 0.62497083 | W78: 84.62 | X78: 62.497083 | Y78: 75.77 | Z78: 0.0094050449 | AA78: 0.0248 | AB78: 0.0248 | AC78: 67.6 | AD78: 6.6879 | AE78: 0.0248 | AF78: 1.6262353 | AG78: 73.43 | AH78: 57.35 | AI78: 67 | AJ78: 0.0478 | AK78: 100 | AL78: 84 | AM78: 52.96 | AN78: 67.6 | AO78: 67 | AP78: 100 | AQ78: 1 | AR78: 70.19225 | AS78: 70.19 | AT78: 118 | AU78: =IF(I78="","管理人规模；","")&IF(J78="","产品规模标识；","")&IF(AND(F78<3,O78=""),"R_incep；","")&IF(N78="","近三年收益；","")&IF(U78="","近三年胜率；","")&IF(AND(V78<>"",OR(V78<0,V78>1)),"胜率窗口口径不一致；","")&IF(AA78="","近三年回撤；","")&IF(AD78="","短期卡玛；","")&IF(AND(P78<>"",AE78=""),"DD_long不可识别；","") | AV78: 70.19225 | AW78: 0-5亿元 | AX78: 2026-08-07 | AY78: 海南佳泽私募基金管理合伙企业（有限合伙） | AZ78: 2026-08-07 | BA78: https://gs.amac.org.cn/amac-infodisc/res/pof/manager/2202171443109430.html | BB78: 佳泽信享5号私募证券投资基金 | BC78: 2025-07-11 | BD78: 已匹配 | BE78: https://gs.amac.org.cn/amac-infodisc/res/pof/fund/2301171711103586.html | BF78: 已核验
A79: 63 | B79: 衍舟弄潮2号 | C79: ='sheet4-原始数据'!B64 | D79: 海南衍舟 | E79: 2023-02-02 | F79: 3.6167 | G79: =IF(F79="","",IF(F79<1,"不入池","入池")) | H79: 0-5亿元 | I79: 60 | J79: 低于1000万元 | K79: 0 | L79: 100 | M79: -0.0524 | N79: 0.0242 | P79: 0.064791636 | Q79: 6.94 | R79: 52 | S79: 24.96 | T79: 0.3077 | U79: 0.6216 | V79: 0.79162917 | W79: 30.77 | X79: 79.162917 | Y79: 50.13 | Z79: 0.083095465 | AA79: 0.0942 | AB79: 0.0942 | AC79: 28.57 | AD79: -0.6306 | AE79: 0.0942 | AF79: 0.6878093 | AG79: 4.9 | AH79: 25.74 | AI79: 13.24 | AJ79: 0.0242 | AK79: 80 | AL79: 54 | AM79: 32.51 | AN79: 28.57 | AO79: 13.24 | AP79: 80 | AQ79: 1 | AR79: 33.71589 | AS79: 33.72 | AT79: 289 | AU79: =IF(I79="","管理人规模；","")&IF(J79="","产品规模标识；","")&IF(AND(F79<3,O79=""),"R_incep；","")&IF(N79="","近三年收益；","")&IF(U79="","近三年胜率；","")&IF(AND(V79<>"",OR(V79<0,V79>1)),"胜率窗口口径不一致；","")&IF(AA79="","近三年回撤；","")&IF(AD79="","短期卡玛；","")&IF(AND(P79<>"",AE79=""),"DD_long不可识别；","") | AV79: 33.71589 | AW79: 0-5亿元 | AX79: 2026-08-26 | AY79: 衍舟（海南）私募基金管理有限公司 | AZ79: 2026-08-26 | BA79: https://gs.amac.org.cn/amac-infodisc/res/pof/manager/2203211010108428.html | BB79: 衍舟弄潮2号私募证券投资基金 | BC79: 2025-01-17 | BD79: 已匹配 | BE79: https://gs.amac.org.cn/amac-infodisc/res/pof/fund/2302071705107356.html | BF79: 已核验
A80: 64 | B80: 银瓴汇金1号 | C80: ='sheet4-原始数据'!B65 | D80: 广西银瓴资产 | E80: 2023-03-21 | F80: 3.488 | G80: =IF(F80="","",IF(F80<1,"不入池","入池")) | H80: 0-5亿元 | I80: 60 | J80: 低于1000万元 | K80: 0 | L80: 100 | M80: -0.0535 | N80: 0.0785 | P80: 0.15125072 | Q80: 6.6 | R80: 89 | S80: 39.56 | T80: 0.6154 | U80: 0.5676 | V80: 0.54170833 | W80: 61.54 | X80: 54.170833 | Y80: 58.59 | Z80: 0.15181612 | AA80: 0.1832 | AB80: 0.1832 | AC80: 12.54 | AD80: -0.3524 | AE80: 0.1832 | AF80: 0.82560437 | AG80: 9.44 | AH80: 32.35 | AI80: 18.6 | AJ80: 0.0785 | AK80: 80 | AL80: 54 | AM80: 45.27 | AN80: 12.54 | AO80: 18.6 | AP80: 80 | AQ80: 1 | AR80: 33.87014 | AS80: 33.87 | AT80: 288 | AU80: =IF(I80="","管理人规模；","")&IF(J80="","产品规模标识；","")&IF(AND(F80<3,O80=""),"R_incep；","")&IF(N80="","近三年收益；","")&IF(U80="","近三年胜率；","")&IF(AND(V80<>"",OR(V80<0,V80>1)),"胜率窗口口径不一致；","")&IF(AA80="","近三年回撤；","")&IF(AD80="","短期卡玛；","")&IF(AND(P80<>"",AE80=""),"DD_long不可识别；","") | AV80: 33.87014 | AW80: 0-5亿元 | AX80: 2026-07-09 | AY80: 广西银瓴资产管理有限公司 | AZ80: 2026-07-09 | BA80: https://gs.amac.org.cn/amac-infodisc/res/pof/manager/101000035485.html | BB80: 银瓴汇金1号私募证券投资基金 | BC80: 2024-09-19 | BD80: 已匹配 | BE80: https://gs.amac.org.cn/amac-infodisc/res/pof/fund/2303281704112220.html | BF80: 已核验
A81: 65 | B81: 砚博乘风量化14号 | C81: ='sheet4-原始数据'!B66 | D81: 深圳前海砚博乘风资管 | E81: 2023-03-07 | F81: 3.5264 | G81: =IF(F81="","",IF(F81<1,"不入池","入池")) | H81: 10-20亿元 | I81: 80 | J81: 无低于1000万元标识 | K81: 100 | L81: 100 | M81: 0.0277 | N81: 0.0219 | P81: 0.019012287 | Q81: 28.47 | R81: 8.5 | S81: 20.48 | T81: 0.6154 | U81: 0.6486 | V81: 0.66658333 | W81: 61.54 | X81: 66.658333 | Y81: 63.59 | Z81: 0.022470999 | AA81: 0.0539 | AB81: 0.0539 | AC81: 42.51 | AD81: 1.2327 | AE81: 0.0539 | AF81: 0.35273259 | AG81: 37.76 | AH81: 15.44 | AI81: 28.83 | AJ81: 0.0219 | AK81: 100 | AL81: 92 | AM81: 33.41 | AN81: 42.51 | AO81: 28.83 | AP81: 100 | AQ81: 1 | AR81: 49.75982 | AS81: 49.76 | AT81: 225 | AU81: =IF(I81="","管理人规模；","")&IF(J81="","产品规模标识；","")&IF(AND(F81<3,O81=""),"R_incep；","")&IF(N81="","近三年收益；","")&IF(U81="","近三年胜率；","")&IF(AND(V81<>"",OR(V81<0,V81>1)),"胜率窗口口径不一致；","")&IF(AA81="","近三年回撤；","")&IF(AD81="","短期卡玛；","")&IF(AND(P81<>"",AE81=""),"DD_long不可识别；","") | AV81: 49.75982 | AW81: 10-20亿元 | AX81: 2026-08-12 | AY81: 深圳前海砚博乘风资产管理有限公司 | AZ81: 2026-08-12 | BA81: https://gs.amac.org.cn/amac-infodisc/res/pof/manager/101000062862.html | BB81: 砚博乘风量化14号私募证券投资基金 | BC81: 2024-12-10 | BD81: 已匹配 | BE81: https://gs.amac.org.cn/amac-infodisc/res/pof/fund/2304031854111883.html | BF81: 已核验
A82: 66 | B82: 平凡凡响二号 | C82: ='sheet4-原始数据'!B67 | D82: 北京平凡 | E82: 2023-04-07 | F82: 3.4415 | G82: =IF(F82="","",IF(F82<1,"不入池","入池")) | H82: 50-100亿元 | I82: 90 | J82: 无低于1000万元标识 | K82: 100 | L82: 100 | M82: 0.085 | N82: 0.0491 | P82: 0.031597929 | Q82: 68.23 | R82: 16.5 | S82: 47.54 | T82: 1 | U82: 0.8649 | V82: 0.79172083 | W82: 100 | X82: 79.172083 | Y82: 91.67 | Z82: 0.0013017782 | AA82: 0.0068 | AB82: 0.0068 | AC82: 90.24 | AD82: 65.2953 | AE82: 0.0068 | AF82: 4.6467542 | AG82: 98.95 | AH82: 83.82 | AI82: 92.9 | AJ82: 0.0491 | AK82: 100 | AL82: 96 | AM82: 60.78 | AN82: 90.24 | AO82: 92.9 | AP82: 100 | AQ82: 1 | AR82: 86.98485 | AS82: 86.98 | AT82: 23 | AU82: =IF(I82="","管理人规模；","")&IF(J82="","产品规模标识；","")&IF(AND(F82<3,O82=""),"R_incep；","")&IF(N82="","近三年收益；","")&IF(U82="","近三年胜率；","")&IF(AND(V82<>"",OR(V82<0,V82>1)),"胜率窗口口径不一致；","")&IF(AA82="","近三年回撤；","")&IF(AD82="","短期卡玛；","")&IF(AND(P82<>"",AE82=""),"DD_long不可识别；","") | AV82: 86.98485 | AW82: 50-100亿元 | AX82: 2026-08-05 | AY82: 北京平凡私募基金管理有限公司 | AZ82: 2026-08-05 | BA82: https://gs.amac.org.cn/amac-infodisc/res/pof/manager/101000030286.html | BB82: 平凡凡响二号私募证券投资基金 | BC82: 2025-03-26 | BD82: 已匹配 | BE82: https://gs.amac.org.cn/amac-infodisc/res/pof/fund/2304121918100513.html | BF82: 已核验
A83: 67 | B83: 银瓴鑫源 | C83: ='sheet4-原始数据'!B68 | D83: 广西银瓴资产 | E83: 2023-05-15 | F83: 3.3374 | G83: =IF(F83="","",IF(F83<1,"不入池","入池")) | H83: 0-5亿元 | I83: 60 | J83: 低于1000万元 | K83: 0 | L83: 100 | M83: -0.0728 | Q83: 5.56 | S83: 5.56 | T83: 0.3846 | W83: 38.46 | Y83: 38.46 | Z83: 0.19554123 | AB83: 0.19554123 | AC83: 10.8 | AD83: -0.3723 | AG83: 8.39 | AI83: 8.39 | AL83: 54 | AM83: 15.43 | AN83: 10.8 | AO83: 8.39 | AQ83: 0.7 | AR83: 14.1618 | AS83: 20.23 | AT83: 313 | AU83: =IF(I83="","管理人规模；","")&IF(J83="","产品规模标识；","")&IF(AND(F83<3,O83=""),"R_incep；","")&IF(N83="","近三年收益；","")&IF(U83="","近三年胜率；","")&IF(AND(V83<>"",OR(V83<0,V83>1)),"胜率窗口口径不一致；","")&IF(AA83="","近三年回撤；","")&IF(AD83="","短期卡玛；","")&IF(AND(P83<>"",AE83=""),"DD_long不可识别；","") | AW83: 0-5亿元 | AX83: 2026-07-09 | AY83: 广西银瓴资产管理有限公司 | AZ83: 2026-07-09 | BA83: https://gs.amac.org.cn/amac-infodisc/res/pof/manager/101000035485.html | BB83: 银瓴鑫源私募证券投资基金 | BC83: 2025-11-18 | BD83: 已匹配 | BE83: https://gs.amac.org.cn/amac-infodisc/res/pof/fund/2305191101101514.html | BF83: 已核验
A84: 68 | B84: 鑫泰禾汇投1号 | C84: ='sheet4-原始数据'!B69 | D84: 深圳鑫泰禾 | E84: 2023-03-13 | F84: 3.5099 | G84: =IF(F84="","",IF(F84<1,"不入池","入池")) | H84: 0-5亿元 | I84: 60 | J84: 低于1000万元 | K84: 0 | L84: 100 | M84: 0.0481 | N84: 0.1013 | P84: 0.12890422 | Q84: 44.44 | R84: 83.5 | S84: 60.06 | T84: 0.6923 | U84: 0.6757 | V84: 0.66670833 | W84: 69.23 | X84: 66.670833 | Y84: 68.21 | Z84: 0.0078207567 | AA84: 0.0922 | AB84: 0.0922 | AC84: 28.92 | AD84: 6.1503 | AE84: 0.0922 | AF84: 1.3980935 | AG84: 70.63 | AH84: 52.94 | AI84: 63.55 | AJ84: 0.1013 | AK84: 80 | AL84: 54 | AM84: 62.51 | AN84: 28.92 | AO84: 63.55 | AP84: 80 | AQ84: 1 | AR84: 54.89754 | AS84: 54.9 | AT84: 195 | AU84: =IF(I84="","管理人规模；","")&IF(J84="","产品规模标识；","")&IF(AND(F84<3,O84=""),"R_incep；","")&IF(N84="","近三年收益；","")&IF(U84="","近三年胜率；","")&IF(AND(V84<>"",OR(V84<0,V84>1)),"胜率窗口口径不一致；","")&IF(AA84="","近三年回撤；","")&IF(AD84="","短期卡玛；","")&IF(AND(P84<>"",AE84=""),"DD_long不可识别；","") | AV84: 54.89754 | AW84: 0-5亿元 | AX84: 2026-08-24 | AY84: 深圳鑫泰禾私募证券投资基金管理有限公司 | AZ84: 2026-08-24 | BA84: https://gs.amac.org.cn/amac-infodisc/res/pof/manager/101000041857.html | BB84: 鑫泰禾汇投1号私募证券投资基金 | BC84: 2024-09-13 | BD84: 已匹配 | BE84: https://gs.amac.org.cn/amac-infodisc/res/pof/fund/2305191728101923.html | BF84: 已核验
A85: 69 | B85: 金和和善对冲5号 | C85: ='sheet4-原始数据'!B70 | D85: 上海金和晟 | E85: 2023-04-26 | F85: 3.3895 | G85: =IF(F85="","",IF(F85<1,"不入池","入池")) | H85: 20-50亿元 | I85: 90 | J85: 无低于1000万元标识 | K85: 100 | L85: 100 | M85: 0.0469 | N85: 0.1085 | P85: 0.14064617 | Q85: 43.75 | R85: 87.5 | S85: 61.25 | T85: 0.7692 | U85: 0.8378 | V85: 0.87495833 | W85: 76.92 | X85: 87.495833 | Y85: 81.15 | Z85: 0.011586255 | AA85: 0.0116 | AB85: 0.0116 | AC85: 83.62 | AD85: 4.0479 | AG85: 62.59 | AI85: 62.59 | AJ85: 0.1085 | AK85: 80 | AL85: 96 | AM85: 67.22 | AN85: 83.62 | AO85: 62.59 | AP85: 80 | AQ85: 0.88 | AR85: 68.01522 | AS85: 77.29 | AT85: 76 | AU85: =IF(I85="","管理人规模；","")&IF(J85="","产品规模标识；","")&IF(AND(F85<3,O85=""),"R_incep；","")&IF(N85="","近三年收益；","")&IF(U85="","近三年胜率；","")&IF(AND(V85<>"",OR(V85<0,V85>1)),"胜率窗口口径不一致；","")&IF(AA85="","近三年回撤；","")&IF(AD85="","短期卡玛；","")&IF(AND(P85<>"",AE85=""),"DD_long不可识别；","") | AW85: 20-50亿元 | AX85: 2026-03-27 | AY85: 上海金和晟私募基金管理有限公司 | AZ85: 2026-03-27 | BA85: https://gs.amac.org.cn/amac-infodisc/res/pof/manager/2010280957108370.html | BB85: 金和和善对冲5号私募证券投资基金 | BC85: 2026-08-04 | BD85: 已匹配 | BE85: https://gs.amac.org.cn/amac-infodisc/res/pof/fund/2305251549108521.html | BF85: 已核验
A86: 70 | B86: 银瓴汇金3号 | C86: ='sheet4-原始数据'!B71 | D86: 广西银瓴资产 | E86: 2023-05-19 | F86: 3.3265 | G86: =IF(F86="","",IF(F86<1,"不入池","入池")) | H86: 0-5亿元 | I86: 60 | J86: 低于1000万元 | K86: 0 | L86: 100 | M86: -0.0413 | N86: 0.0116 | P86: 0.039134747 | Q86: 9.38 | R86: 26.5 | S86: 16.23 | T86: 0.3846 | U86: 0.5135 | V86: 0.58332083 | W86: 38.46 | X86: 58.332083 | Y86: 46.41 | Z86: 0.12277051 | AA86: 0.1227 | AB86: 0.12277051 | AC86: 19.86 | AD86: -0.3364 | AG86: 9.79 | AI86: 9.79 | AJ86: 0.0116 | AK86: 80 | AL86: 54 | AM86: 25.28 | AN86: 19.86 | AO86: 9.79 | AP86: 80 | AQ86: 0.88 | AR86: 27.88365 | AS86: 31.69 | AT86: 290 | AU86: =IF(I86="","管理人规模；","")&IF(J86="","产品规模标识；","")&IF(AND(F86<3,O86=""),"R_incep；","")&IF(N86="","近三年收益；","")&IF(U86="","近三年胜率；","")&IF(AND(V86<>"",OR(V86<0,V86>1)),"胜率窗口口径不一致；","")&IF(AA86="","近三年回撤；","")&IF(AD86="","短期卡玛；","")&IF(AND(P86<>"",AE86=""),"DD_long不可识别；","") | AW86: 0-5亿元 | AX86: 2026-07-09 | AY86: 广西银瓴资产管理有限公司 | AZ86: 2026-07-09 | BA86: https://gs.amac.org.cn/amac-infodisc/res/pof/manager/101000035485.html | BB86: 银瓴汇金3号私募证券投资基金 | BC86: 2024-09-19 | BD86: 已匹配 | BE86: https://gs.amac.org.cn/amac-infodisc/res/pof/fund/2305291055109569.html | BF86: 已核验
A87: 71 | B87: 奶酪鑫鑫宝二号 | C87: ='sheet4-原始数据'!B72 | D87: 广东奶酪 | E87: 2023-06-15 | F87: 3.2526 | G87: =IF(F87="","",IF(F87<1,"不入池","入池")) | H87: 10-20亿元 | I87: 80 | J87: 无低于1000万元标识 | K87: 100 | L87: 100 | M87: 0.0669 | N87: 0.0474 | P87: 0.037784062 | Q87: 56.6 | R87: 23.5 | S87: 43.36 | T87: 1 | U87: 1 | V87: 1 | W87: 100 | X87: 100 | Y87: 100 | AA87: 0 | AB87: 0 | AC87: 100 | AJ87: 0.0474 | AK87: 100 | AL87: 92 | AM87: 60.35 | AN87: 100 | AP87: 100 | AQ87: 0.7 | AR87: 60.8704 | AS87: 86.96 | AT87: 24 | AU87: =IF(I87="","管理人规模；","")&IF(J87="","产品规模标识；","")&IF(AND(F87<3,O87=""),"R_incep；","")&IF(N87="","近三年收益；","")&IF(U87="","近三年胜率；","")&IF(AND(V87<>"",OR(V87<0,V87>1)),"胜率窗口口径不一致；","")&IF(AA87="","近三年回撤；","")&IF(AD87="","短期卡玛；","")&IF(AND(P87<>"",AE87=""),"DD_long不可识别；","") | AW87: 10-20亿元 | AX87: 2025-12-29 | AY87: 广东奶酪私募基金管理股份有限公司 | AZ87: 2025-12-29 | BA87: https://gs.amac.org.cn/amac-infodisc/res/pof/manager/101000045017.html | BB87: 奶酪鑫鑫宝二号私募证券投资基金 | BC87: 2026-01-30 | BD87: 已匹配 | BE87: https://gs.amac.org.cn/amac-infodisc/res/pof/fund/2306141909104356.html | BF87: 已核验
A88: 72 | B88: 岳皋泰山核心一号B类 | C88: ='sheet4-原始数据'!B73 | D88: 上海岳皋投资 | E88: 2021-09-08 | F88: 5.0185 | G88: =IF(F88="","",IF(F88<1,"不入池","入池")) | H88: 0-5亿元 | I88: 60 | J88: 无低于1000万元标识 | L88: 100 | M88: 0.0171 | N88: 0.0225 | P88: 0.025210742 | Q88: 22.57 | R88: 12.5 | S88: 18.54 | T88: 0.6923 | U88: 0.7297 | V88: 0.74995833 | W88: 69.23 | X88: 74.995833 | Y88: 71.54 | Z88: 0.033654792 | AA88: 0.0475 | AB88: 0.0475 | AC88: 45.64 | AD88: 0.5081 | AE88: 0.0475 | AF88: 0.53075246 | AG88: 25.52 | AH88: 19.12 | AI88: 22.96 | AJ88: 0.0225 | AK88: 80 | AL88: 77.14 | AM88: 34.44 | AN88: 45.64 | AO88: 22.96 | AP88: 80 | AQ88: 0.955 | AR88: 41.28606 | AS88: 43.23 | AT88: 252 | AU88: =IF(I88="","管理人规模；","")&IF(J88="","产品规模标识；","")&IF(AND(F88<3,O88=""),"R_incep；","")&IF(N88="","近三年收益；","")&IF(U88="","近三年胜率；","")&IF(AND(V88<>"",OR(V88<0,V88>1)),"胜率窗口口径不一致；","")&IF(AA88="","近三年回撤；","")&IF(AD88="","短期卡玛；","")&IF(AND(P88<>"",AE88=""),"DD_long不可识别；","") | AW88: 0-5亿元 | AX88: 2026-01-15 | AY88: 上海岳皋投资管理有限公司 上海岳皋投资管理有限公司 | AZ88: 2026-01-15 | BA88: https://gs.amac.org.cn/amac-infodisc/res/pof/manager/1812180906104012.html | BD88: 产品未匹配，管理人已按名称补录 | BF88: 未核验
A89: 73 | B89: 韵之嘉益 | C89: ='sheet4-原始数据'!B74 | D89: 北京韵之 | E89: 2023-08-03 | F89: 3.1184 | G89: =IF(F89="","",IF(F89<1,"不入池","入池")) | H89: 5-10亿元 | I89: 70 | J89: 无低于1000万元标识 | K89: 100 | L89: 100 | M89: -0.1209 | N89: -0.056 | P89: -0.021774789 | Q89: 2.78 | R89: 2 | S89: 2.47 | T89: 0.4615 | U89: 0.5676 | V89: 0.62507083 | W89: 46.15 | X89: 62.507083 | Y89: 52.69 | Z89: 0.15228618 | AA89: 0.1904 | AB89: 0.1904 | AC89: 11.5 | AD89: -0.7939 | AE89: 0.1904 | AF89: -0.11436339 | AG89: 3.15 | AH89: 2.94 | AI89: 3.07 | AJ89: -0.056 | AK89: 80 | AL89: 88 | AM89: 17.54 | AN89: 11.5 | AO89: 3.07 | AP89: 80 | AQ89: 1 | AR89: 28.50189 | AS89: 28.5 | AT89: 300 | AU89: =IF(I89="","管理人规模；","")&IF(J89="","产品规模标识；","")&IF(AND(F89<3,O89=""),"R_incep；","")&IF(N89="","近三年收益；","")&IF(U89="","近三年胜率；","")&IF(AND(V89<>"",OR(V89<0,V89>1)),"胜率窗口口径不一致；","")&IF(AA89="","近三年回撤；","")&IF(AD89="","短期卡玛；","")&IF(AND(P89<>"",AE89=""),"DD_long不可识别；","") | AV89: 28.50189 | AW89: 5-10亿元 | AX89: 2026-05-08 | AY89: 北京韵之私募基金管理有限公司 | AZ89: 2026-05-08 | BA89: https://gs.amac.org.cn/amac-infodisc/res/pof/manager/1609291216100602.html | BB89: 韵之嘉益私募证券投资基金 | BC89: 2023-08-11 | BD89: 已匹配 | BE89: https://gs.amac.org.cn/amac-infodisc/res/pof/fund/2308101835106229.html | BF89: 已核验
A90: 74 | B90: 杨湜套利1号 | C90: ='sheet4-原始数据'!B75 | D90: 上海杨湜投资 | E90: 2023-08-18 | F90: 3.0773 | G90: =IF(F90="","",IF(F90<1,"不入池","入池")) | H90: 10-20亿元 | I90: 80 | J90: 无低于1000万元标识 | K90: 100 | L90: 100 | M90: 0.0729 | N90: 0.0802 | P90: 0.083868605 | Q90: 61.11 | R90: 68.5 | S90: 64.07 | T90: 0.7692 | U90: 0.8378 | V90: 0.87495833 | W90: 76.92 | X90: 87.495833 | Y90: 81.15 | Z90: 0.022042816 | AA90: 0.023 | AB90: 0.023 | AC90: 70.38 | AD90: 3.3072 | AE90: 0.023 | AF90: 3.6464611 | AG90: 56.64 | AH90: 79.41 | AI90: 65.75 | AJ90: 0.0802 | AK90: 80 | AL90: 92 | AM90: 69.19 | AN90: 70.38 | AO90: 65.75 | AP90: 80 | AQ90: 1 | AR90: 72.95766 | AS90: 72.96 | AT90: 98 | AU90: =IF(I90="","管理人规模；","")&IF(J90="","产品规模标识；","")&IF(AND(F90<3,O90=""),"R_incep；","")&IF(N90="","近三年收益；","")&IF(U90="","近三年胜率；","")&IF(AND(V90<>"",OR(V90<0,V90>1)),"胜率窗口口径不一致；","")&IF(AA90="","近三年回撤；","")&IF(AD90="","短期卡玛；","")&IF(AND(P90<>"",AE90=""),"DD_long不可识别；","") | AV90: 72.95766 | AW90: 10-20亿元 | AX90: 2026-06-25 | AY90: 上海杨湜资产管理中心(有限合伙) | AZ90: 2026-06-25 | BA90: https://gs.amac.org.cn/amac-infodisc/res/pof/manager/101000070776.html | BB90: 杨湜套利1号私募证券投资基金 | BC90: 2026-07-14 | BD90: 已匹配 | BE90: https://gs.amac.org.cn/amac-infodisc/res/pof/fund/2308231811111489.html | BF90: 已核验
A91: 75 | B91: 奶酪平价套利稳健一号 | C91: ='sheet4-原始数据'!B76 | D91: 广东奶酪 | E91: 2023-09-05 | F91: 3.0281 | G91: =IF(F91="","",IF(F91<1,"不入池","入池")) | H91: 10-20亿元 | I91: 80 | J91: 无低于1000万元标识 | K91: 100 | L91: 100 | M91: 0.0727 | N91: 0.0393 | P91: 0.022992031 | Q91: 60.76 | R91: 12 | S91: 41.26 | T91: 1 | U91: 0.8108 | V91: 0.70831667 | W91: 100 | X91: 70.831667 | Y91: 88.33 | Z91: 0.0024641144 | AA91: 0.0073 | AB91: 0.0073 | AC91: 88.85 | AD91: 29.5035 | AE91: 0.0073 | AF91: 3.1495933 | AG91: 94.06 | AH91: 77.21 | AI91: 87.32 | AJ91: 0.0393 | AK91: 100 | AL91: 92 | AM91: 55.38 | AN91: 88.85 | AO91: 87.32 | AP91: 100 | AQ91: 1 | AR91: 83.2843 | AS91: 83.28 | AT91: 45 | AU91: =IF(I91="","管理人规模；","")&IF(J91="","产品规模标识；","")&IF(AND(F91<3,O91=""),"R_incep；","")&IF(N91="","近三年收益；","")&IF(U91="","近三年胜率；","")&IF(AND(V91<>"",OR(V91<0,V91>1)),"胜率窗口口径不一致；","")&IF(AA91="","近三年回撤；","")&IF(AD91="","短期卡玛；","")&IF(AND(P91<>"",AE91=""),"DD_long不可识别；","") | AV91: 83.2843 | AW91: 10-20亿元 | AX91: 2025-12-29 | AY91: 广东奶酪私募基金管理股份有限公司 | AZ91: 2025-12-29 | BA91: https://gs.amac.org.cn/amac-infodisc/res/pof/manager/101000045017.html | BB91: 奶酪平价套利稳健一号私募证券投资基金 | BC91: 2026-04-16 | BD91: 已匹配 | BE91: https://gs.amac.org.cn/amac-infodisc/res/pof/fund/2309041554106885.html | BF91: 已核验
A92: 76 | B92: 银万财派恒星套利1号 | C92: ='sheet4-原始数据'!B77 | D92: 浙江银万 | E92: 2023-08-17 | F92: 3.0801 | G92: =IF(F92="","",IF(F92<1,"不入池","入池")) | H92: 20-50亿元 | I92: 90 | J92: 无低于1000万元标识 | K92: 100 | L92: 100 | M92: 0.1001 | N92: 0.0627 | P92: 0.044479543 | Q92: 76.39 | R92: 32 | S92: 58.63 | T92: 0.4615 | U92: 0.5135 | V92: 0.54166667 | W92: 46.15 | X92: 54.166667 | Y92: 49.36 | Z92: 0.059523102 | AA92: 0.0791 | AB92: 0.0791 | AC92: 33.8 | AD92: 1.6817 | AE92: 0.0791 | AF92: 0.5623204 | AG92: 43.36 | AH92: 19.85 | AI92: 33.96 | AJ92: 0.0627 | AK92: 100 | AL92: 96 | AM92: 55.85 | AN92: 33.8 | AO92: 33.96 | AP92: 100 | AQ92: 1 | AR92: 54.20696 | AS92: 54.21 | AT92: 200 | AU92: =IF(I92="","管理人规模；","")&IF(J92="","产品规模标识；","")&IF(AND(F92<3,O92=""),"R_incep；","")&IF(N92="","近三年收益；","")&IF(U92="","近三年胜率；","")&IF(AND(V92<>"",OR(V92<0,V92>1)),"胜率窗口口径不一致；","")&IF(AA92="","近三年回撤；","")&IF(AD92="","短期卡玛；","")&IF(AND(P92<>"",AE92=""),"DD_long不可识别；","") | AV92: 54.20696 | AW92: 20-50亿元 | AX92: 2026-06-09 | AY92: 浙江银万私募基金管理有限公司 | AZ92: 2026-06-09 | BA92: https://gs.amac.org.cn/amac-infodisc/res/pof/manager/101000005988.html | BB92: 银万财派恒星套利1号私募证券投资基金 | BC92: 2026-06-25 | BD92: 已匹配 | BE92: https://gs.amac.org.cn/amac-infodisc/res/pof/fund/2309061045107529.html | BF92: 已核验
A93: 77 | B93: 佳泽信享5号A类 | C93: ='sheet4-原始数据'!B78 | D93: 海南佳泽 | E93: 2023-01-10 | F93: 3.6797 | G93: =IF(F93="","",IF(F93<1,"不入池","入池")) | H93: 0-5亿元 | I93: 60 | J93: 无低于1000万元标识 | L93: 100 | M93: 0.0733 | N93: 0.0581 | P93: 0.050580915 | Q93: 61.81 | R93: 37.5 | S93: 52.09 | T93: 0.9231 | U93: 0.8108 | V93: 0.74997083 | W93: 92.31 | X93: 74.997083 | Y93: 85.38 | Z93: 0.0045895973 | AA93: 0.0244 | AB93: 0.0244 | AC93: 68.82 | AD93: 15.9709 | AE93: 0.0244 | AF93: 2.0729883 | AG93: 87.76 | AH93: 67.65 | AI93: 79.72 | AJ93: 0.0581 | AK93: 100 | AL93: 77.14 | AM93: 62.08 | AN93: 68.82 | AO93: 79.72 | AP93: 100 | AQ93: 0.955 | AR93: 71.63493 | AS93: 75.01 | AT93: 90 | AU93: =IF(I93="","管理人规模；","")&IF(J93="","产品规模标识；","")&IF(AND(F93<3,O93=""),"R_incep；","")&IF(N93="","近三年收益；","")&IF(U93="","近三年胜率；","")&IF(AND(V93<>"",OR(V93<0,V93>1)),"胜率窗口口径不一致；","")&IF(AA93="","近三年回撤；","")&IF(AD93="","短期卡玛；","")&IF(AND(P93<>"",AE93=""),"DD_long不可识别；","") | AW93: 0-5亿元 | AX93: 2026-08-07 | AY93: 海南佳泽私募基金管理合伙企业（有限合伙） 海南佳泽私募基金管理合伙企业（有限合伙） | AZ93: 2026-08-07 | BA93: https://gs.amac.org.cn/amac-infodisc/res/pof/manager/2202171443109430.html | BD93: 产品未匹配，管理人已按名称补录 | BF93: 未核验
A94: 78 | B94: 佳泽信享5号B类 | C94: ='sheet4-原始数据'!B79 | D94: 海南佳泽 | E94: 2023-01-10 | F94: 3.6797 | G94: =IF(F94="","",IF(F94<1,"不入池","入池")) | H94: 0-5亿元 | I94: 60 | J94: 无低于1000万元标识 | L94: 100 | M94: 0.0627 | N94: 0.0477 | P94: 0.040279585 | Q94: 53.13 | R94: 27 | S94: 42.68 | T94: 0.8462 | U94: 0.7297 | V94: 0.66659583 | W94: 84.62 | X94: 66.659583 | Y94: 77.44 | Z94: 0.0048821129 | AA94: 0.0246 | AB94: 0.0246 | AC94: 68.12 | AD94: 12.8428 | AE94: 0.0246 | AF94: 1.6373815 | AG94: 85.66 | AH94: 58.82 | AI94: 74.92 | AJ94: 0.0477 | AK94: 100 | AL94: 77.14 | AM94: 53.11 | AN94: 68.12 | AO94: 74.92 | AP94: 100 | AQ94: 0.955 | AR94: 68.22827 | AS94: 71.44 | AT94: 109 | AU94: =IF(I94="","管理人规模；","")&IF(J94="","产品规模标识；","")&IF(AND(F94<3,O94=""),"R_incep；","")&IF(N94="","近三年收益；","")&IF(U94="","近三年胜率；","")&IF(AND(V94<>"",OR(V94<0,V94>1)),"胜率窗口口径不一致；","")&IF(AA94="","近三年回撤；","")&IF(AD94="","短期卡玛；","")&IF(AND(P94<>"",AE94=""),"DD_long不可识别；","") | AW94: 0-5亿元 | AX94: 2026-08-07 | AY94: 海南佳泽私募基金管理合伙企业（有限合伙） 海南佳泽私募基金管理合伙企业（有限合伙） | AZ94: 2026-08-07 | BA94: https://gs.amac.org.cn/amac-infodisc/res/pof/manager/2202171443109430.html | BD94: 产品未匹配，管理人已按名称补录 | BF94: 未核验
A95: 79 | B95: 鋆晟衡泰进取1号 | C95: ='sheet4-原始数据'!B80 | D95: 上海鋆晟投资 | E95: 2023-09-22 | F95: 2.9815 | G95: =IF(F95="","",IF(F95<1,"不入池","入池")) | H95: 5-10亿元 | I95: 70 | J95: 无低于1000万元标识 | K95: 100 | L95: 70 | M95: 0.0902 | Q95: 72.4 | S95: 72.4 | T95: 0.8462 | W95: 84.62 | Y95: 84.62 | Z95: 0.025318588 | AB95: 0.025318588 | AC95: 65.51 | AD95: 3.5626 | AG95: 60.14 | AI95: 60.14 | AL95: 79 | AM95: 76.07 | AN95: 65.51 | AO95: 60.14 | AQ95: 0.7 | AR95: 48.18062 | AS95: 68.83 | AT95: 131 | AU95: =IF(I95="","管理人规模；","")&IF(J95="","产品规模标识；","")&IF(AND(F95<3,O95=""),"R_incep；","")&IF(N95="","近三年收益；","")&IF(U95="","近三年胜率；","")&IF(AND(V95<>"",OR(V95<0,V95>1)),"胜率窗口口径不一致；","")&IF(AA95="","近三年回撤；","")&IF(AD95="","短期卡玛；","")&IF(AND(P95<>"",AE95=""),"DD_long不可识别；","") | AW95: 5-10亿元 | AX95: 2026-08-24 | AY95: 上海鋆晟投资管理有限公司 | AZ95: 2026-08-24 | BA95: https://gs.amac.org.cn/amac-infodisc/res/pof/manager/101000039679.html | BB95: 鋆晟衡泰进取1号私募证券投资基金 | BC95: 2025-03-12 | BD95: 已匹配 | BE95: https://gs.amac.org.cn/amac-infodisc/res/pof/fund/2309271703101145.html | BF95: 已核验
A96: 80 | B96: 嘉和传承精研倍赢一期 | C96: ='sheet4-原始数据'!B81 | D96: 上海嘉和传承 | E96: 2023-11-14 | F96: 2.8364 | G96: =IF(F96="","",IF(F96<1,"不入池","入池")) | H96: 5-10亿元 | I96: 70 | J96: 无低于1000万元标识 | K96: 100 | L96: 70 | M96: 0.2822 | Q96: 95.14 | S96: 95.14 | T96: 0.6923 | W96: 69.23 | Y96: 69.23 | Z96: 0.13243852 | AB96: 0.13243852 | AC96: 18.12 | AD96: 2.1308 | AG96: 48.95 | AI96: 48.95 | AL96: 79 | AM96: 87.37 | AN96: 18.12 | AO96: 48.95 | AQ96: 0.7 | AR96: 35.67504 | AS96: 50.96 | AT96: 216 | AU96: =IF(I96="","管理人规模；","")&IF(J96="","产品规模标识；","")&IF(AND(F96<3,O96=""),"R_incep；","")&IF(N96="","近三年收益；","")&IF(U96="","近三年胜率；","")&IF(AND(V96<>"",OR(V96<0,V96>1)),"胜率窗口口径不一致；","")&IF(AA96="","近三年回撤；","")&IF(AD96="","短期卡玛；","")&IF(AND(P96<>"",AE96=""),"DD_long不可识别；","") | AW96: 5-10亿元 | AX96: 2025-08-08 | AY96: 上海嘉和传承私募基金管理有限公司 | AZ96: 2025-08-08 | BA96: https://gs.amac.org.cn/amac-infodisc/res/pof/manager/2203031405108672.html | BB96: 嘉和传承精研倍赢一期私募证券投资基金 | BC96: 2026-06-05 | BD96: 已匹配 | BE96: https://gs.amac.org.cn/amac-infodisc/res/pof/fund/2311201000109695.html | BF96: 已核验
A97: 81 | B97: 嘉和传承精研倍赢一期A类 | C97: ='sheet4-原始数据'!B82 | D97: 上海嘉和传承 | E97: 2023-11-14 | F97: 2.8364 | G97: =IF(F97="","",IF(F97<1,"不入池","入池")) | H97: 5-10亿元 | I97: 70 | J97: 无低于1000万元标识 | L97: 70 | M97: 0.283 | Q97: 95.83 | S97: 95.83 | T97: 0.6923 | W97: 69.23 | Y97: 69.23 | Z97: 0.13245343 | AB97: 0.13245343 | AC97: 17.77 | AD97: 2.1366 | AG97: 49.3 | AI97: 49.3 | AL97: 70 | AM97: 87.85 | AN97: 17.77 | AO97: 49.3 | AQ97: 0.655 | AR97: 31.2085 | AS97: 47.65 | AT97: 235 | AU97: =IF(I97="","管理人规模；","")&IF(J97="","产品规模标识；","")&IF(AND(F97<3,O97=""),"R_incep；","")&IF(N97="","近三年收益；","")&IF(U97="","近三年胜率；","")&IF(AND(V97<>"",OR(V97<0,V97>1)),"胜率窗口口径不一致；","")&IF(AA97="","近三年回撤；","")&IF(AD97="","短期卡玛；","")&IF(AND(P97<>"",AE97=""),"DD_long不可识别；","") | AW97: 5-10亿元 | AX97: 2025-08-08 | AY97: 上海嘉和传承私募基金管理有限公司 上海嘉和传承私募基金管理有限公司 | AZ97: 2025-08-08 | BA97: https://gs.amac.org.cn/amac-infodisc/res/pof/manager/2203031405108672.html | BD97: 产品未匹配，管理人已按名称补录 | BF97: 未核验
A98: 82 | B98: 广联宏丰利1号 | C98: ='sheet4-原始数据'!B83 | D98: 海南广联宏 | E98: 2024-01-31 | F98: 2.6229 | G98: =IF(F98="","",IF(F98<1,"不入池","入池")) | H98: 5-10亿元 | I98: 70 | J98: 无低于1000万元标识 | K98: 100 | L98: 70 | M98: 0.4997 | Q98: 98.61 | S98: 98.61 | T98: 0.8462 | W98: 84.62 | Y98: 84.62 | Z98: 0.05140259 | AB98: 0.05140259 | AC98: 43.9 | AD98: 9.7213 | AG98: 79.72 | AI98: 79.72 | AL98: 79 | AM98: 94.41 | AN98: 43.9 | AO98: 79.72 | AQ98: 0.7 | AR98: 48.50416 | AS98: 69.29 | AT98: 124 | AU98: =IF(I98="","管理人规模；","")&IF(J98="","产品规模标识；","")&IF(AND(F98<3,O98=""),"R_incep；","")&IF(N98="","近三年收益；","")&IF(U98="","近三年胜率；","")&IF(AND(V98<>"",OR(V98<0,V98>1)),"胜率窗口口径不一致；","")&IF(AA98="","近三年回撤；","")&IF(AD98="","短期卡玛；","")&IF(AND(P98<>"",AE98=""),"DD_long不可识别；","") | AW98: 5-10亿元 | AX98: 2025-09-10 | AY98: 海南广联宏私募基金管理有限公司 | AZ98: 2025-09-10 | BA98: https://gs.amac.org.cn/amac-infodisc/res/pof/manager/2109061042100364.html | BB98: 广联宏丰利1号私募证券投资基金 | BC98: 2024-02-06 | BD98: 已匹配 | BE98: https://gs.amac.org.cn/amac-infodisc/res/pof/fund/2402061715110753.html | BF98: 已核验
A99: 83 | B99: 简文长风1号 | C99: ='sheet4-原始数据'!B84 | D99: 上海简文 | E99: 2024-01-29 | F99: 2.6283 | G99: =IF(F99="","",IF(F99<1,"不入池","入池")) | H99: 10-20亿元 | I99: 80 | J99: 无低于1000万元标识 | K99: 100 | L99: 70 | M99: 0.0871 | Q99: 70.14 | S99: 70.14 | T99: 0.5385 | W99: 53.85 | Y99: 53.85 | Z99: 0.11794177 | AB99: 0.11794177 | AC99: 21.6 | AD99: 0.7385 | AG99: 29.37 | AI99: 29.37 | AL99: 83 | AM99: 65.25 | AN99: 21.6 | AO99: 29.37 | AQ99: 0.7 | AR99: 30.96696 | AS99: 44.24 | AT99: 244 | AU99: =IF(I99="","管理人规模；","")&IF(J99="","产品规模标识；","")&IF(AND(F99<3,O99=""),"R_incep；","")&IF(N99="","近三年收益；","")&IF(U99="","近三年胜率；","")&IF(AND(V99<>"",OR(V99<0,V99>1)),"胜率窗口口径不一致；","")&IF(AA99="","近三年回撤；","")&IF(AD99="","短期卡玛；","")&IF(AND(P99<>"",AE99=""),"DD_long不可识别；","") | AW99: 10-20亿元 | AX99: 2025-04-23 | AY99: 上海简文私募基金管理有限公司 | AZ99: 2025-04-23 | BA99: https://gs.amac.org.cn/amac-infodisc/res/pof/manager/101000033419.html | BB99: 简文长风1号私募证券投资基金 | BC99: 2025-12-22 | BD99: 已匹配 | BE99: https://gs.amac.org.cn/amac-infodisc/res/pof/fund/2403251659102187.html | BF99: 已核验
A100: 84 | B100: 巨量边界ETF对冲1号 | C100: ='sheet4-原始数据'!B85 | D100: 北京巨量边界 | E100: 2024-03-28 | F100: 2.4668 | G100: =IF(F100="","",IF(F100<1,"不入池","入池")) | H100: 20-50亿元 | I100: 90 | J100: 低于1000万元 | K100: 0 | L100: 70 | M100: 0.0907 | Q100: 72.92 | S100: 72.92 | T100: 0.7692 | W100: 76.92 | Y100: 76.92 | Z100: 0.016816538 | AB100: 0.016816538 | AC100: 75.61 | AD100: 5.3935 | AG100: 67.48 | AI100: 67.48 | AL100: 57 | AM100: 74.12 | AN100: 75.61 | AO100: 67.48 | AQ100: 0.7 | AR100: 48.4933 | AS100: 69.28 | AT100: 125 | AU100: =IF(I100="","管理人规模；","")&IF(J100="","产品规模标识；","")&IF(AND(F100<3,O100=""),"R_incep；","")&IF(N100="","近三年收益；","")&IF(U100="","近三年胜率；","")&IF(AND(V100<>"",OR(V100<0,V100>1)),"胜率窗口口径不一致；","")&IF(AA100="","近三年回撤；","")&IF(AD100="","短期卡玛；","")&IF(AND(P100<>"",AE100=""),"DD_long不可识别；","") | AW100: 20-50亿元 | AX100: 2025-05-07 | AY100: 北京巨量边界私募基金管理有限公司 | AZ100: 2025-05-07 | BA100: https://gs.amac.org.cn/amac-infodisc/res/pof/manager/2107271706122405.html | BB100: 巨量边界ETF对冲1号私募证券投资基金 | BC100: 2025-01-21 | BD100: 已匹配 | BE100: https://gs.amac.org.cn/amac-infodisc/res/pof/fund/2404030958107001.html | BF100: 已核验
A101: 85 | B101: 慕途商品套利1号 | C101: ='sheet4-原始数据'!B86 | D101: 慕途基金 | E101: 2024-03-25 | F101: 2.475 | G101: =IF(F101="","",IF(F101<1,"不入池","入池")) | H101: 10-20亿元 | I101: 80 | J101: 无低于1000万元标识 | K101: 100 | L101: 70 | M101: 0.1287 | Q101: 82.99 | S101: 82.99 | T101: 0.8462 | W101: 84.62 | Y101: 84.62 | Z101: 0.012589013 | AB101: 0.012589013 | AC101: 82.93 | AD101: 10.2232 | AG101: 81.12 | AI101: 81.12 | AL101: 83 | AM101: 83.48 | AN101: 82.93 | AO101: 81.12 | AQ101: 0.7 | AR101: 57.80158 | AS101: 82.57 | AT101: 47 | AU101: =IF(I101="","管理人规模；","")&IF(J101="","产品规模标识；","")&IF(AND(F101<3,O101=""),"R_incep；","")&IF(N101="","近三年收益；","")&IF(U101="","近三年胜率；","")&IF(AND(V101<>"",OR(V101<0,V101>1)),"胜率窗口口径不一致；","")&IF(AA101="","近三年回撤；","")&IF(AD101="","短期卡玛；","")&IF(AND(P101<>"",AE101=""),"DD_long不可识别；","") | AW101: 10-20亿元 | AX101: 2026-06-12 | AY101: 上海慕途私募基金管理有限公司 | AZ101: 2026-06-12 | BA101: https://gs.amac.org.cn/amac-infodisc/res/pof/manager/2106221238106983.html | BB101: 慕途商品套利1号私募证券投资基金 | BC101: 2026-07-06 | BD101: 已匹配 | BE101: https://gs.amac.org.cn/amac-infodisc/res/pof/fund/2404081616103724.html | BF101: 已核验
A102: 86 | B102: 远澜冬青跨境套利1号 | C102: ='sheet4-原始数据'!B87 | D102: 上海远澜 | E102: 2024-03-22 | F102: 2.4832 | G102: =IF(F102="","",IF(F102<1,"不入池","入池")) | H102: 100亿元以上 | I102: 100 | J102: 低于1000万元 | K102: 0 | L102: 70 | M102: 0.2755 | Q102: 94.79 | S102: 94.79 | T102: 0.3846 | W102: 38.46 | Y102: 38.46 | Z102: 0.18348318 | AB102: 0.18348318 | AC102: 11.85 | AD102: 1.5015 | AG102: 40.56 | AI102: 40.56 | AL102: 61 | AM102: 77.89 | AN102: 11.85 | AO102: 40.56 | AQ102: 0.7 | AR102: 28.76022 | AS102: 41.09 | AT102: 263 | AU102: =IF(I102="","管理人规模；","")&IF(J102="","产品规模标识；","")&IF(AND(F102<3,O102=""),"R_incep；","")&IF(N102="","近三年收益；","")&IF(U102="","近三年胜率；","")&IF(AND(V102<>"",OR(V102<0,V102>1)),"胜率窗口口径不一致；","")&IF(AA102="","近三年回撤；","")&IF(AD102="","短期卡玛；","")&IF(AND(P102<>"",AE102=""),"DD_long不可识别；","") | AW102: 100亿元以上 | AX102: 2026-05-08 | AY102: 上海远澜私募基金管理有限公司 | AZ102: 2026-05-08 | BA102: https://gs.amac.org.cn/amac-infodisc/res/pof/manager/101000022626.html | BB102: 远澜冬青跨境套利1号私募证券投资基金 | BC102: 2024-04-10 | BD102: 已匹配 | BE102: https://gs.amac.org.cn/amac-infodisc/res/pof/fund/2404091900108594.html | BF102: 已核验
...

Sheet sheet3-分类汇总
A1: 私募基金大类指标赋分与排名
A2: 本版评分范围为模板Sheet2的314只产品；数据截至2026-09-11；协会规模按公示区间分组，5亿元边界已注明。
A4: 基本信息 | F4: 二级指标得分 | N4: 大类指标得分 | S4: 总分、完整度与追溯
A5: 排名 | B5: 产品名称 | C5: 备案号 | D5: 管理人 | E5: 入池状态 | F5: 管理人规模分 | G5: 产品规模分 | H5: 成立年限分 | I5: 年化收益分（可用折算） | J5: 月度胜率分（可用折算） | K5: 最大回撤分 | L5: 卡玛比率分（可用折算） | M5: 收益趋势分 | N5: 管理人及产品 | O5: 收益能力 | P5: 风险控制 | Q5: 风险调整收益 | R5: 业绩一致性/趋势 | S5: 有效权重 | T5: 加权总分（不补缺） | U5: 可比总分 | V5: 严格总分 | W5: 数据缺口 | X5: 明细相对行
A6: 1 | B6: =IF($X6="","",INDEX('sheet2-计算明细'!$B$17:$B$330,$X6)) | C6: =IF($X6="","",INDEX('sheet2-计算明细'!$C$17:$C$330,$X6)) | D6: =IF($X6="","",INDEX('sheet2-计算明细'!$D$17:$D$330,$X6)) | E6: =IF($X6="","",INDEX('sheet2-计算明细'!$G$17:$G$330,$X6)) | F6: =IF($X6="","",INDEX('sheet2-计算明细'!$I$17:$I$330,$X6)) | G6: =IF($X6="","",INDEX('sheet2-计算明细'!$K$17:$K$330,$X6)) | H6: =IF($X6="","",INDEX('sheet2-计算明细'!$L$17:$L$330,$X6)) | I6: =IF($X6="","",INDEX('sheet2-计算明细'!$S$17:$S$330,$X6)) | J6: =IF($X6="","",INDEX('sheet2-计算明细'!$Y$17:$Y$330,$X6)) | K6: =IF($X6="","",INDEX('sheet2-计算明细'!$AC$17:$AC$330,$X6)) | L6: =IF($X6="","",INDEX('sheet2-计算明细'!$AI$17:$AI$330,$X6)) | M6: =IF($X6="","",INDEX('sheet2-计算明细'!$AK$17:$AK$330,$X6)) | N6: =IF(COUNT(F6:H6)=0,"",ROUND((IF(ISNUMBER(F6),F6*40%,0)+IF(ISNUMBER(G6),G6*30%,0)+IF(ISNUMBER(H6),H6*30%,0))/(IF(ISNUMBER(F6),40%,0)+IF(ISNUMBER(G6),30%,0)+IF(ISNUMBER(H6),30%,0)),2)) | O6: =IF(COUNT(I6:J6)=0,"",ROUND((IF(ISNUMBER(I6),I6*70%,0)+IF(ISNUMBER(J6),J6*30%,0))/(IF(ISNUMBER(I6),70%,0)+IF(ISNUMBER(J6),30%,0)),2)) | P6: =K6 | Q6: =L6 | R6: =M6 | S6: =IF($X6="","",INDEX('sheet2-计算明细'!$AQ$17:$AQ$330,$X6)) | T6: =IF($X6="","",INDEX('sheet2-计算明细'!$AR$17:$AR$330,$X6)) | U6: =IF(S6=0,"",ROUND(T6/S6,2)) | V6: =IF(S6=100%,T6,"") | W6: =IF($X6="","",INDEX('sheet2-计算明细'!$AU$17:$AU$330,$X6)) | X6: =IF($A6>COUNT('sheet2-计算明细'!$AT$17:$AT$330),"",MATCH($A6,'sheet2-计算明细'!$AT$17:$AT$330,0))
A7: 2 | B7: =IF($X7="","",INDEX('sheet2-计算明细'!$B$17:$B$330,$X7)) | C7: =IF($X7="","",INDEX('sheet2-计算明细'!$C$17:$C$330,$X7)) | D7: =IF($X7="","",INDEX('sheet2-计算明细'!$D$17:$D$330,$X7)) | E7: =IF($X7="","",INDEX('sheet2-计算明细'!$G$17:$G$330,$X7)) | F7: =IF($X7="","",INDEX('sheet2-计算明细'!$I$17:$I$330,$X7)) | G7: =IF($X7="","",INDEX('sheet2-计算明细'!$K$17:$K$330,$X7)) | H7: =IF($X7="","",INDEX('sheet2-计算明细'!$L$17:$L$330,$X7)) | I7: =IF($X7="","",INDEX('sheet2-计算明细'!$S$17:$S$330,$X7)) | J7: =IF($X7="","",INDEX('sheet2-计算明细'!$Y$17:$Y$330,$X7)) | K7: =IF($X7="","",INDEX('sheet2-计算明细'!$AC$17:$AC$330,$X7)) | L7: =IF($X7="","",INDEX('sheet2-计算明细'!$AI$17:$AI$330,$X7)) | M7: =IF($X7="","",INDEX('sheet2-计算明细'!$AK$17:$AK$330,$X7)) | N7: =IF(COUNT(F7:H7)=0,"",ROUND((IF(ISNUMBER(F7),F7*40%,0)+IF(ISNUMBER(G7),G7*30%,0)+IF(ISNUMBER(H7),H7*30%,0))/(IF(ISNUMBER(F7),40%,0)+IF(ISNUMBER(G7),30%,0)+IF(ISNUMBER(H7),30%,0)),2)) | O7: =IF(COUNT(I7:J7)=0,"",ROUND((IF(ISNUMBER(I7),I7*70%,0)+IF(ISNUMBER(J7),J7*30%,0))/(IF(ISNUMBER(I7),70%,0)+IF(ISNUMBER(J7),30%,0)),2)) | P7: =K7 | Q7: =L7 | R7: =M7 | S7: =IF($X7="","",INDEX('sheet2-计算明细'!$AQ$17:$AQ$330,$X7)) | T7: =IF($X7="","",INDEX('sheet2-计算明细'!$AR$17:$AR$330,$X7)) | U7: =IF(S7=0,"",ROUND(T7/S7,2)) | V7: =IF(S7=100%,T7,"") | W7: =IF($X7="","",INDEX('sheet2-计算明细'!$AU$17:$AU$330,$X7)) | X7: =IF($A7>COUNT('sheet2-计算明细'!$AT$17:$AT$330),"",MATCH($A7,'sheet2-计算明细'!$AT$17:$AT$330,0))
A8: 3 | B8: =IF($X8="","",INDEX('sheet2-计算明细'!$B$17:$B$330,$X8)) | C8: =IF($X8="","",INDEX('sheet2-计算明细'!$C$17:$C$330,$X8)) | D8: =IF($X8="","",INDEX('sheet2-计算明细'!$D$17:$D$330,$X8)) | E8: =IF($X8="","",INDEX('sheet2-计算明细'!$G$17:$G$330,$X8)) | F8: =IF($X8="","",INDEX('sheet2-计算明细'!$I$17:$I$330,$X8)) | G8: =IF($X8="","",INDEX('sheet2-计算明细'!$K$17:$K$330,$X8)) | H8: =IF($X8="","",INDEX('sheet2-计算明细'!$L$17:$L$330,$X8)) | I8: =IF($X8="","",INDEX('sheet2-计算明细'!$S$17:$S$330,$X8)) | J8: =IF($X8="","",INDEX('sheet2-计算明细'!$Y$17:$Y$330,$X8)) | K8: =IF($X8="","",INDEX('sheet2-计算明细'!$AC$17:$AC$330,$X8)) | L8: =IF($X8="","",INDEX('sheet2-计算明细'!$AI$17:$AI$330,$X8)) | M8: =IF($X8="","",INDEX('sheet2-计算明细'!$AK$17:$AK$330,$X8)) | N8: =IF(COUNT(F8:H8)=0,"",ROUND((IF(ISNUMBER(F8),F8*40%,0)+IF(ISNUMBER(G8),G8*30%,0)+IF(ISNUMBER(H8),H8*30%,0))/(IF(ISNUMBER(F8),40%,0)+IF(ISNUMBER(G8),30%,0)+IF(ISNUMBER(H8),30%,0)),2)) | O8: =IF(COUNT(I8:J8)=0,"",ROUND((IF(ISNUMBER(I8),I8*70%,0)+IF(ISNUMBER(J8),J8*30%,0))/(IF(ISNUMBER(I8),70%,0)+IF(ISNUMBER(J8),30%,0)),2)) | P8: =K8 | Q8: =L8 | R8: =M8 | S8: =IF($X8="","",INDEX('sheet2-计算明细'!$AQ$17:$AQ$330,$X8)) | T8: =IF($X8="","",INDEX('sheet2-计算明细'!$AR$17:$AR$330,$X8)) | U8: =IF(S8=0,"",ROUND(T8/S8,2)) | V8: =IF(S8=100%,T8,"") | W8: =IF($X8="","",INDEX('sheet2-计算明细'!$AU$17:$AU$330,$X8)) | X8: =IF($A8>COUNT('sheet2-计算明细'!$AT$17:$AT$330),"",MATCH($A8,'sheet2-计算明细'!$AT$17:$AT$330,0))
A9: 4 | B9: =IF($X9="","",INDEX('sheet2-计算明细'!$B$17:$B$330,$X9)) | C9: =IF($X9="","",INDEX('sheet2-计算明细'!$C$17:$C$330,$X9)) | D9: =IF($X9="","",INDEX('sheet2-计算明细'!$D$17:$D$330,$X9)) | E9: =IF($X9="","",INDEX('sheet2-计算明细'!$G$17:$G$330,$X9)) | F9: =IF($X9="","",INDEX('sheet2-计算明细'!$I$17:$I$330,$X9)) | G9: =IF($X9="","",INDEX('sheet2-计算明细'!$K$17:$K$330,$X9)) | H9: =IF($X9="","",INDEX('sheet2-计算明细'!$L$17:$L$330,$X9)) | I9: =IF($X9="","",INDEX('sheet2-计算明细'!$S$17:$S$330,$X9)) | J9: =IF($X9="","",INDEX('sheet2-计算明细'!$Y$17:$Y$330,$X9)) | K9: =IF($X9="","",INDEX('sheet2-计算明细'!$AC$17:$AC$330,$X9)) | L9: =IF($X9="","",INDEX('sheet2-计算明细'!$AI$17:$AI$330,$X9)) | M9: =IF($X9="","",INDEX('sheet2-计算明细'!$AK$17:$AK$330,$X9)) | N9: =IF(COUNT(F9:H9)=0,"",ROUND((IF(ISNUMBER(F9),F9*40%,0)+IF(ISNUMBER(G9),G9*30%,0)+IF(ISNUMBER(H9),H9*30%,0))/(IF(ISNUMBER(F9),40%,0)+IF(ISNUMBER(G9),30%,0)+IF(ISNUMBER(H9),30%,0)),2)) | O9: =IF(COUNT(I9:J9)=0,"",ROUND((IF(ISNUMBER(I9),I9*70%,0)+IF(ISNUMBER(J9),J9*30%,0))/(IF(ISNUMBER(I9),70%,0)+IF(ISNUMBER(J9),30%,0)),2)) | P9: =K9 | Q9: =L9 | R9: =M9 | S9: =IF($X9="","",INDEX('sheet2-计算明细'!$AQ$17:$AQ$330,$X9)) | T9: =IF($X9="","",INDEX('sheet2-计算明细'!$AR$17:$AR$330,$X9)) | U9: =IF(S9=0,"",ROUND(T9/S9,2)) | V9: =IF(S9=100%,T9,"") | W9: =IF($X9="","",INDEX('sheet2-计算明细'!$AU$17:$AU$330,$X9)) | X9: =IF($A9>COUNT('sheet2-计算明细'!$AT$17:$AT$330),"",MATCH($A9,'sheet2-计算明细'!$AT$17:$AT$330,0))
A10: 5 | B10: =IF($X10="","",INDEX('sheet2-计算明细'!$B$17:$B$330,$X10)) | C10: =IF($X10="","",INDEX('sheet2-计算明细'!$C$17:$C$330,$X10)) | D10: =IF($X10="","",INDEX('sheet2-计算明细'!$D$17:$D$330,$X10)) | E10: =IF($X10="","",INDEX('sheet2-计算明细'!$G$17:$G$330,$X10)) | F10: =IF($X10="","",INDEX('sheet2-计算明细'!$I$17:$I$330,$X10)) | G10: =IF($X10="","",INDEX('sheet2-计算明细'!$K$17:$K$330,$X10)) | H10: =IF($X10="","",INDEX('sheet2-计算明细'!$L$17:$L$330,$X10)) | I10: =IF($X10="","",INDEX('sheet2-计算明细'!$S$17:$S$330,$X10)) | J10: =IF($X10="","",INDEX('sheet2-计算明细'!$Y$17:$Y$330,$X10)) | K10: =IF($X10="","",INDEX('sheet2-计算明细'!$AC$17:$AC$330,$X10)) | L10: =IF($X10="","",INDEX('sheet2-计算明细'!$AI$17:$AI$330,$X10)) | M10: =IF($X10="","",INDEX('sheet2-计算明细'!$AK$17:$AK$330,$X10)) | N10: =IF(COUNT(F10:H10)=0,"",ROUND((IF(ISNUMBER(F10),F10*40%,0)+IF(ISNUMBER(G10),G10*30%,0)+IF(ISNUMBER(H10),H10*30%,0))/(IF(ISNUMBER(F10),40%,0)+IF(ISNUMBER(G10),30%,0)+IF(ISNUMBER(H10),30%,0)),2)) | O10: =IF(COUNT(I10:J10)=0,"",ROUND((IF(ISNUMBER(I10),I10*70%,0)+IF(ISNUMBER(J10),J10*30%,0))/(IF(ISNUMBER(I10),70%,0)+IF(ISNUMBER(J10),30%,0)),2)) | P10: =K10 | Q10: =L10 | R10: =M10 | S10: =IF($X10="","",INDEX('sheet2-计算明细'!$AQ$17:$AQ$330,$X10)) | T10: =IF($X10="","",INDEX('sheet2-计算明细'!$AR$17:$AR$330,$X10)) | U10: =IF(S10=0,"",ROUND(T10/S10,2)) | V10: =IF(S10=100%,T10,"") | W10: =IF($X10="","",INDEX('sheet2-计算明细'!$AU$17:$AU$330,$X10)) | X10: =IF($A10>COUNT('sheet2-计算明细'!$AT$17:$AT$330),"",MATCH($A10,'sheet2-计算明细'!$AT$17:$AT$330,0))
A11: 6 | B11: =IF($X11="","",INDEX('sheet2-计算明细'!$B$17:$B$330,$X11)) | C11: =IF($X11="","",INDEX('sheet2-计算明细'!$C$17:$C$330,$X11)) | D11: =IF($X11="","",INDEX('sheet2-计算明细'!$D$17:$D$330,$X11)) | E11: =IF($X11="","",INDEX('sheet2-计算明细'!$G$17:$G$330,$X11)) | F11: =IF($X11="","",INDEX('sheet2-计算明细'!$I$17:$I$330,$X11)) | G11: =IF($X11="","",INDEX('sheet2-计算明细'!$K$17:$K$330,$X11)) | H11: =IF($X11="","",INDEX('sheet2-计算明细'!$L$17:$L$330,$X11)) | I11: =IF($X11="","",INDEX('sheet2-计算明细'!$S$17:$S$330,$X11)) | J11: =IF($X11="","",INDEX('sheet2-计算明细'!$Y$17:$Y$330,$X11)) | K11: =IF($X11="","",INDEX('sheet2-计算明细'!$AC$17:$AC$330,$X11)) | L11: =IF($X11="","",INDEX('sheet2-计算明细'!$AI$17:$AI$330,$X11)) | M11: =IF($X11="","",INDEX('sheet2-计算明细'!$AK$17:$AK$330,$X11)) | N11: =IF(COUNT(F11:H11)=0,"",ROUND((IF(ISNUMBER(F11),F11*40%,0)+IF(ISNUMBER(G11),G11*30%,0)+IF(ISNUMBER(H11),H11*30%,0))/(IF(ISNUMBER(F11),40%,0)+IF(ISNUMBER(G11),30%,0)+IF(ISNUMBER(H11),30%,0)),2)) | O11: =IF(COUNT(I11:J11)=0,"",ROUND((IF(ISNUMBER(I11),I11*70%,0)+IF(ISNUMBER(J11),J11*30%,0))/(IF(ISNUMBER(I11),70%,0)+IF(ISNUMBER(J11),30%,0)),2)) | P11: =K11 | Q11: =L11 | R11: =M11 | S11: =IF($X11="","",INDEX('sheet2-计算明细'!$AQ$17:$AQ$330,$X11)) | T11: =IF($X11="","",INDEX('sheet2-计算明细'!$AR$17:$AR$330,$X11)) | U11: =IF(S11=0,"",ROUND(T11/S11,2)) | V11: =IF(S11=100%,T11,"") | W11: =IF($X11="","",INDEX('sheet2-计算明细'!$AU$17:$AU$330,$X11)) | X11: =IF($A11>COUNT('sheet2-计算明细'!$AT$17:$AT$330),"",MATCH($A11,'sheet2-计算明细'!$AT$17:$AT$330,0))
A12: 7 | B12: =IF($X12="","",INDEX('sheet2-计算明细'!$B$17:$B$330,$X12)) | C12: =IF($X12="","",INDEX('sheet2-计算明细'!$C$17:$C$330,$X12)) | D12: =IF($X12="","",INDEX('sheet2-计算明细'!$D$17:$D$330,$X12)) | E12: =IF($X12="","",INDEX('sheet2-计算明细'!$G$17:$G$330,$X12)) | F12: =IF($X12="","",INDEX('sheet2-计算明细'!$I$17:$I$330,$X12)) | G12: =IF($X12="","",INDEX('sheet2-计算明细'!$K$17:$K$330,$X12)) | H12: =IF($X12="","",INDEX('sheet2-计算明细'!$L$17:$L$330,$X12)) | I12: =IF($X12="","",INDEX('sheet2-计算明细'!$S$17:$S$330,$X12)) | J12: =IF($X12="","",INDEX('sheet2-计算明细'!$Y$17:$Y$330,$X12)) | K12: =IF($X12="","",INDEX('sheet2-计算明细'!$AC$17:$AC$330,$X12)) | L12: =IF($X12="","",INDEX('sheet2-计算明细'!$AI$17:$AI$330,$X12)) | M12: =IF($X12="","",INDEX('sheet2-计算明细'!$AK$17:$AK$330,$X12)) | N12: =IF(COUNT(F12:H12)=0,"",ROUND((IF(ISNUMBER(F12),F12*40%,0)+IF(ISNUMBER(G12),G12*30%,0)+IF(ISNUMBER(H12),H12*30%,0))/(IF(ISNUMBER(F12),40%,0)+IF(ISNUMBER(G12),30%,0)+IF(ISNUMBER(H12),30%,0)),2)) | O12: =IF(COUNT(I12:J12)=0,"",ROUND((IF(ISNUMBER(I12),I12*70%,0)+IF(ISNUMBER(J12),J12*30%,0))/(IF(ISNUMBER(I12),70%,0)+IF(ISNUMBER(J12),30%,0)),2)) | P12: =K12 | Q12: =L12 | R12: =M12 | S12: =IF($X12="","",INDEX('sheet2-计算明细'!$AQ$17:$AQ$330,$X12)) | T12: =IF($X12="","",INDEX('sheet2-计算明细'!$AR$17:$AR$330,$X12)) | U12: =IF(S12=0,"",ROUND(T12/S12,2)) | V12: =IF(S12=100%,T12,"") | W12: =IF($X12="","",INDEX('sheet2-计算明细'!$AU$17:$AU$330,$X12)) | X12: =IF($A12>COUNT('sheet2-计算明细'!$AT$17:$AT$330),"",MATCH($A12,'sheet2-计算明细'!$AT$17:$AT$330,0))
A13: 8 | B13: =IF($X13="","",INDEX('sheet2-计算明细'!$B$17:$B$330,$X13)) | C13: =IF($X13="","",INDEX('sheet2-计算明细'!$C$17:$C$330,$X13)) | D13: =IF($X13="","",INDEX('sheet2-计算明细'!$D$17:$D$330,$X13)) | E13: =IF($X13="","",INDEX('sheet2-计算明细'!$G$17:$G$330,$X13)) | F13: =IF($X13="","",INDEX('sheet2-计算明细'!$I$17:$I$330,$X13)) | G13: =IF($X13="","",INDEX('sheet2-计算明细'!$K$17:$K$330,$X13)) | H13: =IF($X13="","",INDEX('sheet2-计算明细'!$L$17:$L$330,$X13)) | I13: =IF($X13="","",INDEX('sheet2-计算明细'!$S$17:$S$330,$X13)) | J13: =IF($X13="","",INDEX('sheet2-计算明细'!$Y$17:$Y$330,$X13)) | K13: =IF($X13="","",INDEX('sheet2-计算明细'!$AC$17:$AC$330,$X13)) | L13: =IF($X13="","",INDEX('sheet2-计算明细'!$AI$17:$AI$330,$X13)) | M13: =IF($X13="","",INDEX('sheet2-计算明细'!$AK$17:$AK$330,$X13)) | N13: =IF(COUNT(F13:H13)=0,"",ROUND((IF(ISNUMBER(F13),F13*40%,0)+IF(ISNUMBER(G13),G13*30%,0)+IF(ISNUMBER(H13),H13*30%,0))/(IF(ISNUMBER(F13),40%,0)+IF(ISNUMBER(G13),30%,0)+IF(ISNUMBER(H13),30%,0)),2)) | O13: =IF(COUNT(I13:J13)=0,"",ROUND((IF(ISNUMBER(I13),I13*70%,0)+IF(ISNUMBER(J13),J13*30%,0))/(IF(ISNUMBER(I13),70%,0)+IF(ISNUMBER(J13),30%,0)),2)) | P13: =K13 | Q13: =L13 | R13: =M13 | S13: =IF($X13="","",INDEX('sheet2-计算明细'!$AQ$17:$AQ$330,$X13)) | T13: =IF($X13="","",INDEX('sheet2-计算明细'!$AR$17:$AR$330,$X13)) | U13: =IF(S13=0,"",ROUND(T13/S13,2)) | V13: =IF(S13=100%,T13,"") | W13: =IF($X13="","",INDEX('sheet2-计算明细'!$AU$17:$AU$330,$X13)) | X13: =IF($A13>COUNT('sheet2-计算明细'!$AT$17:$AT$330),"",MATCH($A13,'sheet2-计算明细'!$AT$17:$AT$330,0))
A14: 9 | B14: =IF($X14="","",INDEX('sheet2-计算明细'!$B$17:$B$330,$X14)) | C14: =IF($X14="","",INDEX('sheet2-计算明细'!$C$17:$C$330,$X14)) | D14: =IF($X14="","",INDEX('sheet2-计算明细'!$D$17:$D$330,$X14)) | E14: =IF($X14="","",INDEX('sheet2-计算明细'!$G$17:$G$330,$X14)) | F14: =IF($X14="","",INDEX('sheet2-计算明细'!$I$17:$I$330,$X14)) | G14: =IF($X14="","",INDEX('sheet2-计算明细'!$K$17:$K$330,$X14)) | H14: =IF($X14="","",INDEX('sheet2-计算明细'!$L$17:$L$330,$X14)) | I14: =IF($X14="","",INDEX('sheet2-计算明细'!$S$17:$S$330,$X14)) | J14: =IF($X14="","",INDEX('sheet2-计算明细'!$Y$17:$Y$330,$X14)) | K14: =IF($X14="","",INDEX('sheet2-计算明细'!$AC$17:$AC$330,$X14)) | L14: =IF($X14="","",INDEX('sheet2-计算明细'!$AI$17:$AI$330,$X14)) | M14: =IF($X14="","",INDEX('sheet2-计算明细'!$AK$17:$AK$330,$X14)) | N14: =IF(COUNT(F14:H14)=0,"",ROUND((IF(ISNUMBER(F14),F14*40%,0)+IF(ISNUMBER(G14),G14*30%,0)+IF(ISNUMBER(H14),H14*30%,0))/(IF(ISNUMBER(F14),40%,0)+IF(ISNUMBER(G14),30%,0)+IF(ISNUMBER(H14),30%,0)),2)) | O14: =IF(COUNT(I14:J14)=0,"",ROUND((IF(ISNUMBER(I14),I14*70%,0)+IF(ISNUMBER(J14),J14*30%,0))/(IF(ISNUMBER(I14),70%,0)+IF(ISNUMBER(J14),30%,0)),2)) | P14: =K14 | Q14: =L14 | R14: =M14 | S14: =IF($X14="","",INDEX('sheet2-计算明细'!$AQ$17:$AQ$330,$X14)) | T14: =IF($X14="","",INDEX('sheet2-计算明细'!$AR$17:$AR$330,$X14)) | U14: =IF(S14=0,"",ROUND(T14/S14,2)) | V14: =IF(S14=100%,T14,"") | W14: =IF($X14="","",INDEX('sheet2-计算明细'!$AU$17:$AU$330,$X14)) | X14: =IF($A14>COUNT('sheet2-计算明细'!$AT$17:$AT$330),"",MATCH($A14,'sheet2-计算明细'!$AT$17:$AT$330,0))
A15: 10 | B15: =IF($X15="","",INDEX('sheet2-计算明细'!$B$17:$B$330,$X15)) | C15: =IF($X15="","",INDEX('sheet2-计算明细'!$C$17:$C$330,$X15)) | D15: =IF($X15="","",INDEX('sheet2-计算明细'!$D$17:$D$330,$X15)) | E15: =IF($X15="","",INDEX('sheet2-计算明细'!$G$17:$G$330,$X15)) | F15: =IF($X15="","",INDEX('sheet2-计算明细'!$I$17:$I$330,$X15)) | G15: =IF($X15="","",INDEX('sheet2-计算明细'!$K$17:$K$330,$X15)) | H15: =IF($X15="","",INDEX('sheet2-计算明细'!$L$17:$L$330,$X15)) | I15: =IF($X15="","",INDEX('sheet2-计算明细'!$S$17:$S$330,$X15)) | J15: =IF($X15="","",INDEX('sheet2-计算明细'!$Y$17:$Y$330,$X15)) | K15: =IF($X15="","",INDEX('sheet2-计算明细'!$AC$17:$AC$330,$X15)) | L15: =IF($X15="","",INDEX('sheet2-计算明细'!$AI$17:$AI$330,$X15)) | M15: =IF($X15="","",INDEX('sheet2-计算明细'!$AK$17:$AK$330,$X15)) | N15: =IF(COUNT(F15:H15)=0,"",ROUND((IF(ISNUMBER(F15),F15*40%,0)+IF(ISNUMBER(G15),G15*30%,0)+IF(ISNUMBER(H15),H15*30%,0))/(IF(ISNUMBER(F15),40%,0)+IF(ISNUMBER(G15),30%,0)+IF(ISNUMBER(H15),30%,0)),2)) | O15: =IF(COUNT(I15:J15)=0,"",ROUND((IF(ISNUMBER(I15),I15*70%,0)+IF(ISNUMBER(J15),J15*30%,0))/(IF(ISNUMBER(I15),70%,0)+IF(ISNUMBER(J15),30%,0)),2)) | P15: =K15 | Q15: =L15 | R15: =M15 | S15: =IF($X15="","",INDEX('sheet2-计算明细'!$AQ$17:$AQ$330,$X15)) | T15: =IF($X15="","",INDEX('sheet2-计算明细'!$AR$17:$AR$330,$X15)) | U15: =IF(S15=0,"",ROUND(T15/S15,2)) | V15: =IF(S15=100%,T15,"") | W15: =IF($X15="","",INDEX('sheet2-计算明细'!$AU$17:$AU$330,$X15)) | X15: =IF($A15>COUNT('sheet2-计算明细'!$AT$17:$AT$330),"",MATCH($A15,'sheet2-计算明细'!$AT$17:$AT$330,0))
A16: 11 | B16: =IF($X16="","",INDEX('sheet2-计算明细'!$B$17:$B$330,$X16)) | C16: =IF($X16="","",INDEX('sheet2-计算明细'!$C$17:$C$330,$X16)) | D16: =IF($X16="","",INDEX('sheet2-计算明细'!$D$17:$D$330,$X16)) | E16: =IF($X16="","",INDEX('sheet2-计算明细'!$G$17:$G$330,$X16)) | F16: =IF($X16="","",INDEX('sheet2-计算明细'!$I$17:$I$330,$X16)) | G16: =IF($X16="","",INDEX('sheet2-计算明细'!$K$17:$K$330,$X16)) | H16: =IF($X16="","",INDEX('sheet2-计算明细'!$L$17:$L$330,$X16)) | I16: =IF($X16="","",INDEX('sheet2-计算明细'!$S$17:$S$330,$X16)) | J16: =IF($X16="","",INDEX('sheet2-计算明细'!$Y$17:$Y$330,$X16)) | K16: =IF($X16="","",INDEX('sheet2-计算明细'!$AC$17:$AC$330,$X16)) | L16: =IF($X16="","",INDEX('sheet2-计算明细'!$AI$17:$AI$330,$X16)) | M16: =IF($X16="","",INDEX('sheet2-计算明细'!$AK$17:$AK$330,$X16)) | N16: =IF(COUNT(F16:H16)=0,"",ROUND((IF(ISNUMBER(F16),F16*40%,0)+IF(ISNUMBER(G16),G16*30%,0)+IF(ISNUMBER(H16),H16*30%,0))/(IF(ISNUMBER(F16),40%,0)+IF(ISNUMBER(G16),30%,0)+IF(ISNUMBER(H16),30%,0)),2)) | O16: =IF(COUNT(I16:J16)=0,"",ROUND((IF(ISNUMBER(I16),I16*70%,0)+IF(ISNUMBER(J16),J16*30%,0))/(IF(ISNUMBER(I16),70%,0)+IF(ISNUMBER(J16),30%,0)),2)) | P16: =K16 | Q16: =L16 | R16: =M16 | S16: =IF($X16="","",INDEX('sheet2-计算明细'!$AQ$17:$AQ$330,$X16)) | T16: =IF($X16="","",INDEX('sheet2-计算明细'!$AR$17:$AR$330,$X16)) | U16: =IF(S16=0,"",ROUND(T16/S16,2)) | V16: =IF(S16=100%,T16,"") | W16: =IF($X16="","",INDEX('sheet2-计算明细'!$AU$17:$AU$330,$X16)) | X16: =IF($A16>COUNT('sheet2-计算明细'!$AT$17:$AT$330),"",MATCH($A16,'sheet2-计算明细'!$AT$17:$AT$330,0))
A17: 12 | B17: =IF($X17="","",INDEX('sheet2-计算明细'!$B$17:$B$330,$X17)) | C17: =IF($X17="","",INDEX('sheet2-计算明细'!$C$17:$C$330,$X17)) | D17: =IF($X17="","",INDEX('sheet2-计算明细'!$D$17:$D$330,$X17)) | E17: =IF($X17="","",INDEX('sheet2-计算明细'!$G$17:$G$330,$X17)) | F17: =IF($X17="","",INDEX('sheet2-计算明细'!$I$17:$I$330,$X17)) | G17: =IF($X17="","",INDEX('sheet2-计算明细'!$K$17:$K$330,$X17)) | H17: =IF($X17="","",INDEX('sheet2-计算明细'!$L$17:$L$330,$X17)) | I17: =IF($X17="","",INDEX('sheet2-计算明细'!$S$17:$S$330,$X17)) | J17: =IF($X17="","",INDEX('sheet2-计算明细'!$Y$17:$Y$330,$X17)) | K17: =IF($X17="","",INDEX('sheet2-计算明细'!$AC$17:$AC$330,$X17)) | L17: =IF($X17="","",INDEX('sheet2-计算明细'!$AI$17:$AI$330,$X17)) | M17: =IF($X17="","",INDEX('sheet2-计算明细'!$AK$17:$AK$330,$X17)) | N17: =IF(COUNT(F17:H17)=0,"",ROUND((IF(ISNUMBER(F17),F17*40%,0)+IF(ISNUMBER(G17),G17*30%,0)+IF(ISNUMBER(H17),H17*30%,0))/(IF(ISNUMBER(F17),40%,0)+IF(ISNUMBER(G17),30%,0)+IF(ISNUMBER(H17),30%,0)),2)) | O17: =IF(COUNT(I17:J17)=0,"",ROUND((IF(ISNUMBER(I17),I17*70%,0)+IF(ISNUMBER(J17),J17*30%,0))/(IF(ISNUMBER(I17),70%,0)+IF(ISNUMBER(J17),30%,0)),2)) | P17: =K17 | Q17: =L17 | R17: =M17 | S17: =IF($X17="","",INDEX('sheet2-计算明细'!$AQ$17:$AQ$330,$X17)) | T17: =IF($X17="","",INDEX('sheet2-计算明细'!$AR$17:$AR$330,$X17)) | U17: =IF(S17=0,"",ROUND(T17/S17,2)) | V17: =IF(S17=100%,T17,"") | W17: =IF($X17="","",INDEX('sheet2-计算明细'!$AU$17:$AU$330,$X17)) | X17: =IF($A17>COUNT('sheet2-计算明细'!$AT$17:$AT$330),"",MATCH($A17,'sheet2-计算明细'!$AT$17:$AT$330,0))
... A319: 314 | B319: =IF($X319="","",INDEX('sheet2-计算明细'!$B$17:$B$330,$X319)) | C319: =IF($X319="","",INDEX('sheet2-计算明细'!$C$17:$C$330,$X319)) | D319: =IF($X319="","",INDEX('sheet2-计算明细'!$D$17:$D$330,$X319)) | E319: =IF($X319="","",INDEX('sheet2-计算明细'!$G$17:$G$330,$X319)) | F319: =IF($X319="","",INDEX('sheet2-计算明细'!$I$17:$I$330,$X319)) | G319: =IF($X319="","",INDEX('sheet2-计算明细'!$K$17:$K$330,$X319)) | H319: =IF($X319="","",INDEX('sheet2-计算明细'!$L$17:$L$330,$X319)) | I319: =IF($X319="","",INDEX('sheet2-计算明细'!$S$17:$S$330,$X319)) | J319: =IF($X319="","",INDEX('sheet2-计算明细'!$Y$17:$Y$330,$X319)) | K319: =IF($X319="","",INDEX('sheet2-计算明细'!$AC$17:$AC$330,$X319)) | L319: =IF($X319="","",INDEX('sheet2-计算明细'!$AI$17:$AI$330,$X319)) | M319: =IF($X319="","",INDEX('sheet2-计算明细'!$AK$17:$AK$330,$X319)) | N319: =IF(COUNT(F319:H319)=0,"",ROUND((IF(ISNUMBER(F319),F319*40%,0)+IF(ISNUMBER(G319),G319*30%,0)+IF(ISNUMBER(H319),H319*30%,0))/(IF(ISNUMBER(F319),40%,0)+IF(ISNUMBER(G319),30%,0)+IF(ISNUMBER(H319),30%,0)),2)) | O319: =IF(COUNT(I319:J319)=0,"",ROUND((IF(ISNUMBER(I319),I319*70%,0)+IF(ISNUMBER(J319),J319*30%,0))/(IF(ISNUMBER(I319),70%,0)+IF(ISNUMBER(J319),30%,0)),2)) | P319: =K319 | Q319: =L319 | R319: =M319 | S319: =IF($X319="","",INDEX('sheet2-计算明细'!$AQ$17:$AQ$330,$X319)) | T319: =IF($X319="","",INDEX('sheet2-计算明细'!$AR$17:$AR$330,$X319)) | U319: =IF(S319=0,"",ROUND(T319/S319,2)) | V319: =IF(S319=100%,T319,"") | W319: =IF($X319="","",INDEX('sheet2-计算明细'!$AU$17:$AU$330,$X319)) | X319: =IF($A319>COUNT('sheet2-计算明细'!$AT$17:$AT$330),"",MATCH($A319,'sheet2-计算明细'!$AT$17:$AT$330,0))

Sheet sheet4-原始数据
A1: 产品名称 | B1: 备案号 | C1: 一级策略 | D1: 二级策略 | E1: 管理人 | F1: 成立日期 | G1: 近一年年化收益 | H1: 近三年年化收益 | I1: 近三年月胜率 | J1: 近一年月胜率 | K1: 近三年最大回撤 | L1: 近三年卡玛比率 | M1: 近一年卡玛比率 | N1: 基准指数
A2: 新视野智能量化2号 | B2: SR2759 | C2: 套利策略 | D2: 可转债套利 | E2: 杭州探融投资 | F2: 2017-01-09 | G2: -2.0400% | H2: 2.0500% | I2: 54.0500% | J2: 38.4600% | K2: 5.5400% | L2: 0.37 | M2: -0.369 | N2: 沪深300 | O2: 2026-08-31 | P2: 2026-09-15
A3: 探融新视野智能量化1号 | B3: SL8089 | C3: 套利策略 | D3: 可转债套利 | E3: 杭州探融投资 | F3: 2016-09-22 | G3: -0.4800% | H3: 1.2300% | I3: 56.7600% | J3: 38.4600% | K3: 2.5100% | L3: 0.4906 | M3: -0.19 | N3: 沪深300 | O3: 2026-08-31 | P3: 2026-09-15
A4: 辉毅4号 | B4: SM4445 | C4: 套利策略 | D4: 期权套利 | E4: 上海申毅投资 | F4: 2016-09-14 | G4: -0.2500% | H4: 4.8800% | I4: 75.6800% | J4: 46.1500% | K4: 2.4600% | L4: 1.9851 | M4: -0.1026 | N4: 沪深300 | O4: 2026-08-31 | P4: 2026-09-15
A5: 平凡悟鑫 | B5: SJ2870 | C5: 套利策略 | D5: 基金套利 | E5: 北京平凡 | F5: 2016-04-19 | G5: 6.0700% | H5: 6.4900% | I5: 89.1900% | J5: 92.3100% | K5: 0.9700% | L5: 6.6754 | M5: 6.2497 | N5: 沪深300 | O5: 2026-08-31 | P5: 2026-09-15
A6: 致同稳盈对冲 | B6: SS8645 | C6: 套利策略 | D6: 期货套利 | E6: 上海致同投资 | F6: 2017-05-02 | G6: 4.0500% | H6: 4.8900% | I6: 78.3800% | J6: 76.9200% | K6: 1.3400% | L6: 3.6582 | M6: 3.0286 | N6: 沪深300 | O6: 2026-08-31 | P6: 2026-09-15
A7: 哈福尊享一号 | B7: ST3922 | C7: 套利策略 | D7: 混合套利 | E7: 哈福基金 | F7: 2017-05-10 | G7: 2.8900% | H7: 2.2500% | I7: 72.9700% | J7: 69.2300% | K7: 6.5800% | L7: 0.3413 | M7: 1.0175 | N7: 南华商品指数 | O7: 2026-08-31 | P7: 2026-09-15
A8: 远澜翠柏1号 | B8: SS9088 | C8: 套利策略 | D8: 期货套利 | E8: 上海远澜 | F8: 2017-05-12 | G8: 5.4600% | H8: 4.5700% | I8: 51.3500% | J8: 46.1500% | K8: 15.4000% | L8: 0.297 | M8: 0.3548 | N8: 沪深300 | O8: 2026-08-31 | P8: 2026-09-15
A9: 擎丰1号 | B9: SCS637 | C9: 套利策略 | D9: - | E9: 上海擎丰 | F9: 2018-06-06 | G9: 7.8600% | H9: 5.0600% | I9: 83.7800% | J9: 92.3100% | K9: 0.6900% | L9: 7.3302 | M9: 11.3908 | N9: 沪深300 | O9: 2026-08-31 | P9: 2026-09-15
A10: 新时代智能量化3号 | B10: SEM001 | C10: 套利策略 | D10: 可转债套利 | E10: 杭州探融投资 | F10: 2018-10-29 | G10: 1.2000% | H10: 3.1200% | I10: 56.7600% | J10: 46.1500% | K10: 3.3000% | L10: 0.9453 | M10: 0.3637 | N10: 沪深300 | O10: 2026-08-31 | P10: 2026-09-15
A11: 悬铃C号2期 | B11: SGH303 | C11: 套利策略 | D11: 可转债套利 | E11: 上海悬铃 | F11: 2019-04-24 | G11: -8.6500% | H11: 1.8300% | I11: 56.7600% | J11: 30.7700% | K11: 13.0600% | L11: 0.14 | M11: -0.9845 | N11: 沪深300 | O11: 2026-08-31 | P11: 2026-09-15
A12: 爱凡哲九号 | B12: SJA112 | C12: 套利策略 | D12: 期货套利 | E12: 爱凡哲投资 | F12: 2019-09-02 | G12: 11.5800% | H12: 11.7800% | I12: 89.1900% | J12: 84.6200% | K12: 1.2900% | L12: 9.1289 | M12: 32.2942 | N12: 沪深300 | O12: 2026-08-31 | P12: 2026-09-15
A13: 恒如套利三号 | B13: SGQ731 | C13: 套利策略 | D13: 期货套利 | E13: 上海恒如投资 | F13: 2019-09-19 | G13: 2.1300% | H13: 5.7000% | I13: 72.9700% | J13: 61.5400% | K13: 1.5000% | L13: 3.8103 | M13: 2.6842 | N13: 沪深300 | O13: 2026-08-31 | P13: 2026-09-15
... A61: 慕途稳健2号 | B61: SXW938 | C61: 套利策略 | D61: 期权套利 | E61: 慕途基金 | F61: 2022-12-13 | G61: 7.6300% | H61: 7.6000% | I61: 97.3000% | J61: 92.3100% | K61: 0.7700% | L61: 9.8502 | M61: 9.8866 | N61: 沪深300 | O61: 2026-08-31 | P61: 2026-09-15
A62: 方普安享二号 | B62: SXY895 | C62: 套利策略 | D62: 基金套利 | E62: 珠海横琴方普 | F62: 2022-12-16 | G62: 3.8100% | J62: 53.8500% | M62: 1.5339 | N62: 沪深300 | O62: 2026-08-31 | P62: 2026-09-15
A63: 佳泽信享5号 | B63: SZC395 | C63: 套利策略 | D63: 期货套利 | E63: 海南佳泽 | F63: 2023-01-10 | G63: 6.2900% | H63: 4.7800% | I63: 70.2700% | J63: 84.6200% | K63: 2.4800% | L63: 1.9252 | M63: 6.6879 | N63: 沪深300 | O63: 2026-08-31 | P63: 2026-09-15
A64: 衍舟弄潮2号 | B64: SZG044 | C64: 套利策略 | D64: 混合套利 | E64: 海南衍舟 | F64: 2023-02-02 | G64: -5.2400% | H64: 2.4200% | I64: 62.1600% | J64: 30.7700% | K64: 9.4200% | L64: 0.2572 | M64: -0.6306 | N64: 沪深300 | O64: 2026-08-31 | P64: 2026-09-15
A65: 银瓴汇金1号 | B65: SZP369 | C65: 套利策略 | D65: 混合套利 | E65: 广西银瓴资产 | F65: 2023-03-21 | G65: -5.3500% | H65: 7.8500% | I65: 56.7600% | J65: 61.5400% | K65: 18.3200% | L65: 0.4286 | M65: -0.3524 | N65: 沪深300 | O65: 2026-08-31 | P65: 2026-09-15
A66: 砚博乘风量化14号 | B66: SZN225 | C66: 套利策略 | D66: 基金套利 | E66: 深圳前海砚博乘风资管 | F66: 2023-03-07 | G66: 2.7700% | H66: 2.1900% | I66: 64.8600% | J66: 61.5400% | K66: 5.3900% | L66: 0.407 | M66: 1.2327 | N66: 沪深300 | O66: 2026-08-31 | P66: 2026-09-15
A67: 平凡凡响二号 | B67: SZU727 | C67: 套利策略 | D67: 基金套利 | E67: 北京平凡 | F67: 2023-04-07 | G67: 8.5000% | H67: 4.9100% | I67: 86.4900% | J67: 100.0000% | K67: 0.6800% | L67: 7.1749 | M67: 65.2953 | N67: 沪深300 | O67: 2026-08-31 | P67: 2026-09-15
A68: 银瓴鑫源 | B68: S04011 | C68: 套利策略 | D68: 混合套利 | E68: 广西银瓴资产 | F68: 2023-05-15 | G68: -7.2800% | J68: 38.4600% | M68: -0.3723 | N68: 沪深300 | O68: 2026-08-31 | P68: 2026-09-15
A69: 鑫泰禾汇投1号 | B69: SZP735 | C69: 套利策略 | D69: 基金套利 | E69: 深圳鑫泰禾 | F69: 2023-03-13 | G69: 4.8100% | H69: 10.1300% | I69: 67.5700% | J69: 69.2300% | K69: 9.2200% | L69: 1.0979 | M69: 6.1503 | N69: 沪深300 | O69: 2026-08-31 | P69: 2026-09-15
A70: 金和和善对冲5号 | B70: SZX748 | C70: 套利策略 | D70: 基金套利 | E70: 上海金和晟 | F70: 2023-04-26 | G70: 4.6900% | H70: 10.8500% | I70: 83.7800% | J70: 76.9200% | K70: 1.1600% | L70: 9.3586 | M70: 4.0479 | N70: 沪深300 | O70: 2026-08-31 | P70: 2026-09-15
A71: 银瓴汇金3号 | B71: S03979 | C71: 套利策略 | D71: 期货套利 | E71: 广西银瓴资产 | F71: 2023-05-19 | G71: -4.1300% | H71: 1.1600% | I71: 51.3500% | J71: 38.4600% | K71: 12.2700% | L71: 0.0946 | M71: -0.3364 | N71: 沪深300 | O71: 2026-08-31 | P71: 2026-09-15
A72: 奶酪鑫鑫宝二号 | B72: SB2838 | C72: 套利策略 | D72: 期货套利 | E72: 广东奶酪 | F72: 2023-06-15 | G72: 6.6900% | H72: 4.7400% | I72: 100.0000% | J72: 100.0000% | K72: 0.0000% | N72: 沪深300 | O72: 2026-08-31 | P72: 2026-09-15
A73: 岳皋泰山核心一号B类 | B73: SH674B | C73: 套利策略 | D73: - | E73: 上海岳皋投资 | F73: 2021-09-08 | G73: 1.7100% | H73: 2.2500% | I73: 72.9700% | J73: 69.2300% | K73: 4.7500% | L73: 0.4737 | M73: 0.5081 | N73: 沪深300 | O73: 2026-08-31 | P73: 2026-09-15
A74: 韵之嘉益 | B74: SB1775 | C74: 套利策略 | D74: 期权套利 | E74: 北京韵之 | F74: 2023-08-03 | G74: -12.0900% | H74: -5.6000% | I74: 56.7600% | J74: 46.1500% | K74: 19.0400% | L74: -0.294 | M74: -0.7939 | N74: 沪深300 | O74: 2026-08-31 | P74: 2026-09-15
A75: 杨湜套利1号 | B75: SB6565 | C75: 套利策略 | D75: 期货套利 | E75: 上海杨湜投资 | F75: 2023-08-18 | G75: 7.2900% | H75: 8.0200% | I75: 83.7800% | J75: 76.9200% | K75: 2.3000% | L75: 3.4842 | M75: 3.3072 | N75: 沪深300 | O75: 2026-08-31 | P75: 2026-09-15
A76: 奶酪平价套利稳健一号 | B76: SAAS17 | C76: 套利策略 | D76: 期权套利 | E76: 广东奶酪 | F76: 2023-09-05 | G76: 7.2700% | H76: 3.9300% | I76: 81.0800% | J76: 100.0000% | K76: 0.7300% | L76: 5.3477 | M76: 29.5035 | N76: 沪深300 | O76: 2026-08-31 | P76: 2026-09-15
A77: 银万财派恒星套利1号 | B77: SB7490 | C77: 套利策略 | D77: - | E77: 浙江银万 | F77: 2023-08-17 | G77: 10.0100% | H77: 6.2700% | I77: 51.3500% | J77: 46.1500% | K77: 7.9100% | L77: 0.7928 | M77: 1.6817 | N77: 沪深300 | O77: 2026-08-31 | P77: 2026-09-15
A78: 佳泽信享5号A类 | B78: ZC395A | C78: 套利策略 | D78: 期货套利 | E78: 海南佳泽 | F78: 2023-01-10 | G78: 7.3300% | H78: 5.8100% | I78: 81.0800% | J78: 92.3100% | K78: 2.4400% | L78: 2.3816 | M78: 15.9709 | N78: 沪深300 | O78: 2026-08-31 | P78: 2026-09-15
A79: 佳泽信享5号B类 | B79: ZC395B | C79: 套利策略 | D79: 期货套利 | E79: 海南佳泽 | F79: 2023-01-10 | G79: 6.2700% | H79: 4.7700% | I79: 72.9700% | J79: 84.6200% | K79: 2.4600% | L79: 1.9401 | M79: 12.8428 | N79: 沪深300 | O79: 2026-08-31 | P79: 2026-09-15
A80: 鋆晟衡泰进取1号 | B80: SB4982 | C80: 套利策略 | D80: 混合套利 | E80: 上海鋆晟投资 | F80: 2023-09-22 | G80: 9.0200% | J80: 84.6200% | M80: 3.5626 | N80: 沪深300 | O80: 2026-08-31 | P80: 2026-09-15
A81: 嘉和传承精研倍赢一期 | B81: SACJ77 | C81: 套利策略 | D81: 期货套利 | E81: 上海嘉和传承 | F81: 2023-11-14 | G81: 28.2200% | J81: 69.2300% | M81: 2.1308 | N81: 沪深300 | O81: 2026-08-31 | P81: 2026-09-15
A82: 嘉和传承精研倍赢一期A类 | B82: ACJ77A | C82: 套利策略 | D82: 期货套利 | E82: 上海嘉和传承 | F82: 2023-11-14 | G82: 28.3000% | J82: 69.2300% | M82: 2.1366 | N82: 沪深300 | O82: 2026-08-31 | P82: 2026-09-15
A83: 广联宏丰利1号 | B83: SAGN89 | C83: 套利策略 | D83: 期货套利 | E83: 海南广联宏 | F83: 2024-01-31 | G83: 49.9700% | J83: 84.6200% | M83: 9.7213 | N83: 沪深300 | O83: 2026-08-31 | P83: 2026-09-15
A84: 简文长风1号 | B84: SAFF81 | C84: 套利策略 | D84: 期货套利 | E84: 上海简文 | F84: 2024-01-29 | G84: 8.7100% | J84: 53.8500% | M84: 0.7385 | N84: 沪深300 | O84: 2026-08-31 | P84: 2026-09-15
A85: 巨量边界ETF对冲1号 | B85: SAGT43 | C85: 套利策略 | D85: - | E85: 北京巨量边界 | F85: 2024-03-28 | G85: 9.0700% | J85: 76.9200% | M85: 5.3935 | N85: 沪深300 | O85: 2026-08-31 | P85: 2026-09-15
A86: 慕途商品套利1号 | B86: SAHX36 | C86: 套利策略 | D86: 期货套利 | E86: 慕途基金 | F86: 2024-03-25 | G86: 12.8700% | J86: 84.6200% | M86: 10.2232 | N86: 沪深300 | O86: 2026-08-31 | P86: 2026-09-15
A87: 远澜冬青跨境套利1号 | B87: SAHU42 | C87: 套利策略 | D87: 期货套利 | E87: 上海远澜 | F87: 2024-03-22 | G87: 27.5500% | J87: 38.4600% | M87: 1.5015 | N87: 沪深300 | O87: 2026-08-31 | P87: 2026-09-15
A88: 唐德幽兰量化套利一号 | B88: SAHM04 | C88: 套利策略 | D88: 期货套利 | E88: 深圳唐德 | F88: 2024-04-26 | G88: 8.6300% | J88: 84.6200% | M88: 3.4077 | N88: 沪深300 | O88: 2026-08-31 | P88: 2026-09-15
A89: 广联宏长青树2号 | B89: SAEJ83 | C89: 套利策略 | D89: 期货套利 | E89: 海南广联宏 | F89: 2024-05-09 | G89: 15.6200% | J89: 76.9200% | M89: 2.5832 | N89: 沪深300 | O89: 2026-08-31 | P89: 2026-09-15
A90: 宽辅优享1号 | B90: SAKB02 | C90: 套利策略 | D90: - | E90: 海南宽辅 | F90: 2024-04-19 | G90: 4.0300% | J90: 76.9200% | M90: 6.829 | N90: 沪深300 | O90: 2026-08-31 | P90: 2026-09-15
A91: 博普安兴私享一号B类 | B91: AHS76B | C91: 套利策略 | D91: 期货套利 | E91: 深圳前海博普资管 | F91: 2024-03-22 | G91: 6.1700% | J91: 92.3100% | M91: 9.4391 | N91: 沪深300 | O91: 2026-08-31 | P91: 2026-09-15
... A94: 利恩华龙股票进取一号 | B94: SALW01 | C94: 套利策略 | D94: - | E94: 上海利恩 | F94: 2024-07-17 | G94: -0.7100% | J94: 53.8500% | M94: -0.129 | N94: 沪深300 | O94: 2026-08-31 | P94: 2026-09-15
A95: 博普安兴私享一号A类 | B95: AHS76A | C95: 套利策略 | D95: - | E95: 深圳前海博普资管 | F95: 2024-03-22 | N95: 沪深300 | O95: 2026-08-31 | P95: 2026-09-15
A96: 鑫泰禾安赢1号 | B96: SAQB15 | C96: 套利策略 | D96: 基金套利 | E96: 深圳鑫泰禾 | F96: 2024-10-21 | G96: 6.0100% | J96: 69.2300% | M96: 0.8894 | N96: 中证全债 | O96: 2026-08-31 | P96: 2026-09-15
A97: 慕途盈川1号 | B97: SAQQ67 | C97: 套利策略 | D97: 期货套利 | E97: 慕途基金 | F97: 2024-11-25 | G97: 13.1200% | J97: 76.9200% | M97: 5.8131 | N97: 沪深300 | O97: 2026-08-31 | P97: 2026-09-15
A98: 根鸟利恩稳健套利二号 | B98: SARN68 | C98: 套利策略 | D98: - | E98: 上海利恩 | F98: 2024-12-03 | G98: 5.6400% | J98: 69.2300% | M98: 3.3661 | N98: 沪深300 | O98: 2026-08-31 | P98: 2026-09-15
A99: 唐德幽兰量化套利一号A类 | B99: AHM04A | C99: 套利策略 | D99: 期货套利 | E99: 深圳唐德 | F99: 2024-04-26 | G99: 8.6100% | J99: 84.6200% | M99: 3.3996 | N99: 沪深300 | O99: 2026-08-31 | P99: 2026-09-15
A100: 启元高粱2号 | B100: SZW093 | C100: 套利策略 | D100: - | E100: 温州启元资管 | F100: 2024-12-17 | G100: -4.3400% | J100: 53.8500% | M100: -0.243 | N100: 沪深300 | O100: 2026-08-31 | P100: 2026-09-15
A101: 六妙星滚雪粒1号 | B101: SASB96 | C101: 套利策略 | D101: 期权套利 | E101: 北京六妙星 | F101: 2024-12-16 | G101: 9.3100% | J101: 61.5400% | M101: 1.132 | N101: 沪深300 | O101: 2026-08-31 | P101: 2026-09-15
A102: 纵帆禾裕二号 | B102: SASG02 | C102: 套利策略 | D102: 期权套利 | E102: 海南纵帆 | F102: 2024-12-24 | G102: 5.1900% | J102: 69.2300% | M102: 1.0967 | N102: 沪深300 | O102: 2026-08-31 | P102: 2026-09-15
A103: 纵帆禾裕一号 | B103: SARX48 | C103: 套利策略 | D103: 期权套利 | E103: 海南纵帆 | F103: 2024-12-31 | G103: 6.8800% | J103: 69.2300% | M103: 2.4093 | N103: 沪深300 | O103: 2026-08-31 | P103: 2026-09-15
A104: 广联宏稳健2号 | B104: SATV20 | C104: 套利策略 | D104: 期货套利 | E104: 海南广联宏 | F104: 2025-02-17 | G104: 21.3800% | J104: 84.6200% | M104: 11.3657 | N104: 沪深300 | O104: 2026-08-31 | P104: 2026-09-15
A105: 濡圣橡石2号 | B105: SATY96 | C105: 套利策略 | D105: 期货套利 | E105: 上海濡圣 | F105: 2025-02-18 | G105: 1.1800% | J105: 38.4600% | M105: 0.1176 | N105: 沪深300 | O105: 2026-08-31 | P105: 2026-09-15
A106: 九木套利1号 | B106: SAXN78 | C106: 套利策略 | D106: 期货套利 | E106: 深圳九木 | F106: 2025-04-22 | G106: 0.9900% | J106: 53.8500% | M106: 0.2797 | N106: 南华商品指数 | O106: 2026-08-31 | P106: 2026-09-15
A107: 邦阁赤水1号 | B107: SAYN63 | C107: 套利策略 | D107: 可转债套利 | E107: 上海邦阁 | F107: 2025-05-29 | G107: -11.8900% | J107: 7.6900% | M107: -0.8362 | N107: 沪深300 | O107: 2026-08-31 | P107: 2026-09-15
... A111: 纵帆禾裕三号 | B111: SBDG79 | C111: 套利策略 | D111: 期权套利 | E111: 海南纵帆 | F111: 2025-08-08 | G111: 4.6100% | J111: 69.2300% | M111: 1.0222 | N111: 沪深300 | O111: 2026-08-31 | P111: 2026-09-15
A112: 鋆晟狮王套利 | B112: SGS754 | C112: 套利策略 | D112: 期货套利 | E112: 上海鋆晟投资 | F112: 2019-07-18 | G112: 13.2800% | H112: 7.0400% | I112: 78.3800% | J112: 84.6200% | K112: 1.4700% | L112: 4.7863 | M112: 12.3634 | N112: 沪深300 | O112: 2026-08-31 | P112: 2026-09-15
A113: 晟通京华宏观对冲 | B113: SNG078 | C113: 套利策略 | D113: 期货套利 | E113: 深圳前海晟通资管 | F113: 2020-12-04 | G113: -1.3600% | H113: 1.8600% | I113: 45.9500% | J113: 38.4600% | K113: 13.9600% | L113: 0.1332 | M113: -0.0975 | N113: 沪深300 | O113: 2026-08-31 | P113: 2026-09-15
A114: 量客投资金选套利1号 | B114: SNH457 | C114: 套利策略 | D114: 期权套利 | E114: 上海量客 | F114: 2020-12-31 | G114: 6.2900% | H114: 8.6200% | I114: 94.5900% | J114: 100.0000% | K114: 0.3300% | L114: 25.7396 | M114: 43.285 | N114: 沪深300 | O114: 2026-08-31 | P114: 2026-09-15
A115: 洮利11号1期 | B115: SNS371 | C115: 套利策略 | D115: 期货套利 | E115: 上海洮利 | F115: 2021-01-15 | G115: -22.9200% | H115: -13.7300% | I115: 48.6500% | J115: 53.8500% | K115: 39.0900% | L115: -0.3512 | M115: -0.5883 | N115: 沪深300 | O115: 2026-08-31 | P115: 2026-09-15
A116: 悬铃稳健1号 | B116: SVB806 | C116: 套利策略 | D116: - | E116: 上海悬铃 | F116: 2022-02-16 | G116: -2.9200% | H116: 3.9800% | I116: 56.7600% | J116: 46.1500% | K116: 8.1400% | L116: 0.4892 | M116: -0.5723 | N116: 沪深300 | O116: 2026-08-31 | P116: 2026-09-15
A117: 若谷凌云一号 | B117: SVQ802 | C117: 套利策略 | D117: 期货套利 | E117: 海南若谷 | F117: 2022-05-18 | N117: 沪深300 | O117: 2026-08-31 | P117: 2026-09-15
A118: 时间稳健1号 | B118: SZM840 | C118: 套利策略 | D118: - | E118: 青岛时间 | F118: 2023-03-01 | G118: 25.2700% | H118: 32.7000% | I118: 62.1600% | J118: 84.6200% | K118: 22.0200% | L118: 1.485 | M118: 26.5849 | N118: 沪深300 | O118: 2026-08-31 | P118: 2026-09-15
A119: 安合融信匠人匠心7号 | B119: SZN919 | C119: 套利策略 | D119: - | E119: 青岛安合融信 | F119: 2023-03-16 | N119: 沪深300 | O119: 2026-08-31 | P119: 2026-09-15
A120: 交叉智能-量化增强2号 | B120: SZD351 | C120: 套利策略 | D120: 期货套利 | E120: 北京交叉智能 | F120: 2023-04-19 | G120: 1.1200% | H120: 8.8700% | I120: 81.0800% | J120: 69.2300% | K120: 3.4600% | L120: 2.5648 | M120: 0.3249 | N120: 沪深300 | O120: 2026-08-31 | P120: 2026-09-15
A121: 在赢利贞一号 | B121: SAGE45 | C121: 套利策略 | D121: - | E121: 浙江在赢 | F121: 2024-02-01 | G121: 10.6000% | J121: 69.2300% | M121: 6.5775 | N121: 沪深300 | O121: 2026-08-31 | P121: 2026-09-15
A122: 奶酪善水六号 | B122: SAHN66 | C122: 套利策略 | D122: - | E122: 广东奶酪 | F122: 2024-03-05 | G122: 11.3400% | J122: 69.2300% | M122: 1.1986 | N122: 沪深300 | O122: 2026-08-31 | P122: 2026-09-15
A123: 华睿东方世家进取6号 | B123: SAJD40 | C123: 套利策略 | D123: 期货套利 | E123: 天津华睿千和资管 | F123: 2024-03-25 | G123: 8.9300% | J123: 53.8500% | M123: 0.7448 | N123: 沪深300 | O123: 2026-08-31 | P123: 2026-09-15
A124: 涌涵农本一号 | B124: SAWA30 | C124: 套利策略 | D124: - | E124: 上海涌涵 | F124: 2025-05-26 | G124: 24.4300% | J124: 46.1500% | M124: 1.243 | N124: 沪深300 | O124: 2026-08-31 | P124: 2026-09-15
A125: 慧衍锐智3号A类 | B125: AGE96A | C125: 套利策略 | D125: - | E125: 上海慧衍 | F125: 2024-01-19 | G125: 3.0800% | J125: 46.1500% | M125: 0.4982 | N125: 沪深300 | O125: 2026-08-31 | P125: 2026-09-15
A126: 时间稳健1号B类 | B126: ZM840B | C126: 套利策略 | D126: - | E126: 青岛时间 | F126: 2023-03-01 | N126: 沪深300 | O126: 2026-08-31 | P126: 2026-09-15
A127: 磬晟启晟1号 | B127: SCB058 | C127: 套利策略 | D127: 基金套利 | E127: 上海磬晟 | F127: 2018-01-31 | G127: -1.8000% | H127: 0.2400% | I127: 45.9500% | J127: 61.5400% | K127: 10.3700% | L127: 0.0234 | M127: -0.2132 | N127: 沪深300 | O127: 2026-08-31 | P127: 2026-09-15
A128: 悬铃瑞享C号1期 | B128: SZF187 | C128: 套利策略 | D128: - | E128: 上海悬铃 | F128: 2023-04-18 | G128: -10.0200% | H128: -0.4300% | I128: 54.0500% | J128: 30.7700% | K128: 11.7700% | L128: -0.0365 | M128: -0.881 | N128: 沪深300 | O128: 2026-08-31 | P128: 2026-09-15
A129: 奶酪鑫鑫宝九号 | B129: SACM90 | C129: 套利策略 | D129: - | E129: 广东奶酪 | F129: 2023-10-24 | G129: 3.8400% | J129: 100.0000% | N129: 沪深300 | O129: 2026-08-31 | P129: 2026-09-15
A130: 博普安兴私享一号C类 | B130: AHS76C | C130: 套利策略 | D130: - | E130: 深圳前海博普资管 | F130: 2024-03-22 | G130: 6.1700% | J130: 92.3100% | M130: 9.3107 | N130: 沪深300 | O130: 2026-08-31 | P130: 2026-09-15
A131: 盛冠达稳享量化套利 | B131: SAUA99 | C131: 套利策略 | D131: - | E131: 海南盛冠达 | F131: 2025-06-04 | G131: 3.2100% | J131: 53.8500% | M131: 2.0447 | N131: 沪深300 | O131: 2026-08-31 | P131: 2026-09-15
A132: 悬铃成长1号 | B132: STP551 | C132: 套利策略 | D132: 可转债套利 | E132: 上海悬铃 | F132: 2021-12-29 | G132: 2.5700% | H132: 9.5100% | I132: 62.1600% | J132: 53.8500% | K132: 13.6200% | L132: 0.6979 | M132: 0.3125 | N132: 沪深300 | O132: 2026-08-31 | P132: 2026-09-15
A133: 岳鑫遥4号 | B133: SXT179 | C133: 套利策略 | D133: - | E133: 北京岳鑫遥 | F133: 2022-11-24 | N133: 沪深300 | O133: 2026-08-31 | P133: 2026-09-15
A134: 安合融信匠人匠心10号 | B134: SB9656 | C134: 套利策略 | D134: - | E134: 青岛安合融信 | F134: 2023-09-05 | N134: 沪深300 | O134: 2026-08-31 | P134: 2026-09-15
A135: 灵涛卧龙 | B135: SEU753 | C135: 套利策略 | D135: - | E135: 灵涛基金 | F135: 2018-12-13 | N135: 沪深300 | O135: 2026-08-31 | P135: 2026-09-15
A136: 祁腾蜂赢1号 | B136: SEV580 | C136: 套利策略 | D136: 期货套利 | E136: 宁波祁腾投资 | F136: 2019-01-25 | G136: 13.8160% | H136: 11.9543% | I136: 78.3784% | J136: 76.9231% | K136: 0.5331% | L136: 22.424419 | M136: 28.409513 | N136: 沪深300 | O136: 2026-08-31 | P136: 2026-09-15
A137: 殊馥馥源套利1号 | B137: SGM512 | C137: 套利策略 | D137: 基金套利 | E137: 上海殊馥投资 | F137: 2019-04-30 | G137: 9.2200% | H137: 6.7700% | I137: 78.3800% | J137: 92.3100% | K137: 5.0200% | L137: 1.3488 | M137: 10.566 | N137: 沪深300 | O137: 2026-08-31 | P137: 2026-09-15
A138: 杉阳云杉混合1号 | B138: SLA063 | C138: 套利策略 | D138: 混合套利 | E138: 上海杉阳 | F138: 2020-05-29 | G138: 7.9700% | H138: 4.5600% | I138: 72.9700% | J138: 84.6200% | K138: 3.0000% | L138: 1.5177 | M138: 16.426 | N138: 沪深300 | O138: 2026-08-31 | P138: 2026-09-15
A139: 申毅格物22号 | B139: SLD523 | C139: 套利策略 | D139: - | E139: 上海申毅投资 | F139: 2020-07-14 | G139: 6.3200% | H139: 9.6700% | I139: 67.5700% | J139: 53.8500% | K139: 13.1800% | L139: 0.7339 | M139: 1.7011 | N139: 沪深300 | O139: 2026-08-31 | P139: 2026-09-15
A140: 鹿秀驯鹿5号 | B140: SLN352 | C140: 套利策略 | D140: - | E140: 青岛鹿秀投资 | F140: 2020-08-31 | G140: -42.1800% | H140: -18.8200% | I140: 37.8400% | J140: 46.1500% | K140: 54.8400% | L140: -0.3432 | M140: -0.8451 | N140: 沪深300 | O140: 2026-08-31 | P140: 2026-09-15
A141: 鹿秀驯鹿10号 | B141: SNK594 | C141: 套利策略 | D141: - | E141: 青岛鹿秀投资 | F141: 2020-12-09 | G141: 50.8200% | H141: 32.9300% | I141: 67.5700% | J141: 61.5400% | K141: 29.2600% | L141: 1.1255 | M141: 1.7368 | N141: 沪深300 | O141: 2026-08-31 | P141: 2026-09-15
A142: 九招真格量化套利一号 | B142: SQD546 | C142: 套利策略 | D142: 期货套利 | E142: 武汉九招 | F142: 2021-03-16 | G142: 14.6600% | H142: 13.8100% | I142: 89.1900% | J142: 100.0000% | K142: 2.4900% | L142: 5.5511 | M142: 30.8888 | N142: 中证全债 | O142: 2026-08-31 | P142: 2026-09-15
A143: 宏翼高频1号 | B143: SQA623 | C143: 套利策略 | D143: 期货套利 | E143: 上海宏翼 | F143: 2021-03-30 | G143: 10.1700% | H143: 11.4000% | I143: 70.2700% | J143: 61.5400% | K143: 17.3400% | L143: 0.6575 | M143: 0.5867 | N143: 沪深300 | O143: 2026-08-31 | P143: 2026-09-15
A144: 钧誉厚德量化对冲11号 | B144: SQN453 | C144: 套利策略 | D144: 期货套利 | E144: 珠海钧誉资管 | F144: 2021-05-07 | G144: 10.9031% | H144: 8.0306% | K144: 0.8267% | L144: 9.7136532 | M144: 13.188188 | N144: 沪深300 | O144: 2026-08-31 | P144: 2026-09-15
A145: 巨博华多元策略1号 | B145: SQW105 | C145: 套利策略 | D145: 期货套利 | E145: 深圳巨博华 | F145: 2021-07-12 | N145: 沪深300 | O145: 2026-08-31 | P145: 2026-09-15
A146: 杉阳云杉混合1号A类 | B146: LA063A | C146: 套利策略 | D146: 期货套利 | E146: 上海杉阳 | F146: 2020-05-29 | G146: 7.3000% | H146: 4.1200% | I146: 70.2700% | J146: 76.9200% | K146: 3.1000% | L146: 1.3296 | M146: 12.4944 | N146: 沪深300 | O146: 2026-08-31 | P146: 2026-09-15
A147: 嘉和传承精研二期 | B147: STD929 | C147: 套利策略 | D147: 期货套利 | E147: 上海嘉和传承 | F147: 2021-12-07 | G147: 6.9400% | H147: 11.8900% | I147: 59.4600% | J147: 53.8500% | K147: 8.9400% | L147: 1.3293 | M147: 0.7759 | N147: 沪深300 | O147: 2026-08-31 | P147: 2026-09-15
A148: 呈瑞复合策略1号 | B148: STK755 | C148: 套利策略 | D148: - | E148: 上海呈瑞投资 | F148: 2021-12-17 | G148: 92.8700% | H148: 20.2700% | I148: 62.1600% | J148: 61.5400% | K148: 29.4300% | L148: 0.6889 | M148: 5.4499 | N148: 沪深300 | O148: 2026-08-31 | P148: 2026-09-15
A149: 晨翰6号 | B149: STS460 | C149: 套利策略 | D149: 期货套利 | E149: 晋江晨翰 | F149: 2022-01-14 | G149: 8.8300% | H149: 5.4200% | I149: 54.0500% | J149: 46.1500% | K149: 5.0300% | L149: 1.0765 | M149: 1.7546 | N149: 沪深300 | O149: 2026-08-31 | P149: 2026-09-15
A150: 博普量化对冲6号A类 | B150: EE891A | C150: 套利策略 | D150: 期货套利 | E150: 深圳前海博普资管 | F150: 2018-11-26 | G150: 3.8300% | H150: 0.9800% | I150: 59.4600% | J150: 53.8500% | K150: 9.8300% | L150: 0.1001 | M150: 1.3858 | N150: 沪深300 | O150: 2026-08-31 | P150: 2026-09-15
A151: 兆祥祥瑞套利1号 | B151: SXJ965 | C151: 套利策略 | D151: - | E151: 青岛兆祥资管 | F151: 2022-09-16 | N151: 沪深300 | O151: 2026-08-31 | P151: 2026-09-15
A152: 中益仁东染千顷 | B152: SXK740 | C152: 套利策略 | D152: 期货套利 | E152: 日照中益仁 | F152: 2022-09-23 | G152: 9.4600% | H152: 8.3900% | I152: 89.1900% | J152: 76.9200% | K152: 2.7700% | L152: 3.034 | M152: 3.4194 | N152: 沪深300 | O152: 2026-08-31 | P152: 2026-09-15
...

Sheet 净值原始
A1: 文件 | B1: 产品名称 | C1: 日期 | D1: 单位净值 | E1: 累计净值 | F1: 复权净值 | G1: 涨跌幅
A2: 世宽若水尘心2号B类净值20260911.xlsx | B2: 世宽若水尘心2号B类
A3: 世宽若水尘心3号净值20260911.xlsx | B3: 世宽若水尘心3号
A4: 祁腾蜂赢1号净值20260911.xlsx | B4: 祁腾蜂赢1号
A5: 系数CTA套利五号净值20260911.xlsx | B5: 系数CTA套利五号
A6: 聚亿具臻B类净值20260911.xlsx | B6: 聚亿具臻B类
A7: 量客投资金选套利1号净值20260911.xlsx | B7: 量客投资金选套利1号
A8: 钧誉厚德量化对冲11号净值20260911.xlsx | B8: 钧誉厚德量化对冲11号
A9: 阶石稳健1号净值20260911.xlsx | B9: 阶石稳健1号
A10: 阶石稳健9号净值20260911.xlsx | B10: 阶石稳健9号

Sheet 补数计算
A1: 备案号 | B1: 产品名称 | C1: 指标 | D1: 数值 | E1: 计算日期 | F1: 来源 | G1: 说明
A2: XX769B | B2: 世宽若水尘心2号B类 | G2: 可计算
A3: XX769B | B3: 世宽若水尘心2号B类 | G3: 未覆盖完整窗口或边界净值缺失
A4: XX769B | B4: 世宽若水尘心2号B类 | G4: 未覆盖成立以来或不足一年，不年化
A5: SXT730 | B5: 世宽若水尘心3号 | G5: 可计算
A6: SXT730 | B6: 世宽若水尘心3号 | G6: 可计算
A7: SXT730 | B7: 世宽若水尘心3号 | G7: 可计算
A8: SEV580 | B8: 祁腾蜂赢1号 | G8: 可计算
A9: SEV580 | B9: 祁腾蜂赢1号 | G9: 可计算
A10: SEV580 | B10: 祁腾蜂赢1号 | G10: 可计算
A11: SXT086 | B11: 系数CTA套利五号 | G11: 可计算
A12: SXT086 | B12: 系数CTA套利五号 | G12: 可计算
A13: SXT086 | B13: 系数CTA套利五号 | G13: 未覆盖成立以来或不足一年，不年化
... A28: SAZW60 | B28: 阶石稳健9号 | G28: 未覆盖成立以来或不足一年，不年化

Sheet 最新核对
A1: 备案号 | B1: 产品名称 | C1: 字段 | D1: 更新值 | E1: 日期 | F1: 来源 | G1: 原因
A2: SNH457 | B2: 量客投资金选套利1号 | D2: 0.12828817 | G2: 来源表缺失，以压缩包净值补算；截止日未完全对齐
A3: SEV580 | B3: 祁腾蜂赢1号 | D3: 0.13816034 | G3: 来源表缺失，以压缩包净值补算；截止日未完全对齐
A4: SEV580 | B4: 祁腾蜂赢1号 | D4: 0.11954264 | G4: 来源表缺失，以压缩包净值补算；截止日未完全对齐
A5: SEV580 | B5: 祁腾蜂赢1号 | D5: 0.76923077 | G5: 来源表缺失，以压缩包净值补算；截止日未完全对齐
A6: SEV580 | B6: 祁腾蜂赢1号 | D6: 0.78378378 | G6: 来源表缺失，以压缩包净值补算；截止日未完全对齐
A7: SEV580 | B7: 祁腾蜂赢1号 | D7: 0.0053309136 | G7: 来源表缺失，以压缩包净值补算；截止日未完全对齐
A8: SEV580 | B8: 祁腾蜂赢1号 | D8: 28.409513 | G8: 来源表缺失，以压缩包净值补算；截止日未完全对齐
A9: SEV580 | B9: 祁腾蜂赢1号 | D9: 22.424419 | G9: 来源表缺失，以压缩包净值补算；截止日未完全对齐
A10: SEV580 | B10: 祁腾蜂赢1号 | D10: 0.12444965 | G10: 来源表缺失，以压缩包净值补算；截止日未完全对齐
A11: SQN453 | B11: 钧誉厚德量化对冲11号 | D11: 0.10903115 | G11: 来源表缺失，以压缩包净值补算；截止日未完全对齐
A12: SQN453 | B12: 钧誉厚德量化对冲11号 | D12: 0.080306011 | G12: 来源表缺失，以压缩包净值补算；截止日未完全对齐
A13: SQN453 | B13: 钧誉厚德量化对冲11号 | D13: 0.0082673336 | G13: 来源表缺失，以压缩包净值补算；截止日未完全对齐
... A30: SATE65 | B30: 阶石稳健1号 | D30: 0.22997764 | G30: 来源表缺失，以压缩包净值补算；截止日未完全对齐

Sheet 协会公示
A1: 备案号 | B1: 产品名称 | C1: 管理人 | D1: 管理人全称 | E1: 登记编号 | F1: 管理规模区间 | G1: 规模分组 | H1: 协会风险标记 | I1: 管理人公示URL | J1: 基金公示URL | K1: 核验日期
A2: SR2759 | B2: 新视野智能量化2号 | C2: 杭州探融投资 | D2: 杭州探融投资管理有限公司 | E2: P1032083 | F2: 0-5亿元 | G2: 小规模 | H2: 本次公示未见相关记录 | I2: https://gs.amac.org.cn/amac-infodisc/res/pof/manager/101000049159.html | J2: https://gs.amac.org.cn/amac-infodisc/res/pof/fund/351000611236.html | K2: 2026-09-15
A3: SL8089 | B3: 探融新视野智能量化1号 | C3: 杭州探融投资 | D3: 杭州探融投资管理有限公司 | E3: P1032083 | F3: 0-5亿元 | G3: 小规模 | H3: 本次公示未见相关记录 | I3: https://gs.amac.org.cn/amac-infodisc/res/pof/manager/101000049159.html | J3: https://gs.amac.org.cn/amac-infodisc/res/pof/fund/351000500099.html | K3: 2026-09-15
A4: SM4445 | B4: 辉毅4号 | C4: 上海申毅投资 | D4: 上海申毅投资股份有限公司 | E4: P1000404 | F4: 100亿元以上 | G4: 大规模 | H4: 本次公示未见相关记录 | I4: https://gs.amac.org.cn/amac-infodisc/res/pof/manager/101000000870.html | J4: https://gs.amac.org.cn/amac-infodisc/res/pof/fund/351000509057.html | K4: 2026-09-15
A5: SJ2870 | B5: 平凡悟鑫 | C5: 北京平凡 | D5: 北京平凡私募基金管理有限公司 | E5: P1021670 | F5: 50-100亿元 | G5: 大规模 | H5: 本次公示未见相关记录 | I5: https://gs.amac.org.cn/amac-infodisc/res/pof/manager/101000030286.html | J5: https://gs.amac.org.cn/amac-infodisc/res/pof/fund/351000410825.html | K5: 2026-09-15
A6: SS8645 | B6: 致同稳盈对冲 | C6: 上海致同投资 | D6: 上海致同投资管理有限公司 | E6: P1003519 | F6: 20-50亿元 | G6: 大规模 | H6: 监管警示函 | I6: https://gs.amac.org.cn/amac-infodisc/res/pof/manager/101000004339.html | J6: https://gs.amac.org.cn/amac-infodisc/res/pof/fund/1705051025108658.html | K6: 2026-09-15
A7: ST3922 | B7: 哈福尊享一号 | C7: 哈福基金 | D7: 广东哈福私募证券投资基金管理有限公司 | E7: P1005908 | F7: 0-5亿元 | G7: 小规模 | H7: 本次公示未见相关记录 | I7: https://gs.amac.org.cn/amac-infodisc/res/pof/manager/101000010078.html | J7: https://gs.amac.org.cn/amac-infodisc/res/pof/fund/1705180919103330.html | K7: 2026-09-15
A8: SS9088 | B8: 远澜翠柏1号 | C8: 上海远澜 | D8: 上海远澜私募基金管理有限公司 | E8: P1018484 | F8: 100亿元以上 | G8: 大规模 | H8: 本次公示未见相关记录 | I8: https://gs.amac.org.cn/amac-infodisc/res/pof/manager/101000022626.html | J8: https://gs.amac.org.cn/amac-infodisc/res/pof/fund/1706161700107643.html | K8: 2026-09-15
A9: SCS637 | B9: 擎丰1号 | C9: 上海擎丰 | D9: 上海擎丰私募基金管理有限公司 | E9: P1066774 | F9: 0-5亿元 | G9: 小规模 | H9: 协会提示／报送异常 | I9: https://gs.amac.org.cn/amac-infodisc/res/pof/manager/1707071820104466.html | J9: https://gs.amac.org.cn/amac-infodisc/res/pof/fund/1806141444102951.html | K9: 2026-09-15
A10: SEM001 | B10: 新时代智能量化3号 | C10: 杭州探融投资 | D10: 杭州探融投资管理有限公司 | E10: P1032083 | F10: 0-5亿元 | G10: 小规模 | H10: 本次公示未见相关记录 | I10: https://gs.amac.org.cn/amac-infodisc/res/pof/manager/101000049159.html | J10: https://gs.amac.org.cn/amac-infodisc/res/pof/fund/1811011729102590.html | K10: 2026-09-15
A11: SGH303 | B11: 悬铃C号2期 | C11: 上海悬铃 | D11: 上海悬铃私募基金管理有限公司 | E11: P1064634 | F11: 20-50亿元 | G11: 大规模 | H11: 本次公示未见相关记录 | I11: https://gs.amac.org.cn/amac-infodisc/res/pof/manager/1701161209103763.html | J11: https://gs.amac.org.cn/amac-infodisc/res/pof/fund/1904291722104146.html | K11: 2026-09-15
A12: SJA112 | B12: 爱凡哲九号 | C12: 爱凡哲投资 | D12: 爱凡哲投资管理有限公司 | E12: P1066184 | F12: 20-50亿元 | G12: 大规模 | H12: 本次公示未见相关记录 | I12: https://gs.amac.org.cn/amac-infodisc/res/pof/manager/1709181131101311.html | J12: https://gs.amac.org.cn/amac-infodisc/res/pof/fund/1909051919107161.html | K12: 2026-09-15
... A72: SB2838 | B72: 奶酪鑫鑫宝二号 | C72: 广东奶酪 | D72: 广东奶酪私募基金管理股份有限公司 | E72: P1031632 | F72: 10-20亿元 | G72: 大规模 | H72: 本次公示未见相关记录 | I72: https://gs.amac.org.cn/amac-infodisc/res/pof/manager/101000045017.html | J72: https://gs.amac.org.cn/amac-infodisc/res/pof/fund/2306141909104356.html | K72: 2026-09-15
A73: SH674B | B73: 岳皋泰山核心一号B类 | C73: 上海岳皋投资 | D73: 上海岳皋投资管理有限公司 上海岳皋投资管理有限公司 | E73: P1069937 | F73: 0-5亿元 | G73: 小规模 | H73: 本次公示未见相关记录 | I73: https://gs.amac.org.cn/amac-infodisc/res/pof/manager/1812180906104012.html | K73: 2026-09-15
A74: SB1775 | B74: 韵之嘉益 | C74: 北京韵之 | D74: 北京韵之私募基金管理有限公司 | E74: P1061332 | F74: 5-10亿元 | G74: 大规模 | H74: 本次公示未见相关记录 | I74: https://gs.amac.org.cn/amac-infodisc/res/pof/manager/1609291216100602.html | J74: https://gs.amac.org.cn/amac-infodisc/res/pof/fund/2308101835106229.html | K74: 2026-09-15
A75: SB6565 | B75: 杨湜套利1号 | C75: 上海杨湜投资 | D75: 上海杨湜资产管理中心(有限合伙) | E75: P1032870 | F75: 10-20亿元 | G75: 大规模 | H75: 本次公示未见相关记录 | I75: https://gs.amac.org.cn/amac-infodisc/res/pof/manager/101000070776.html | J75: https://gs.amac.org.cn/amac-infodisc/res/pof/fund/2308231811111489.html | K75: 2026-09-15
A76: SAAS17 | B76: 奶酪平价套利稳健一号 | C76: 广东奶酪 | D76: 广东奶酪私募基金管理股份有限公司 | E76: P1031632 | F76: 10-20亿元 | G76: 大规模 | H76: 本次公示未见相关记录 | I76: https://gs.amac.org.cn/amac-infodisc/res/pof/manager/101000045017.html | J76: https://gs.amac.org.cn/amac-infodisc/res/pof/fund/2309041554106885.html | K76: 2026-09-15
A77: SB7490 | B77: 银万财派恒星套利1号 | C77: 浙江银万 | D77: 浙江银万私募基金管理有限公司 | E77: P1005420 | F77: 20-50亿元 | G77: 大规模 | H77: 监管警示函 | I77: https://gs.amac.org.cn/amac-infodisc/res/pof/manager/101000005988.html | J77: https://gs.amac.org.cn/amac-infodisc/res/pof/fund/2309061045107529.html | K77: 2026-09-15
A78: ZC395A | B78: 佳泽信享5号A类 | C78: 海南佳泽 | D78: 海南佳泽私募基金管理合伙企业（有限合伙） 海南佳泽私募基金管理合伙企业（有限合伙） | E78: P1073283 | F78: 0-5亿元 | G78: 小规模 | H78: 协会提示／报送异常 | I78: https://gs.amac.org.cn/amac-infodisc/res/pof/manager/2202171443109430.html | K78: 2026-09-15
A79: ZC395B | B79: 佳泽信享5号B类 | C79: 海南佳泽 | D79: 海南佳泽私募基金管理合伙企业（有限合伙） 海南佳泽私募基金管理合伙企业（有限合伙） | E79: P1073283 | F79: 0-5亿元 | G79: 小规模 | H79: 协会提示／报送异常 | I79: https://gs.amac.org.cn/amac-infodisc/res/pof/manager/2202171443109430.html | K79: 2026-09-15
A80: SB4982 | B80: 鋆晟衡泰进取1号 | C80: 上海鋆晟投资 | D80: 上海鋆晟投资管理有限公司 | E80: P1028385 | F80: 5-10亿元 | G80: 大规模 | H80: 本次公示未见相关记录 | I80: https://gs.amac.org.cn/amac-infodisc/res/pof/manager/101000039679.html | J80: https://gs.amac.org.cn/amac-infodisc/res/pof/fund/2309271703101145.html | K80: 2026-09-15
A81: SACJ77 | B81: 嘉和传承精研倍赢一期 | C81: 上海嘉和传承 | D81: 上海嘉和传承私募基金管理有限公司 | E81: P1074030 | F81: 5-10亿元 | G81: 大规模 | H81: 本次公示未见相关记录 | I81: https://gs.amac.org.cn/amac-infodisc/res/pof/manager/2203031405108672.html | J81: https://gs.amac.org.cn/amac-infodisc/res/pof/fund/2311201000109695.html | K81: 2026-09-15
A82: ACJ77A | B82: 嘉和传承精研倍赢一期A类 | C82: 上海嘉和传承 | D82: 上海嘉和传承私募基金管理有限公司 上海嘉和传承私募基金管理有限公司 | E82: P1074030 | F82: 5-10亿元 | G82: 大规模 | H82: 本次公示未见相关记录 | I82: https://gs.amac.org.cn/amac-infodisc/res/pof/manager/2203031405108672.html | K82: 2026-09-15
A83: SAGN89 | B83: 广联宏丰利1号 | C83: 海南广联宏 | D83: 海南广联宏私募基金管理有限公司 | E83: P1072844 | F83: 5-10亿元 | G83: 大规模 | H83: 协会提示／报送异常 | I83: https://gs.amac.org.cn/amac-infodisc/res/pof/manager/2109061042100364.html | J83: https://gs.amac.org.cn/amac-infodisc/res/pof/fund/2402061715110753.html | K83: 2026-09-15
A84: SAFF81 | B84: 简文长风1号 | C84: 上海简文 | D84: 上海简文私募基金管理有限公司 | E84: P1022166 | F84: 10-20亿元 | G84: 大规模 | H84: 本次公示未见相关记录 | I84: https://gs.amac.org.cn/amac-infodisc/res/pof/manager/101000033419.html | J84: https://gs.amac.org.cn/amac-infodisc/res/pof/fund/2403251659102187.html | K84: 2026-09-15
A85: SAGT43 | B85: 巨量边界ETF对冲1号 | C85: 北京巨量边界 | D85: 北京巨量边界私募基金管理有限公司 | E85: P1072384 | F85: 20-50亿元 | G85: 大规模 | H85: 协会提示／报送异常 | I85: https://gs.amac.org.cn/amac-infodisc/res/pof/manager/2107271706122405.html | J85: https://gs.amac.org.cn/amac-infodisc/res/pof/fund/2404030958107001.html | K85: 2026-09-15
A86: SAHX36 | B86: 慕途商品套利1号 | C86: 慕途基金 | D86: 上海慕途私募基金管理有限公司 | E86: P1073298 | F86: 10-20亿元 | G86: 大规模 | H86: 本次公示未见相关记录 | I86: https://gs.amac.org.cn/amac-infodisc/res/pof/manager/2106221238106983.html | J86: https://gs.amac.org.cn/amac-infodisc/res/pof/fund/2404081616103724.html | K86: 2026-09-15
A87: SAHU42 | B87: 远澜冬青跨境套利1号 | C87: 上海远澜 | D87: 上海远澜私募基金管理有限公司 | E87: P1018484 | F87: 100亿元以上 | G87: 大规模 | H87: 本次公示未见相关记录 | I87: https://gs.amac.org.cn/amac-infodisc/res/pof/manager/101000022626.html | J87: https://gs.amac.org.cn/amac-infodisc/res/pof/fund/2404091900108594.html | K87: 2026-09-15
A88: SAHM04 | B88: 唐德幽兰量化套利一号 | C88: 深圳唐德 | D88: 深圳唐德私募证券投资基金管理有限公司 | E88: P1027490 | F88: 0-5亿元 | G88: 小规模 | H88: 本次公示未见相关记录 | I88: https://gs.amac.org.cn/amac-infodisc/res/pof/manager/101000038100.html | J88: https://gs.amac.org.cn/amac-infodisc/res/pof/fund/2404301325106956.html | K88: 2026-09-15
A89: SAEJ83 | B89: 广联宏长青树2号 | C89: 海南广联宏 | D89: 海南广联宏私募基金管理有限公司 | E89: P1072844 | F89: 5-10亿元 | G89: 大规模 | H89: 协会提示／报送异常 | I89: https://gs.amac.org.cn/amac-infodisc/res/pof/manager/2109061042100364.html | J89: https://gs.amac.org.cn/amac-infodisc/res/pof/fund/2405140854108785.html | K89: 2026-09-15
A90: SAKB02 | B90: 宽辅优享1号 | C90: 海南宽辅 | D90: 海南宽辅私募基金管理合伙企业（有限合伙） | E90: P1074464 | F90: 10-20亿元 | G90: 大规模 | H90: 协会提示／报送异常 | I90: https://gs.amac.org.cn/amac-infodisc/res/pof/manager/2302271449102202.html | J90: https://gs.amac.org.cn/amac-infodisc/res/pof/fund/2405091231105978.html | K90: 2026-09-15
A91: AHS76B | B91: 博普安兴私享一号B类 | C91: 深圳前海博普资管 | D91: 深圳前海博普资产管理有限公司 深圳前海博普资产管理有限公司 | E91: P1067653 | F91: 50-100亿元 | G91: 大规模 | H91: 本次公示未见相关记录 | I91: https://gs.amac.org.cn/amac-infodisc/res/pof/manager/1709041706102598.html | K91: 2026-09-15
A92: SALD19 | B92: 龙智福星 | C92: 广州龙智投资 | D92: 广州市龙智投资管理有限公司 | E92: P1063752 | F92: 0-5亿元 | G92: 小规模 | H92: 协会提示／报送异常 | I92: https://gs.amac.org.cn/amac-infodisc/res/pof/manager/1704141230109314.html | J92: https://gs.amac.org.cn/amac-infodisc/res/pof/fund/2406171923109797.html | K92: 2026-09-15
A93: AJV57A | B93: 嘉和传承精研倍赢二期A类 | C93: 上海嘉和传承 | D93: 上海嘉和传承私募基金管理有限公司 上海嘉和传承私募基金管理有限公司 | E93: P1074030 | F93: 5-10亿元 | G93: 大规模 | H93: 本次公示未见相关记录 | I93: https://gs.amac.org.cn/amac-infodisc/res/pof/manager/2203031405108672.html | K93: 2026-09-15
A94: SALW01 | B94: 利恩华龙股票进取一号 | C94: 上海利恩 | D94: 上海利恩私募基金管理有限公司 | E94: P1021571 | F94: 0-5亿元 | G94: 小规模 | H94: 协会提示／报送异常 | I94: https://gs.amac.org.cn/amac-infodisc/res/pof/manager/101000031741.html | J94: https://gs.amac.org.cn/amac-infodisc/res/pof/fund/2408261734100092.html | K94: 2026-09-15
A95: AHS76A | B95: 博普安兴私享一号A类 | C95: 深圳前海博普资管 | D95: 深圳前海博普资产管理有限公司 深圳前海博普资产管理有限公司 | E95: P1067653 | F95: 50-100亿元 | G95: 大规模 | H95: 本次公示未见相关记录 | I95: https://gs.amac.org.cn/amac-infodisc/res/pof/manager/1709041706102598.html | K95: 2026-09-15
A96: SAQB15 | B96: 鑫泰禾安赢1号 | C96: 深圳鑫泰禾 | D96: 深圳鑫泰禾私募证券投资基金管理有限公司 | E96: P1028974 | F96: 0-5亿元 | G96: 小规模 | H96: 协会提示／报送异常 | I96: https://gs.amac.org.cn/amac-infodisc/res/pof/manager/101000041857.html | J96: https://gs.amac.org.cn/amac-infodisc/res/pof/fund/2410291900108187.html | K96: 2026-09-15
A97: SAQQ67 | B97: 慕途盈川1号 | C97: 慕途基金 | D97: 上海慕途私募基金管理有限公司 | E97: P1073298 | F97: 10-20亿元 | G97: 大规模 | H97: 本次公示未见相关记录 | I97: https://gs.amac.org.cn/amac-infodisc/res/pof/manager/2106221238106983.html | J97: https://gs.amac.org.cn/amac-infodisc/res/pof/fund/2412092007109429.html | K97: 2026-09-15
A98: SARN68 | B98: 根鸟利恩稳健套利二号 | C98: 上海利恩 | D98: 上海利恩私募基金管理有限公司 | E98: P1021571 | F98: 0-5亿元 | G98: 小规模 | H98: 协会提示／报送异常 | I98: https://gs.amac.org.cn/amac-infodisc/res/pof/manager/101000031741.html | J98: https://gs.amac.org.cn/amac-infodisc/res/pof/fund/2412111450104834.html | K98: 2026-09-15
A99: AHM04A | B99: 唐德幽兰量化套利一号A类 | C99: 深圳唐德 | D99: 深圳唐德私募证券投资基金管理有限公司 深圳唐德私募证券投资基金管理有限公司 | E99: P1027490 | F99: 0-5亿元 | G99: 小规模 | H99: 本次公示未见相关记录 | I99: https://gs.amac.org.cn/amac-infodisc/res/pof/manager/101000038100.html | K99: 2026-09-15
A100: SZW093 | B100: 启元高粱2号 | C100: 温州启元资管 | D100: 温州启元资产管理有限公司 | E100: P1012870 | F100: 20-50亿元 | G100: 大规模 | H100: 监管警示函 | I100: https://gs.amac.org.cn/amac-infodisc/res/pof/manager/101000016432.html | J100: https://gs.amac.org.cn/amac-infodisc/res/pof/fund/2412181712104964.html | K100: 2026-09-15
A101: SASB96 | B101: 六妙星滚雪粒1号 | C101: 北京六妙星 | D101: 六妙星（北京）私募基金管理有限公司 | E101: P1073972 | F101: 20-50亿元 | G101: 大规模 | H101: 本次公示未见相关记录 | I101: https://gs.amac.org.cn/amac-infodisc/res/pof/manager/2012211324102340.html | J101: https://gs.amac.org.cn/amac-infodisc/res/pof/fund/2412311133107562.html | K101: 2026-09-15
A102: SASG02 | B102: 纵帆禾裕二号 | C102: 海南纵帆 | D102: 海南纵帆私募基金管理有限公司 | E102: P1072157 | F102: 0-5亿元 | G102: 小规模 | H102: 协会提示／报送异常 | I102: https://gs.amac.org.cn/amac-infodisc/res/pof/manager/2010291454105615.html | J102: https://gs.amac.org.cn/amac-infodisc/res/pof/fund/2412261646108609.html | K102: 2026-09-15
A103: SARX48 | B103: 纵帆禾裕一号 | C103: 海南纵帆 | D103: 海南纵帆私募基金管理有限公司 | E103: P1072157 | F103: 0-5亿元 | G103: 小规模 | H103: 协会提示／报送异常 | I103: https://gs.amac.org.cn/amac-infodisc/res/pof/manager/2010291454105615.html | J103: https://gs.amac.org.cn/amac-infodisc/res/pof/fund/2501061019107429.html | K103: 2026-09-15
A104: SATV20 | B104: 广联宏稳健2号 | C104: 海南广联宏 | D104: 海南广联宏私募基金管理有限公司 | E104: P1072844 | F104: 5-10亿元 | G104: 大规模 | H104: 协会提示／报送异常 | I104: https://gs.amac.org.cn/amac-infodisc/res/pof/manager/2109061042100364.html | J104: https://gs.amac.org.cn/amac-infodisc/res/pof/fund/2502201715102727.html | K104: 2026-09-15
A105: SATY96 | B105: 濡圣橡石2号 | C105: 上海濡圣 | D105: 上海濡圣私募基金管理有限公司 | E105: P1031748 | F105: 0-5亿元 | G105: 小规模 | H105: 本次公示未见相关记录 | I105: https://gs.amac.org.cn/amac-infodisc/res/pof/manager/101000050489.html | J105: https://gs.amac.org.cn/amac-infodisc/res/pof/fund/2502241929109266.html | K105: 2026-09-15
A106: SAXN78 | B106: 九木套利1号 | C106: 深圳九木 | D106: 深圳九木私募证券基金管理有限公司 | E106: P1074963 | F106: 10-20亿元 | G106: 大规模 | H106: 本次公示未见相关记录 | I106: https://gs.amac.org.cn/amac-infodisc/res/pof/manager/2502261446106414.html | J106: https://gs.amac.org.cn/amac-infodisc/res/pof/fund/2504251101107555.html | K106: 2026-09-15
A107: SAYN63 | B107: 邦阁赤水1号 | C107: 上海邦阁 | D107: 上海邦阁私募基金管理有限公司 | E107: P1017418 | F107: 0-5亿元 | G107: 小规模 | H107: 本次公示未见相关记录 | I107: https://gs.amac.org.cn/amac-infodisc/res/pof/manager/101000026158.html | J107: https://gs.amac.org.cn/amac-infodisc/res/pof/fund/2506041444104018.html | K107: 2026-09-15
A108: AYU55A | B108: 嘉和传承如期而至二期A类 | C108: 上海嘉和传承 | D108: 上海嘉和传承私募基金管理有限公司 上海嘉和传承私募基金管理有限公司 | E108: P1074030 | F108: 5-10亿元 | G108: 大规模 | H108: 本次公示未见相关记录 | I108: https://gs.amac.org.cn/amac-infodisc/res/pof/manager/2203031405108672.html | K108: 2026-09-15
A109: SAZX46 | B109: 龙智五福 | C109: 广州龙智投资 | D109: 广州市龙智投资管理有限公司 | E109: P1063752 | F109: 0-5亿元 | G109: 小规模 | H109: 协会提示／报送异常 | I109: https://gs.amac.org.cn/amac-infodisc/res/pof/manager/1704141230109314.html | J109: https://gs.amac.org.cn/amac-infodisc/res/pof/fund/2506271924100188.html | K109: 2026-09-15
A110: SBAQ94 | B110: 六妙星彩云归低波2号 | C110: 北京六妙星 | D110: 六妙星（北京）私募基金管理有限公司 | E110: P1073972 | F110: 20-50亿元 | G110: 大规模 | H110: 本次公示未见相关记录 | I110: https://gs.amac.org.cn/amac-infodisc/res/pof/manager/2012211324102340.html | J110: https://gs.amac.org.cn/amac-infodisc/res/pof/fund/2507011111106192.html | K110: 2026-09-15
A111: SBDG79 | B111: 纵帆禾裕三号 | C111: 海南纵帆 | D111: 海南纵帆私募基金管理有限公司 | E111: P1072157 | F111: 0-5亿元 | G111: 小规模 | H111: 协会提示／报送异常 | I111: https://gs.amac.org.cn/amac-infodisc/res/pof/manager/2010291454105615.html | J111: https://gs.amac.org.cn/amac-infodisc/res/pof/fund/2508130929107823.html | K111: 2026-09-15
A112: SGS754 | B112: 鋆晟狮王套利 | C112: 上海鋆晟投资 | D112: 上海鋆晟投资管理有限公司 | E112: P1028385 | F112: 5-10亿元 | G112: 大规模 | H112: 本次公示未见相关记录 | I112: https://gs.amac.org.cn/amac-infodisc/res/pof/manager/101000039679.html | J112: https://gs.amac.org.cn/amac-infodisc/res/pof/fund/1908021524105625.html | K112: 2026-09-15
A113: SNG078 | B113: 晟通京华宏观对冲 | C113: 深圳前海晟通资管 | D113: 深圳前海晟通资产管理有限公司 | E113: P1067603 | F113: 0-5亿元 | G113: 小规模 | H113: 本次公示未见相关记录 | I113: https://gs.amac.org.cn/amac-infodisc/res/pof/manager/1703281619108152.html | J113: https://gs.amac.org.cn/amac-infodisc/res/pof/fund/2012101712107143.html | K113: 2026-09-15
A114: SNH457 | B114: 量客投资金选套利1号 | C114: 上海量客 | D114: 上海量客私募基金管理有限公司 | E114: P1000568 | F114: 50-100亿元 | G114: 大规模 | H114: 本次公示未见相关记录 | I114: https://gs.amac.org.cn/amac-infodisc/res/pof/manager/101000000790.html | J114: https://gs.amac.org.cn/amac-infodisc/res/pof/fund/2101061734111873.html | K114: 2026-09-15
A115: SNS371 | B115: 洮利11号1期 | C115: 上海洮利 | D115: 上海洮利私募基金管理有限公司 | E115: P1069945 | F115: 5-10亿元 | G115: 大规模 | H115: 本次公示未见相关记录 | I115: https://gs.amac.org.cn/amac-infodisc/res/pof/manager/1905071402101724.html | J115: https://gs.amac.org.cn/amac-infodisc/res/pof/fund/2101201950101722.html | K115: 2026-09-15
A116: SVB806 | B116: 悬铃稳健1号 | C116: 上海悬铃 | D116: 上海悬铃私募基金管理有限公司 | E116: P1064634 | F116: 20-50亿元 | G116: 大规模 | H116: 本次公示未见相关记录 | I116: https://gs.amac.org.cn/amac-infodisc/res/pof/manager/1701161209103763.html | J116: https://gs.amac.org.cn/amac-infodisc/res/pof/fund/2202161802107592.html | K116: 2026-09-15
A117: SVQ802 | B117: 若谷凌云一号 | C117: 海南若谷 | D117: 海南若谷私募基金管理有限公司 | E117: P1072233 | F117: 0-5亿元 | G117: 小规模 | H117: 协会提示／报送异常 | I117: https://gs.amac.org.cn/amac-infodisc/res/pof/manager/2106151358101928.html | J117: https://gs.amac.org.cn/amac-infodisc/res/pof/fund/2205271705100699.html | K117: 2026-09-15
A118: SZM840 | B118: 时间稳健1号 | C118: 青岛时间 | D118: 青岛时间私募基金管理有限公司 | E118: P1071508 | F118: 0-5亿元 | G118: 小规模 | H118: 本次公示未见相关记录 | I118: https://gs.amac.org.cn/amac-infodisc/res/pof/manager/2007291034107765.html | J118: https://gs.amac.org.cn/amac-infodisc/res/pof/fund/2303061420106400.html | K118: 2026-09-15
A119: SZN919 | B119: 安合融信匠人匠心7号 | C119: 青岛安合融信 | D119: 安合融信（青岛）私募基金管理有限公司 | E119: P1073423 | F119: 0-5亿元 | G119: 小规模 | H119: 本次公示未见相关记录 | I119: https://gs.amac.org.cn/amac-infodisc/res/pof/manager/2108161405106293.html | J119: https://gs.amac.org.cn/amac-infodisc/res/pof/fund/2303221733112563.html | K119: 2026-09-15
A120: SZD351 | B120: 交叉智能-量化增强2号 | C120: 北京交叉智能 | D120: 交叉智能（北京）私募基金管理有限公司 | E120: P1073650 | F120: 5-10亿元 | G120: 大规模 | H120: 本次公示未见相关记录 | I120: https://gs.amac.org.cn/amac-infodisc/res/pof/manager/2108121438108586.html | J120: https://gs.amac.org.cn/amac-infodisc/res/pof/fund/2304211705109378.html | K120: 2026-09-15
... A124: SAWA30 | B124: 涌涵农本一号 | C124: 上海涌涵 | D124: 上海涌涵私募基金管理有限公司 | E124: P1072760 | F124: 10-20亿元 | G124: 大规模 | H124: 本次公示未见相关记录 | I124: https://gs.amac.org.cn/amac-infodisc/res/pof/manager/2108301436104889.html | J124: https://gs.amac.org.cn/amac-infodisc/res/pof/fund/2506041444103887.html | K124: 2026-09-15
A125: AGE96A | B125: 慧衍锐智3号A类 | C125: 上海慧衍 | D125: 上海慧衍私募基金管理有限公司 上海慧衍私募基金管理有限公司 | E125: P1072083 | F125: 10-20亿元 | G125: 大规模 | H125: 本次公示未见相关记录 | I125: https://gs.amac.org.cn/amac-infodisc/res/pof/manager/2103171746100111.html | K125: 2026-09-15
A126: ZM840B | B126: 时间稳健1号B类 | C126: 青岛时间 | D126: 青岛时间私募基金管理有限公司 青岛时间私募基金管理有限公司 | E126: P1071508 | F126: 0-5亿元 | G126: 小规模 | H126: 本次公示未见相关记录 | I126: https://gs.amac.org.cn/amac-infodisc/res/pof/manager/2007291034107765.html | K126: 2026-09-15
A127: SCB058 | B127: 磬晟启晟1号 | C127: 上海磬晟 | D127: 上海磬晟私募基金管理有限公司 | E127: P1064288 | F127: 5-10亿元 | G127: 大规模 | H127: 本次公示未见相关记录 | I127: https://gs.amac.org.cn/amac-infodisc/res/pof/manager/1612231709103386.html | J127: https://gs.amac.org.cn/amac-infodisc/res/pof/fund/1802081849101993.html | K127: 2026-09-15
A128: SZF187 | B128: 悬铃瑞享C号1期 | C128: 上海悬铃 | D128: 上海悬铃私募基金管理有限公司 | E128: P1064634 | F128: 20-50亿元 | G128: 大规模 | H128: 本次公示未见相关记录 | I128: https://gs.amac.org.cn/amac-infodisc/res/pof/manager/1701161209103763.html | J128: https://gs.amac.org.cn/amac-infodisc/res/pof/fund/2304181407104117.html | K128: 2026-09-15
A129: SACM90 | B129: 奶酪鑫鑫宝九号 | C129: 广东奶酪 | D129: 广东奶酪私募基金管理股份有限公司 | E129: P1031632 | F129: 10-20亿元 | G129: 大规模 | H129: 本次公示未见相关记录 | I129: https://gs.amac.org.cn/amac-infodisc/res/pof/manager/101000045017.html | J129: https://gs.amac.org.cn/amac-infodisc/res/pof/fund/2310231835105165.html | K129: 2026-09-15
A130: AHS76C | B130: 博普安兴私享一号C类 | C130: 深圳前海博普资管 | D130: 深圳前海博普资产管理有限公司 深圳前海博普资产管理有限公司 | E130: P1067653 | F130: 50-100亿元 | G130: 大规模 | H130: 本次公示未见相关记录 | I130: https://gs.amac.org.cn/amac-infodisc/res/pof/manager/1709041706102598.html | K130: 2026-09-15
A131: SAUA99 | B131: 盛冠达稳享量化套利 | C131: 海南盛冠达 | D131: 海南盛冠达私募基金管理有限公司 | E131: P1001070 | F131: 20-50亿元 | G131: 大规模 | H131: 本次公示未见相关记录 | I131: https://gs.amac.org.cn/amac-infodisc/res/pof/manager/101000001663.html | J131: https://gs.amac.org.cn/amac-infodisc/res/pof/fund/2506201458107445.html | K131: 2026-09-15
A132: STP551 | B132: 悬铃成长1号 | C132: 上海悬铃 | D132: 上海悬铃私募基金管理有限公司 | E132: P1064634 | F132: 20-50亿元 | G132: 大规模 | H132: 本次公示未见相关记录 | I132: https://gs.amac.org.cn/amac-infodisc/res/pof/manager/1701161209103763.html | J132: https://gs.amac.org.cn/amac-infodisc/res/pof/fund/2112291739105312.html | K132: 2026-09-15
A133: SXT179 | B133: 岳鑫遥4号 | C133: 北京岳鑫遥 | D133: 岳鑫遥（北京）私募基金管理有限公司 | E133: P1073901 | F133: 5-10亿元 | G133: 大规模 | H133: 协会提示／报送异常 | I133: https://gs.amac.org.cn/amac-infodisc/res/pof/manager/2207041830121644.html | J133: https://gs.amac.org.cn/amac-infodisc/res/pof/fund/2212071732102482.html | K133: 2026-09-15
A134: SB9656 | B134: 安合融信匠人匠心10号 | C134: 青岛安合融信 | D134: 安合融信（青岛）私募基金管理有限公司 | E134: P1073423 | F134: 0-5亿元 | G134: 小规模 | H134: 本次公示未见相关记录 | I134: https://gs.amac.org.cn/amac-infodisc/res/pof/manager/2108161405106293.html | J134: https://gs.amac.org.cn/amac-infodisc/res/pof/fund/2309081103102439.html | K134: 2026-09-15
A135: SEU753 | B135: 灵涛卧龙 | C135: 灵涛基金 | D135: 灵涛私募基金管理（上海）有限公司 | E135: P1024039 | F135: 5-10亿元 | G135: 大规模 | H135: 协会提示／报送异常 | I135: https://gs.amac.org.cn/amac-infodisc/res/pof/manager/101000034805.html | J135: https://gs.amac.org.cn/amac-infodisc/res/pof/fund/1812171730109976.html | K135: 2026-09-15
A136: SEV580 | B136: 祁腾蜂赢1号 | C136: 宁波祁腾投资 | D136: 宁波祁腾投资管理有限公司 | E136: P1069265 | F136: 0-5亿元 | G136: 小规模 | H136: 协会提示／报送异常 | I136: https://gs.amac.org.cn/amac-infodisc/res/pof/manager/1809041559102185.html | J136: https://gs.amac.org.cn/amac-infodisc/res/pof/fund/1902010925104002.html | K136: 2026-09-15
A137: SGM512 | B137: 殊馥馥源套利1号 | C137: 上海殊馥投资 | D137: 上海殊馥投资管理有限公司 | E137: P1029642 | F137: 10-20亿元 | G137: 大规模 | H137: 协会提示／报送异常 | I137: https://gs.amac.org.cn/amac-infodisc/res/pof/manager/101000042776.html | J137: https://gs.amac.org.cn/amac-infodisc/res/pof/fund/1905151920101338.html | K137: 2026-09-15
A138: SLA063 | B138: 杉阳云杉混合1号 | C138: 上海杉阳 | D138: 上海杉阳私募基金管理有限公司 | E138: P1070833 | F138: 0-5亿元 | G138: 小规模 | H138: 本次公示未见相关记录 | I138: https://gs.amac.org.cn/amac-infodisc/res/pof/manager/2001061547104837.html | J138: https://gs.amac.org.cn/amac-infodisc/res/pof/fund/2006011729109166.html | K138: 2026-09-15
A139: SLD523 | B139: 申毅格物22号 | C139: 上海申毅投资 | D139: 上海申毅投资股份有限公司 | E139: P1000404 | F139: 100亿元以上 | G139: 大规模 | H139: 本次公示未见相关记录 | I139: https://gs.amac.org.cn/amac-infodisc/res/pof/manager/101000000870.html | J139: https://gs.amac.org.cn/amac-infodisc/res/pof/fund/2007131911107433.html | K139: 2026-09-15
A140: SLN352 | B140: 鹿秀驯鹿5号 | C140: 青岛鹿秀投资 | D140: 青岛鹿秀投资管理有限公司 | E140: P1064617 | F140: 50-100亿元 | G140: 大规模 | H140: 协会提示／报送异常 | I140: https://gs.amac.org.cn/amac-infodisc/res/pof/manager/1612231708101923.html | J140: https://gs.amac.org.cn/amac-infodisc/res/pof/fund/2008311029109749.html | K140: 2026-09-15
A141: SNK594 | B141: 鹿秀驯鹿10号 | C141: 青岛鹿秀投资 | D141: 青岛鹿秀投资管理有限公司 | E141: P1064617 | F141: 50-100亿元 | G141: 大规模 | H141: 协会提示／报送异常 | I141: https://gs.amac.org.cn/amac-infodisc/res/pof/manager/1612231708101923.html | J141: https://gs.amac.org.cn/amac-infodisc/res/pof/fund/2012081718105854.html | K141: 2026-09-15
A142: SQD546 | B142: 九招真格量化套利一号 | C142: 武汉九招 | D142: 武汉九招私募基金管理有限公司 | E142: P1074391 | F142: 5-10亿元 | G142: 大规模 | H142: 监管警示函 | I142: https://gs.amac.org.cn/amac-infodisc/res/pof/manager/2301051740101642.html | J142: https://gs.amac.org.cn/amac-infodisc/res/pof/fund/2103231905105915.html | K142: 2026-09-15
... A145: SQW105 | B145: 巨博华多元策略1号 | C145: 深圳巨博华 | D145: 深圳市巨博华私募证券基金管理有限公司 | E145: P1016497 | F145: 0-5亿元 | G145: 小规模 | H145: 本次公示未见相关记录 | I145: https://gs.amac.org.cn/amac-infodisc/res/pof/manager/101000024658.html | J145: https://gs.amac.org.cn/amac-infodisc/res/pof/fund/2107201820100745.html | K145: 2026-09-15
A146: LA063A | B146: 杉阳云杉混合1号A类 | C146: 上海杉阳 | D146: 上海杉阳私募基金管理有限公司 上海杉阳私募基金管理有限公司 | E146: P1070833 | F146: 0-5亿元 | G146: 小规模 | H146: 本次公示未见相关记录 | I146: https://gs.amac.org.cn/amac-infodisc/res/pof/manager/2001061547104837.html | K146: 2026-09-15
A147: STD929 | B147: 嘉和传承精研二期 | C147: 上海嘉和传承 | D147: 上海嘉和传承私募基金管理有限公司 | E147: P1074030 | F147: 5-10亿元 | G147: 大规模 | H147: 本次公示未见相关记录 | I147: https://gs.amac.org.cn/amac-infodisc/res/pof/manager/2203031405108672.html | J147: https://gs.amac.org.cn/amac-infodisc/res/pof/fund/2112091906107607.html | K147: 2026-09-15
A148: STK755 | B148: 呈瑞复合策略1号 | C148: 上海呈瑞投资 | D148: 上海呈瑞投资管理有限公司 | E148: P1001067 | F148: 50-100亿元 | G148: 大规模 | H148: 监管责令改正 | I148: https://gs.amac.org.cn/amac-infodisc/res/pof/manager/101000000860.html | J148: https://gs.amac.org.cn/amac-infodisc/res/pof/fund/2112281829100961.html | K148: 2026-09-15
A149: STS460 | B149: 晨翰6号 | C149: 晋江晨翰 | D149: 晋江市晨翰私募基金管理有限公司 | E149: P1072342 | F149: 5-10亿元 | G149: 大规模 | H149: 本次公示未见相关记录 | I149: https://gs.amac.org.cn/amac-infodisc/res/pof/manager/2002211754119480.html | J149: https://gs.amac.org.cn/amac-infodisc/res/pof/fund/2201191737119713.html | K149: 2026-09-15
A150: EE891A | B150: 博普量化对冲6号A类 | C150: 深圳前海博普资管 | D150: 深圳前海博普资产管理有限公司 深圳前海博普资产管理有限公司 | E150: P1067653 | F150: 50-100亿元 | G150: 大规模 | H150: 本次公示未见相关记录 | I150: https://gs.amac.org.cn/amac-infodisc/res/pof/manager/1709041706102598.html | K150: 2026-09-15
A151: SXJ965 | B151: 兆祥祥瑞套利1号 | C151: 青岛兆祥资管 | D151: 青岛兆祥资产管理有限公司 | E151: P1015705 | F151: 5-10亿元 | G151: 大规模 | H151: 本次公示未见相关记录 | I151: https://gs.amac.org.cn/amac-infodisc/res/pof/manager/101000018153.html | J151: https://gs.amac.org.cn/amac-infodisc/res/pof/fund/2209231805113020.html | K151: 2026-09-15
A152: SXK740 | B152: 中益仁东染千顷 | C152: 日照中益仁 | D152: 日照中益仁私募基金管理有限公司 | E152: P1069942 | F152: 10-20亿元 | G152: 大规模 | H152: 本次公示未见相关记录 | I152: https://gs.amac.org.cn/amac-infodisc/res/pof/manager/1708291806108811.html | J152: https://gs.amac.org.cn/amac-infodisc/res/pof/fund/2209291849101854.html | K152: 2026-09-15
A153: SXK867 | B153: 华实行远1号 | C153: 青岛华实 | D153: 青岛华实私募基金管理有限公司 | E153: P1067681 | F153: 0-5亿元 | G153: 小规模 | H153: 协会提示／报送异常 | I153: https://gs.amac.org.cn/amac-infodisc/res/pof/manager/1706261652108175.html | J153: https://gs.amac.org.cn/amac-infodisc/res/pof/fund/2210191004108436.html | K153: 2026-09-15
A154: SXT086 | B154: 系数CTA套利五号 | C154: 上海系数投资 | D154: 上海系数投资管理合伙企业（有限合伙） | E154: P1002468 | F154: 0-5亿元 | G154: 小规模 | H154: 本次公示未见相关记录 | I154: https://gs.amac.org.cn/amac-infodisc/res/pof/manager/101000000497.html | J154: https://gs.amac.org.cn/amac-infodisc/res/pof/fund/2211221840100768.html | K154: 2026-09-15
A155: SXT731 | B155: 世宽若水尘心1号 | C155: 厦门世宽 | D155: 厦门世宽私募基金管理有限公司 | E155: P1022452 | F155: 0-5亿元 | G155: 小规模 | H155: 本次公示未见相关记录 | I155: https://gs.amac.org.cn/amac-infodisc/res/pof/manager/101000026000.html | J155: https://gs.amac.org.cn/amac-infodisc/res/pof/fund/2211231146106175.html | K155: 2026-09-15
A156: SXT730 | B156: 世宽若水尘心3号 | C156: 厦门世宽 | D156: 厦门世宽私募基金管理有限公司 | E156: P1022452 | F156: 0-5亿元 | G156: 小规模 | H156: 本次公示未见相关记录 | I156: https://gs.amac.org.cn/amac-infodisc/res/pof/manager/101000026000.html | J156: https://gs.amac.org.cn/amac-infodisc/res/pof/fund/2211252020100971.html | K156: 2026-09-15
A157: CU913A | B157: 泓倍商品相对价值1号A类 | C157: 上海泓倍投资 | D157: 上海泓倍资产管理中心（有限合伙） 上海泓倍资产管理中心（有限合伙） | E157: P1003437 | F157: 0-5亿元 | G157: 小规模 | H157: 协会提示／报送异常 | I157: https://gs.amac.org.cn/amac-infodisc/res/pof/manager/101000004914.html | K157: 2026-09-15
A158: SB4100 | B158: 珞瑜阳明1号 | C158: 深圳珞瑜 | D158: 深圳市珞瑜私募证券基金管理有限公司 | E158: P1022508 | F158: 0-5亿元 | G158: 小规模 | H158: 本次公示未见相关记录 | I158: https://gs.amac.org.cn/amac-infodisc/res/pof/manager/101000029973.html | J158: https://gs.amac.org.cn/amac-infodisc/res/pof/fund/2307071815100231.html | K158: 2026-09-15
A159: SB7615 | B159: 乾元光辉岁月稳进32号 | C159: 深圳乾元资始 | D159: 深圳乾元资始私募证券基金管理有限公司 | E159: P1020814 | F159: 5-10亿元 | G159: 大规模 | H159: 协会提示／报送异常 | I159: https://gs.amac.org.cn/amac-infodisc/res/pof/manager/101000031013.html | J159: https://gs.amac.org.cn/amac-infodisc/res/pof/fund/2308021605101279.html | K159: 2026-09-15
A160: SAHS76 | B160: 博普安兴私享一号 | C160: 深圳前海博普资管 | D160: 深圳前海博普资产管理有限公司 | E160: P1067653 | F160: 50-100亿元 | G160: 大规模 | H160: 本次公示未见相关记录 | I160: https://gs.amac.org.cn/amac-infodisc/res/pof/manager/1709041706102598.html | J160: https://gs.amac.org.cn/amac-infodisc/res/pof/fund/2403271438103539.html | K160: 2026-09-15
A161: JW903A | B161: 博普日添月益A类 | C161: 深圳前海博普资管 | D161: 深圳前海博普资产管理有限公司 深圳前海博普资产管理有限公司 | E161: P1067653 | F161: 50-100亿元 | G161: 大规模 | H161: 本次公示未见相关记录 | I161: https://gs.amac.org.cn/amac-infodisc/res/pof/manager/1709041706102598.html | K161: 2026-09-15
A162: SAQK03 | B162: 毅远稳健套利16号 | C162: 上海毅远 | D162: 上海毅远私募基金管理有限公司 | E162: P1073858 | F162: 10-20亿元 | G162: 大规模 | H162: 本次公示未见相关记录 | I162: https://gs.amac.org.cn/amac-infodisc/res/pof/manager/2112091706105909.html | J162: https://gs.amac.org.cn/amac-infodisc/res/pof/fund/2411251941105797.html | K162: 2026-09-15
A163: SARF55 | B163: 滨风屹禾7号 | C163: 鹰潭滨风投资 | D163: 鹰潭滨风投资管理有限公司 | E163: P1067981 | F163: 5-10亿元 | G163: 大规模 | H163: 本次公示未见相关记录 | I163: https://gs.amac.org.cn/amac-infodisc/res/pof/manager/1801301704109241.html | J163: https://gs.amac.org.cn/amac-infodisc/res/pof/fund/2412191843105843.html | K163: 2026-09-15
A164: SATE65 | B164: 阶石稳健1号 | C164: 深圳阶石 | D164: 深圳阶石私募证券基金管理有限公司 | E164: P1069896 | F164: 10-20亿元 | G164: 大规模 | H164: 协会提示／报送异常 | I164: https://gs.amac.org.cn/amac-infodisc/res/pof/manager/1903261812109866.html | J164: https://gs.amac.org.cn/amac-infodisc/res/pof/fund/2502121708108102.html | K164: 2026-09-15
...

Sheet 最新大规模策略池
A1: 序号 | B1: 产品名称 | C1: 备案号 | D1: 管理人 | E1: 管理规模区间 | F1: 严格总分 | G1: 可比总分 | H1: 有效权重 | I1: 协会风险标记 | J1: 规模来源 | K1: 管理人公示URL
A2: 1 | B2: 阶石稳健1号 | C2: SATE65 | D2: 深圳阶石 | E2: 10-20亿元 | G2: 93.68 | H2: 0.856 | I2: 协会提示／报送异常 | J2: 协会公示区间 | K2: https://gs.amac.org.cn/amac-infodisc/res/pof/manager/1903261812109866.html
A3: 2 | B3: 惠隆金选套利1号 | C3: SQG026 | D3: 北京惠隆资管 | E3: 10-20亿元 | G3: 93.62 | H3: 0.88 | I3: 协会提示／报送异常 | J3: 协会公示区间 | K3: https://gs.amac.org.cn/amac-infodisc/res/pof/manager/1705031716108118.html
A4: 3 | B4: 九招真格量化套利一号B类 | C4: QD546B | D4: 武汉九招 | E4: 5-10亿元 | G4: 93.27 | H4: 0.655 | I4: 监管警示函 | J4: 协会公示区间 | K4: https://gs.amac.org.cn/amac-infodisc/res/pof/manager/2301051740101642.html
A5: 4 | B5: 惠隆金选套利1号B类 | C5: QG026B | D5: 北京惠隆资管 | E5: 10-20亿元 | G5: 93.27 | H5: 0.835 | I5: 协会提示／报送异常 | J5: 协会公示区间 | K5: https://gs.amac.org.cn/amac-infodisc/res/pof/manager/1705031716108118.html
A6: 5 | B6: 智领泽临套利三号 | C6: SATL73 | D6: 福州智领三联 | E6: 20-50亿元 | G6: 92.15 | H6: 0.7 | I6: 协会提示／报送异常 | J6: 协会公示区间 | K6: https://gs.amac.org.cn/amac-infodisc/res/pof/manager/101000074295.html
A7: 6 | B7: 殊馥馥源套利6号 | C7: SXA180 | D7: 上海殊馥投资 | E7: 10-20亿元 | G7: 92 | H7: 0.15 | I7: 协会提示／报送异常 | J7: 协会公示区间 | K7: https://gs.amac.org.cn/amac-infodisc/res/pof/manager/101000042776.html
A8: 7 | B8: 裕锦量化专享1号 | C8: SNE165 | D8: 深圳裕锦 | E8: 10-20亿元 | F8: 91.43204 | G8: 91.43 | H8: 1 | I8: 协会提示／报送异常 | J8: 协会公示区间 | K8: https://gs.amac.org.cn/amac-infodisc/res/pof/manager/2003241828108999.html
A9: 8 | B9: 量客投资金选套利1号 | C9: SNH457 | D9: 上海量客 | E9: 50-100亿元 | F9: 90.48963 | G9: 90.49 | H9: 1 | I9: 本次公示未见相关记录 | J9: 协会公示区间 | K9: https://gs.amac.org.cn/amac-infodisc/res/pof/manager/101000000790.html
A10: 9 | B10: 摩旗ETF套利1号 | C10: STR466 | D10: 上海摩旗投资 | E10: 10-20亿元 | G10: 89.74 | H10: 0.88 | I10: 本次公示未见相关记录 | J10: 协会公示区间 | K10: https://gs.amac.org.cn/amac-infodisc/res/pof/manager/101000000297.html
A11: 10 | B11: 智领泽临套利六号 | C11: SAYU23 | D11: 福州智领三联 | E11: 20-50亿元 | G11: 88.79 | H11: 0.174 | I11: 协会提示／报送异常 | J11: 协会公示区间 | K11: https://gs.amac.org.cn/amac-infodisc/res/pof/manager/101000074295.html
A12: 11 | B12: 岳鑫遥4号 | C12: SXT179 | D12: 北京岳鑫遥 | E12: 5-10亿元 | G12: 88 | H12: 0.15 | I12: 协会提示／报送异常 | J12: 协会公示区间 | K12: https://gs.amac.org.cn/amac-infodisc/res/pof/manager/2207041830121644.html
A13: 12 | B13: 灵涛卧龙 | C13: SEU753 | D13: 灵涛基金 | E13: 5-10亿元 | G13: 88 | H13: 0.15 | I13: 协会提示／报送异常 | J13: 协会公示区间 | K13: https://gs.amac.org.cn/amac-infodisc/res/pof/manager/101000034805.html
A14: 13 | B14: 兆祥祥瑞套利1号 | C14: SXJ965 | D14: 青岛兆祥资管 | E14: 5-10亿元 | G14: 88 | H14: 0.15 | I14: 本次公示未见相关记录 | J14: 协会公示区间 | K14: https://gs.amac.org.cn/amac-infodisc/res/pof/manager/101000018153.html
A15: 14 | B15: 乾元光辉岁月稳进32号 | C15: SB7615 | D15: 深圳乾元资始 | E15: 5-10亿元 | G15: 88 | H15: 0.15 | I15: 协会提示／报送异常 | J15: 协会公示区间 | K15: https://gs.amac.org.cn/amac-infodisc/res/pof/manager/101000031013.html
A16: 15 | B16: 阶石稳健9号 | C16: SAZW60 | D16: 深圳阶石 | E16: 10-20亿元 | G16: 87.84 | H16: 0.724 | I16: 协会提示／报送异常 | J16: 协会公示区间 | K16: https://gs.amac.org.cn/amac-infodisc/res/pof/manager/1903261812109866.html
A17: 16 | B17: 爱凡哲九号 | C17: SJA112 | D17: 爱凡哲投资 | E17: 20-50亿元 | F17: 87.41979 | G17: 87.42 | H17: 1 | I17: 本次公示未见相关记录 | J17: 协会公示区间 | K17: https://gs.amac.org.cn/amac-infodisc/res/pof/manager/1709181131101311.html
A18: 17 | B18: 巨量边界ETF对冲1号B类 | C18: AGT43B | D18: 北京巨量边界 | E18: 20-50亿元 | G18: 87.4 | H18: 0.655 | I18: 协会提示／报送异常 | J18: 协会公示区间 | K18: https://gs.amac.org.cn/amac-infodisc/res/pof/manager/2107271706122405.html
A19: 18 | B19: 博普安兴私享一号 | C19: SAHS76 | D19: 深圳前海博普资管 | E19: 50-100亿元 | G19: 87 | H19: 0.15 | I19: 本次公示未见相关记录 | J19: 协会公示区间 | K19: https://gs.amac.org.cn/amac-infodisc/res/pof/manager/1709041706102598.html
A20: 19 | B20: 平凡凡响二号 | C20: SZU727 | D20: 北京平凡 | E20: 50-100亿元 | F20: 86.98485 | G20: 86.98 | H20: 1 | I20: 本次公示未见相关记录 | J20: 协会公示区间 | K20: https://gs.amac.org.cn/amac-infodisc/res/pof/manager/101000030286.html
A21: 20 | B21: 奶酪鑫鑫宝二号 | C21: SB2838 | D21: 广东奶酪 | E21: 10-20亿元 | G21: 86.96 | H21: 0.7 | I21: 本次公示未见相关记录 | J21: 协会公示区间 | K21: https://gs.amac.org.cn/amac-infodisc/res/pof/manager/101000045017.html
A22: 21 | B22: 鹿秀统计套利1号 | C22: SJJ138 | D22: 青岛鹿秀投资 | E22: 50-100亿元 | F22: 86.25875 | G22: 86.26 | H22: 1 | I22: 协会提示／报送异常 | J22: 协会公示区间 | K22: https://gs.amac.org.cn/amac-infodisc/res/pof/manager/1612231708101923.html
A23: 22 | B23: 英旷专享2号 | C23: SAKV28 | D23: 上海英旷资管 | E23: 10-20亿元 | G23: 86.12 | H23: 0.7 | I23: 本次公示未见相关记录 | J23: 协会公示区间 | K23: https://gs.amac.org.cn/amac-infodisc/res/pof/manager/2009261701109105.html
A24: 23 | B24: 英旷专享2号A类 | C24: AKV28A | D24: 上海英旷资管 | E24: 10-20亿元 | G24: 85.69 | H24: 0.655 | I24: 本次公示未见相关记录 | J24: 协会公示区间 | K24: https://gs.amac.org.cn/amac-infodisc/res/pof/manager/2009261701109105.html
A25: 24 | B25: 江岳联接54期 | C25: SZJ846 | D25: 西安江岳 | E25: 10-20亿元 | F25: 85.2886 | G25: 85.29 | H25: 1 | I25: 本次公示未见相关记录 | J25: 协会公示区间 | K25: https://gs.amac.org.cn/amac-infodisc/res/pof/manager/1703241729101117.html
A26: 25 | B26: 九招真格量化套利一号 | C26: SQD546 | D26: 武汉九招 | E26: 5-10亿元 | F26: 85.06663 | G26: 85.07 | H26: 1 | I26: 监管警示函 | J26: 协会公示区间 | K26: https://gs.amac.org.cn/amac-infodisc/res/pof/manager/2301051740101642.html
A27: 26 | B27: 平凡浩睿 | C27: SJS890 | D27: 北京平凡 | E27: 50-100亿元 | F27: 85.02428 | G27: 85.02 | H27: 1 | I27: 本次公示未见相关记录 | J27: 协会公示区间 | K27: https://gs.amac.org.cn/amac-infodisc/res/pof/manager/101000030286.html
A28: 27 | B28: 慕途稳健2号 | C28: SXW938 | D28: 慕途基金 | E28: 10-20亿元 | G28: 84.63 | H28: 0.856 | I28: 本次公示未见相关记录 | J28: 协会公示区间 | K28: https://gs.amac.org.cn/amac-infodisc/res/pof/manager/2106221238106983.html
A29: 28 | B29: 殊馥馥源套利1号B类 | C29: GM512B | D29: 上海殊馥投资 | E29: 10-20亿元 | G29: 83.41 | H29: 0.655 | I29: 协会提示／报送异常 | J29: 协会公示区间 | K29: https://gs.amac.org.cn/amac-infodisc/res/pof/manager/101000042776.html
A30: 29 | B30: 奶酪平价套利稳健一号 | C30: SAAS17 | D30: 广东奶酪 | E30: 10-20亿元 | F30: 83.2843 | G30: 83.28 | H30: 1 | I30: 本次公示未见相关记录 | J30: 协会公示区间 | K30: https://gs.amac.org.cn/amac-infodisc/res/pof/manager/101000045017.html
A31: 30 | B31: 兆祥祥瑞套利1号B类 | C31: XJ965B | D31: 青岛兆祥资管 | E31: 5-10亿元 | G31: 82.86 | H31: 0.105 | I31: 本次公示未见相关记录 | J31: 协会公示区间 | K31: https://gs.amac.org.cn/amac-infodisc/res/pof/manager/101000018153.html
A32: 31 | B32: 慕途商品套利1号 | C32: SAHX36 | D32: 慕途基金 | E32: 10-20亿元 | G32: 82.57 | H32: 0.7 | I32: 本次公示未见相关记录 | J32: 协会公示区间 | K32: https://gs.amac.org.cn/amac-infodisc/res/pof/manager/2106221238106983.html
A33: 32 | B33: 鸣熙资产-招享套利1号 | C33: SJZ381 | D33: 鸣熙资本 | E33: 100亿元以上 | G33: 82.03 | H33: 0.856 | I33: 本次公示未见相关记录 | J33: 协会公示区间 | K33: https://gs.amac.org.cn/amac-infodisc/res/pof/manager/101000039347.html
A34: 33 | B34: 博润小牛3号 | C34: STV728 | D34: 北京博润银泰投资 | E34: 100亿元以上 | F34: 81.99846 | G34: 82 | H34: 1 | I34: 本次公示未见相关记录 | J34: 协会公示区间 | K34: https://gs.amac.org.cn/amac-infodisc/res/pof/manager/101000005082.html
A35: 34 | B35: 博普安兴私享一号A类 | C35: AHS76A | D35: 深圳前海博普资管 | E35: 50-100亿元 | G35: 81.43 | H35: 0.105 | I35: 本次公示未见相关记录 | J35: 协会公示区间 | K35: https://gs.amac.org.cn/amac-infodisc/res/pof/manager/1709041706102598.html
A36: 35 | B36: 博普安兴私享一号B类 | C36: AHS76B | D36: 深圳前海博普资管 | E36: 50-100亿元 | G36: 81 | H36: 0.655 | I36: 本次公示未见相关记录 | J36: 协会公示区间 | K36: https://gs.amac.org.cn/amac-infodisc/res/pof/manager/1709041706102598.html
A37: 36 | B37: 殊馥兴义7号 | C37: SXT610 | D37: 上海殊馥投资 | E37: 10-20亿元 | G37: 80.99 | H37: 0.88 | I37: 协会提示／报送异常 | J37: 协会公示区间 | K37: https://gs.amac.org.cn/amac-infodisc/res/pof/manager/101000042776.html
A38: 37 | B38: 博普安兴私享一号C类 | C38: AHS76C | D38: 深圳前海博普资管 | E38: 50-100亿元 | G38: 80.54 | H38: 0.655 | I38: 本次公示未见相关记录 | J38: 协会公示区间 | K38: https://gs.amac.org.cn/amac-infodisc/res/pof/manager/1709041706102598.html
A39: 38 | B39: 鋆晟狮王套利 | C39: SGS754 | D39: 上海鋆晟投资 | E39: 5-10亿元 | F39: 80.53384 | G39: 80.53 | H39: 1 | I39: 本次公示未见相关记录 | J39: 协会公示区间 | K39: https://gs.amac.org.cn/amac-infodisc/res/pof/manager/101000039679.html
A40: 39 | B40: 中益仁梅香千寒A类 | C40: BAF26A | D40: 日照中益仁 | E40: 10-20亿元 | G40: 80.23 | H40: 0.129 | I40: 本次公示未见相关记录 | J40: 协会公示区间 | K40: https://gs.amac.org.cn/amac-infodisc/res/pof/manager/1708291806108811.html
A41: 40 | B41: 广联宏稳健2号 | C41: SATV20 | D41: 海南广联宏 | E41: 5-10亿元 | G41: 80.2 | H41: 0.7 | I41: 协会提示／报送异常 | J41: 协会公示区间 | K41: https://gs.amac.org.cn/amac-infodisc/res/pof/manager/2109061042100364.html
A42: 41 | B42: 致同稳健成长1期 | C42: SEP459 | D42: 上海致同投资 | E42: 20-50亿元 | G42: 79.82 | H42: 0.88 | I42: 监管警示函 | J42: 协会公示区间 | K42: https://gs.amac.org.cn/amac-infodisc/res/pof/manager/101000004339.html
A43: 42 | B43: 龙帆恒盛稳固9号 | C43: SSX605 | D43: 厦门龙帆资管 | E43: 5-10亿元 | F43: 79.81223 | G43: 79.81 | H43: 1 | I43: 本次公示未见相关记录 | J43: 协会公示区间 | K43: https://gs.amac.org.cn/amac-infodisc/res/pof/manager/1611020850101525.html
A44: 43 | B44: 辰元优选稳健 | C44: SZH690 | D44: 广东辰元 | E44: 20-50亿元 | G44: 79.38 | H44: 0.88 | I44: 本次公示未见相关记录 | J44: 协会公示区间 | K44: https://gs.amac.org.cn/amac-infodisc/res/pof/manager/2209261520106658.html
A45: 44 | B45: 爱凡哲AH多空1号 | C45: SVM785 | D45: 爱凡哲投资 | E45: 20-50亿元 | F45: 79.08964 | G45: 79.09 | H45: 1 | I45: 本次公示未见相关记录 | J45: 协会公示区间 | K45: https://gs.amac.org.cn/amac-infodisc/res/pof/manager/1709181131101311.html
A46: 45 | B46: 平凡悟鑫 | C46: SJ2870 | D46: 北京平凡 | E46: 50-100亿元 | G46: 79 | H46: 0.88 | I46: 本次公示未见相关记录 | J46: 协会公示区间 | K46: https://gs.amac.org.cn/amac-infodisc/res/pof/manager/101000030286.html
A47: 46 | B47: 滨风屹禾7号 | C47: SARF55 | D47: 鹰潭滨风投资 | E47: 5-10亿元 | G47: 79 | H47: 0.15 | I47: 本次公示未见相关记录 | J47: 协会公示区间 | K47: https://gs.amac.org.cn/amac-infodisc/res/pof/manager/1801301704109241.html
A48: 47 | B48: 辰元稳健2号 | C48: SZJ724 | D48: 广东辰元 | E48: 20-50亿元 | F48: 78.66024 | G48: 78.66 | H48: 1 | I48: 本次公示未见相关记录 | J48: 协会公示区间 | K48: https://gs.amac.org.cn/amac-infodisc/res/pof/manager/2209261520106658.html
A49: 48 | B49: 宽辅优享1号 | C49: SAKB02 | D49: 海南宽辅 | E49: 10-20亿元 | G49: 78.32 | H49: 0.7 | I49: 协会提示／报送异常 | J49: 协会公示区间 | K49: https://gs.amac.org.cn/amac-infodisc/res/pof/manager/2302271449102202.html
A50: 49 | B50: 金和和善对冲5号 | C50: SZX748 | D50: 上海金和晟 | E50: 20-50亿元 | G50: 77.29 | H50: 0.88 | I50: 本次公示未见相关记录 | J50: 协会公示区间 | K50: https://gs.amac.org.cn/amac-infodisc/res/pof/manager/2010280957108370.html
A51: 50 | B51: 瑞倍稳聚1号 | C51: SZF089 | D51: 宁波瑞倍 | E51: 10-20亿元 | G51: 76.69 | H51: 0.7 | I51: 本次公示未见相关记录 | J51: 协会公示区间 | K51: https://gs.amac.org.cn/amac-infodisc/res/pof/manager/101000014169.html
A52: 51 | B52: 金和金诚5号 | C52: SVZ035 | D52: 上海金和晟 | E52: 20-50亿元 | G52: 76.51 | H52: 0.88 | I52: 本次公示未见相关记录 | J52: 协会公示区间 | K52: https://gs.amac.org.cn/amac-infodisc/res/pof/manager/2010280957108370.html
A53: 52 | B53: 庄贤亨贞期权对冲 | C53: STW239 | D53: 杭州庄贤投资 | E53: 20-50亿元 | F53: 76.43907 | G53: 76.44 | H53: 1 | I53: 本次公示未见相关记录 | J53: 协会公示区间 | K53: https://gs.amac.org.cn/amac-infodisc/res/pof/manager/1703280912100590.html
A54: 53 | B54: 在赢利贞一号 | C54: SAGE45 | D54: 浙江在赢 | E54: 5-10亿元 | G54: 75.99 | H54: 0.7 | I54: 本次公示未见相关记录 | J54: 协会公示区间 | K54: https://gs.amac.org.cn/amac-infodisc/res/pof/manager/101000009803.html
A55: 54 | B55: 殊馥兴义6号 | C55: SXQ267 | D55: 上海殊馥投资 | E55: 10-20亿元 | G55: 75.77 | H55: 0.88 | I55: 协会提示／报送异常 | J55: 协会公示区间 | K55: https://gs.amac.org.cn/amac-infodisc/res/pof/manager/101000042776.html
A56: 55 | B56: 博普稳增3号A类 | C56: W7191A | D56: 深圳博普科技 | E56: 100亿元以上 | G56: 75.45 | H56: 0.955 | I56: 本次公示未见相关记录 | J56: 协会公示区间 | K56: https://gs.amac.org.cn/amac-infodisc/res/pof/manager/101000001136.html
A57: 56 | B57: 庄贤亨贞期权对冲A类 | C57: TW239A | D57: 杭州庄贤投资 | E57: 20-50亿元 | G57: 75.33 | H57: 0.955 | I57: 本次公示未见相关记录 | J57: 协会公示区间 | K57: https://gs.amac.org.cn/amac-infodisc/res/pof/manager/1703280912100590.html
A58: 57 | B58: 慕途盈川1号 | C58: SAQQ67 | D58: 慕途基金 | E58: 10-20亿元 | G58: 75.15 | H58: 0.7 | I58: 本次公示未见相关记录 | J58: 协会公示区间 | K58: https://gs.amac.org.cn/amac-infodisc/res/pof/manager/2106221238106983.html
A59: 58 | B59: 殊馥兴义2号 | C59: SGH592 | D59: 上海殊馥投资 | E59: 10-20亿元 | G59: 75.12 | H59: 0.88 | I59: 协会提示／报送异常 | J59: 协会公示区间 | K59: https://gs.amac.org.cn/amac-infodisc/res/pof/manager/101000042776.html
A60: 59 | B60: 瑞倍稳聚1号D类 | C60: ZF089D | D60: 宁波瑞倍 | E60: 10-20亿元 | G60: 74.77 | H60: 0.655 | I60: 本次公示未见相关记录 | J60: 协会公示区间 | K60: https://gs.amac.org.cn/amac-infodisc/res/pof/manager/101000014169.html
A61: 60 | B61: 博普稳增3号 | C61: SW7191 | D61: 深圳博普科技 | E61: 100亿元以上 | F61: 74.39078 | G61: 74.39 | H61: 1 | I61: 本次公示未见相关记录 | J61: 协会公示区间 | K61: https://gs.amac.org.cn/amac-infodisc/res/pof/manager/101000001136.html
A62: 61 | B62: 泽盈毅明1号 | C62: STP012 | D62: 青岛泽盈资管 | E62: 10-20亿元 | F62: 74.22994 | G62: 74.23 | H62: 1 | I62: 协会提示／报送异常 | J62: 协会公示区间 | K62: https://gs.amac.org.cn/amac-infodisc/res/pof/manager/1710271352104113.html
A63: 62 | B63: 博普日添月益 | C63: SJW903 | D63: 深圳前海博普资管 | E63: 50-100亿元 | F63: 74.05345 | G63: 74.05 | H63: 1 | I63: 本次公示未见相关记录 | J63: 协会公示区间 | K63: https://gs.amac.org.cn/amac-infodisc/res/pof/manager/1709041706102598.html
A64: 63 | B64: 中益仁东染千顷 | C64: SXK740 | D64: 日照中益仁 | E64: 10-20亿元 | G64: 73.66 | H64: 0.88 | I64: 本次公示未见相关记录 | J64: 协会公示区间 | K64: https://gs.amac.org.cn/amac-infodisc/res/pof/manager/1708291806108811.html
A65: 64 | B65: 橡杉量化套利十号 | C65: SLY435 | D65: 上海橡杉资管 | E65: 5-10亿元 | G65: 73.53 | H65: 0.88 | I65: 本次公示未见相关记录 | J65: 协会公示区间 | K65: https://gs.amac.org.cn/amac-infodisc/res/pof/manager/1609080127100430.html
A66: 65 | B66: 杨湜套利1号 | C66: SB6565 | D66: 上海杨湜投资 | E66: 10-20亿元 | F66: 72.95766 | G66: 72.96 | H66: 1 | I66: 本次公示未见相关记录 | J66: 协会公示区间 | K66: https://gs.amac.org.cn/amac-infodisc/res/pof/manager/101000070776.html
A67: 66 | B67: 博普日添月益A类 | C67: JW903A | D67: 深圳前海博普资管 | E67: 50-100亿元 | G67: 72.92 | H67: 0.955 | I67: 本次公示未见相关记录 | J67: 协会公示区间 | K67: https://gs.amac.org.cn/amac-infodisc/res/pof/manager/1709041706102598.html
A68: 67 | B68: 盛冠达泽众9号 | C68: SAWX37 | D68: 海南盛冠达 | E68: 20-50亿元 | G68: 72.56 | H68: 0.724 | I68: 本次公示未见相关记录 | J68: 协会公示区间 | K68: https://gs.amac.org.cn/amac-infodisc/res/pof/manager/101000001663.html
A69: 68 | B69: 九招真格量化商品套利一号 | C69: STK200 | D69: 武汉九招 | E69: 5-10亿元 | F69: 72.13105 | G69: 72.13 | H69: 1 | I69: 监管警示函 | J69: 协会公示区间 | K69: https://gs.amac.org.cn/amac-infodisc/res/pof/manager/2301051740101642.html
A70: 69 | B70: 致同添利套利多策略三期 | C70: STY632 | D70: 上海致同投资 | E70: 20-50亿元 | G70: 72.12 | H70: 0.88 | I70: 监管警示函 | J70: 协会公示区间 | K70: https://gs.amac.org.cn/amac-infodisc/res/pof/manager/101000004339.html
A71: 70 | B71: 俊丹湾谷二号 | C71: SLQ627 | D71: 上海俊丹 | E71: 10-20亿元 | G71: 72 | H71: 0.88 | I71: 本次公示未见相关记录 | J71: 协会公示区间 | K71: https://gs.amac.org.cn/amac-infodisc/res/pof/manager/1907181104109037.html
A72: 71 | B72: 博益安盈精英1号 | C72: SL9566 | D72: 深圳博益安盈 | E72: 5-10亿元 | G72: 71.96 | H72: 0.88 | I72: 本次公示未见相关记录 | J72: 协会公示区间 | K72: https://gs.amac.org.cn/amac-infodisc/res/pof/manager/101000052138.html
A73: 72 | B73: 致同稳盈对冲 | C73: SS8645 | D73: 上海致同投资 | E73: 20-50亿元 | G73: 71.18 | H73: 0.88 | I73: 监管警示函 | J73: 协会公示区间 | K73: https://gs.amac.org.cn/amac-infodisc/res/pof/manager/101000004339.html
A74: 73 | B74: 盛冠达泽众9号A类 | C74: AWX37A | D74: 海南盛冠达 | E74: 20-50亿元 | G74: 70.84 | H74: 0.679 | I74: 本次公示未见相关记录 | J74: 协会公示区间 | K74: https://gs.amac.org.cn/amac-infodisc/res/pof/manager/101000001663.html
A75: 74 | B75: 致同添利套利多策略三期A类 | C75: TY632A | D75: 上海致同投资 | E75: 20-50亿元 | G75: 70.72 | H75: 0.835 | I75: 监管警示函 | J75: 协会公示区间 | K75: https://gs.amac.org.cn/amac-infodisc/res/pof/manager/101000004339.html
A76: 75 | B76: 慕途基本面量化2号 | C76: SB9576 | D76: 慕途基金 | E76: 10-20亿元 | G76: 70.57 | H76: 0.88 | I76: 本次公示未见相关记录 | J76: 协会公示区间 | K76: https://gs.amac.org.cn/amac-infodisc/res/pof/manager/2106221238106983.html
A77: 76 | B77: 奶酪鑫鑫宝九号 | C77: SACM90 | D77: 广东奶酪 | E77: 10-20亿元 | G77: 70.41 | H77: 0.27 | I77: 本次公示未见相关记录 | J77: 协会公示区间 | K77: https://gs.amac.org.cn/amac-infodisc/res/pof/manager/101000045017.html
A78: 77 | B78: 博益安盈精英1号A类 | C78: L9566A | D78: 深圳博益安盈 | E78: 5-10亿元 | G78: 70.32 | H78: 0.655 | I78: 本次公示未见相关记录 | J78: 协会公示区间 | K78: https://gs.amac.org.cn/amac-infodisc/res/pof/manager/101000052138.html
A79: 78 | B79: 恒如套利三号 | C79: SGQ731 | D79: 上海恒如投资 | E79: 5-10亿元 | F79: 70.11401 | G79: 70.11 | H79: 1 | I79: 协会提示／报送异常 | J79: 协会公示区间 | K79: https://gs.amac.org.cn/amac-infodisc/res/pof/manager/101000001221.html
A80: 79 | B80: 博普跨市场1号A类 | C80: N5169A | D80: 深圳博普科技 | E80: 100亿元以上 | G80: 70.03 | H80: 0.955 | I80: 本次公示未见相关记录 | J80: 协会公示区间 | K80: https://gs.amac.org.cn/amac-infodisc/res/pof/manager/101000001136.html
A81: 80 | B81: 木莲安澜1号A类 | C81: ATL22A | D81: 深圳木莲 | E81: 5-10亿元 | G81: 70 | H81: 0.105 | I81: 协会提示／报送异常 | J81: 协会公示区间 | K81: https://gs.amac.org.cn/amac-infodisc/res/pof/manager/101000023487.html
A82: 81 | B82: 鋆晟衡泰进取1号B类 | C82: B4982B | D82: 上海鋆晟投资 | E82: 5-10亿元 | G82: 70 | H82: 0.105 | I82: 本次公示未见相关记录 | J82: 协会公示区间 | K82: https://gs.amac.org.cn/amac-infodisc/res/pof/manager/101000039679.html
A83: 82 | B83: 致同云峰A | C83: SNB380 | D83: 上海致同投资 | E83: 20-50亿元 | G83: 69.6 | H83: 0.88 | I83: 监管警示函 | J83: 协会公示区间 | K83: https://gs.amac.org.cn/amac-infodisc/res/pof/manager/101000004339.html
A84: 83 | B84: 广联宏丰利1号 | C84: SAGN89 | D84: 海南广联宏 | E84: 5-10亿元 | G84: 69.29 | H84: 0.7 | I84: 协会提示／报送异常 | J84: 协会公示区间 | K84: https://gs.amac.org.cn/amac-infodisc/res/pof/manager/2109061042100364.html
A85: 84 | B85: 巨量边界ETF对冲1号 | C85: SAGT43 | D85: 北京巨量边界 | E85: 20-50亿元 | G85: 69.28 | H85: 0.7 | I85: 协会提示／报送异常 | J85: 协会公示区间 | K85: https://gs.amac.org.cn/amac-infodisc/res/pof/manager/2107271706122405.html
A86: 85 | B86: 慕途基本面量化1号 | C86: SVW787 | D86: 慕途基金 | E86: 10-20亿元 | G86: 69.27 | H86: 0.88 | I86: 本次公示未见相关记录 | J86: 协会公示区间 | K86: https://gs.amac.org.cn/amac-infodisc/res/pof/manager/2106221238106983.html
A87: 86 | B87: 致同云峰AA类 | C87: NB380A | D87: 上海致同投资 | E87: 20-50亿元 | G87: 69.13 | H87: 0.835 | I87: 监管警示函 | J87: 协会公示区间 | K87: https://gs.amac.org.cn/amac-infodisc/res/pof/manager/101000004339.html
A88: 87 | B88: 殊馥馥源套利1号 | C88: SGM512 | D88: 上海殊馥投资 | E88: 10-20亿元 | F88: 69.11573 | G88: 69.12 | H88: 1 | I88: 协会提示／报送异常 | J88: 协会公示区间 | K88: https://gs.amac.org.cn/amac-infodisc/res/pof/manager/101000042776.html
A89: 88 | B89: 博普跨市场1号 | C89: SN5169 | D89: 深圳博普科技 | E89: 100亿元以上 | F89: 68.83605 | G89: 68.84 | H89: 1 | I89: 本次公示未见相关记录 | J89: 协会公示区间 | K89: https://gs.amac.org.cn/amac-infodisc/res/pof/manager/101000001136.html
A90: 89 | B90: 鋆晟衡泰进取1号 | C90: SB4982 | D90: 上海鋆晟投资 | E90: 5-10亿元 | G90: 68.83 | H90: 0.7 | I90: 本次公示未见相关记录 | J90: 协会公示区间 | K90: https://gs.amac.org.cn/amac-infodisc/res/pof/manager/101000039679.html
A91: 90 | B91: 泰创稳增1号 | C91: SZV527 | D91: 北京泰创投资 | E91: 5-10亿元 | F91: 68.35574 | G91: 68.36 | H91: 1 | I91: 本次公示未见相关记录 | J91: 协会公示区间 | K91: https://gs.amac.org.cn/amac-infodisc/res/pof/manager/101000008864.html
